$ File information
$
$	- Created on  : 2-Oct-2026 14:00:48
$	- Created by  : vm19436 (IT106741)
$	- Matlab ver  : 24.2.0.2923080 (R2024b) Update 6
$	- MATRAN ver  : v1.2.0.13
$
$ 
$ ******************************************************************************
$ CORD2R: Defines a rectangular coordinate system using the coordinates of three
$ points.
$[1----][2-------------][3-------------][4-------------][5-------------][6-----]
CORD2R* 102             0               9.25            0.              *
*       0.              9.25            0.              1.              *
*       9.25            1.              0.              
CORD2R* 103             102             17.9            -9.8371443110887*
*       0.              17.9            -9.83714431108871.              *
*       18.9            -9.83714431108870.              
CORD2R* 104             0               0.              0.              *
*       0.              0.              0.              1.              *
*       1.              0.              0.              
$ GRID : Defines the location of a geometric grid point, the directions of its
$ displacement, and its permanent single-point constraints.
$[1----][2-------------][3-------------][4-------------][5-------------][6-----]
GRID*   1001            102             -3.8270212473-166.25            *
*       1.343908729520330                                               
GRID*   1002            102             -3.0616169979-165.              *
*       1.430871336003770                                               
GRID*   1003            102             -2.2962127484-163.75            *
*       1.442568145003320                                               
GRID*   1004            102             -1.5308084989-162.5             *
*       1.400152031118690                                               
GRID*   1005            102             -7.6540424947-171.25            *
*       1.317331254786240                                               
GRID*   1006            102             0.              0.              *
*       1.203016295677450                                               
GRID*   1007            102             7.65404249467-17-1.25           *
*       1.063476829058350                                               
GRID*   1008            102             1.53080849893-16-2.5            *
*       .9029328612973250                                               
GRID*   1009            102             2.2962127484-16 -3.75           *
*       .7238891589237720                                               
GRID*   1010            102             3.06161699787-16-5.             *
*       .5273870193791730                                               
GRID*   1011            102             3.82702124734-16-6.25           *
*       .3131365282016110                                               
GRID*   1012            102             -3.8270212473-166.25            *
*       -1.34390872952030                                               
GRID*   1013            102             -3.0616169979-165.              *
*       -1.43087133600380                                               
GRID*   1014            102             -2.2962127484-163.75            *
*       -1.44256814500330                                               
GRID*   1015            102             -1.5308084989-162.5             *
*       -1.40015203111870                                               
GRID*   1016            102             -7.6540424947-171.25            *
*       -1.31733125478620                                               
GRID*   1017            102             0.              0.              *
*       -1.20301629567740                                               
GRID*   1018            102             7.65404249467-17-1.25           *
*       -1.06347682905830                                               
GRID*   1019            102             1.53080849893-16-2.5            *
*       -0.90293286129730                                               
GRID*   1020            102             2.2962127484-16 -3.75           *
*       -0.72388915892380                                               
GRID*   1021            102             3.06161699787-16-5.             *
*       -0.52738701937920                                               
GRID*   1022            102             3.82702124734-16-6.25           *
*       -0.31313652820160                                               
GRID*   1023            102             -3.8270212473-166.25            *
*       .4479695765067770                                               
GRID*   1024            102             -3.8270212473-166.25            *
*       -0.44796957650680                                               
GRID*   1025            102             3.82702124734-16-6.25           *
*       .10437884273387 0                                               
GRID*   1026            102             3.82702124734-16-6.25           *
*       -0.10437884273390                                               
GRID*   1027            102             .4444444444444445.63873504218135*
*       1.279199532039710                                               
GRID*   1028            102             .4444444444444444.44986153796322*
*       1.3641603282661 0                                               
GRID*   1029            102             .4444444444444443.26098803374508*
*       1.3770281438391 0                                               
GRID*   1030            102             .4444444444444442.07211452952695*
*       1.338193892810090                                               
GRID*   1031            102             .444444444444444.883241025308813*
*       1.260650786530720                                               
GRID*   1032            102             .444444444444444-0.3056324789093*
*       1.152972716916230                                               
GRID*   1033            102             .444444444444444-1.4945059831275*
*       1.021190278319550                                               
GRID*   1034            102             .444444444444445-2.6833794873456*
*       .8693553551594440                                               
GRID*   1035            102             .444444444444445-3.8722529915637*
*       .69990017720993 0                                               
GRID*   1036            102             .444444444444445-5.0611264957819*
*       .5138792226989940                                               
GRID*   1037            102             .444444444444445-6.25           *
*       .3110800294117290                                               
GRID*   1038            102             .4444444444444445.63873504218135*
*       -1.27919953203970                                               
GRID*   1039            102             .4444444444444444.44986153796322*
*       -1.36416032826610                                               
GRID*   1040            102             .4444444444444443.26098803374508*
*       -1.37702814383910                                               
GRID*   1041            102             .4444444444444442.07211452952695*
*       -1.33819389281010                                               
GRID*   1042            102             .444444444444444.883241025308813*
*       -1.26065078653070                                               
GRID*   1043            102             .444444444444444-0.3056324789093*
*       -1.15297271691620                                               
GRID*   1044            102             .444444444444444-1.4945059831275*
*       -1.02119027831950                                               
GRID*   1045            102             .444444444444445-2.6833794873456*
*       -0.86935535515940                                               
GRID*   1046            102             .444444444444445-3.8722529915637*
*       -0.69990017720990                                               
GRID*   1047            102             .444444444444445-5.0611264957819*
*       -0.513879222699 0                                               
GRID*   1048            102             .444444444444445-6.25           *
*       -0.31108002941170                                               
GRID*   1049            102             .4444444444444445.63873504218135*
*       .4263998440132380                                               
GRID*   1050            102             .4444444444444445.63873504218135*
*       -0.42639984401320                                               
GRID*   1051            102             .444444444444445-6.25           *
*       .1036933431372430                                               
GRID*   1052            102             .444444444444445-6.25           *
*       -0.10369334313720                                               
GRID*   1053            102             .8888888888888885.02747008436271*
*       1.214410730832740                                               
GRID*   1054            102             .8888888888888893.89972307592644*
*       1.297393626600020                                               
GRID*   1055            102             .8888888888888892.77197606749017*
*       1.311388070474880                                               
GRID*   1056            102             .8888888888888891.6442290590539 *
*       1.276192174294090                                               
GRID*   1057            102             .888888888888889.516482050617626*
*       1.2039204377462 0                                               
GRID*   1058            102             .888888888888889-0.6112649578186*
*       1.102881761705360                                               
GRID*   1059            102             .888888888888889-1.7390119662549*
*       .9788619052089680                                               
GRID*   1060            102             .888888888888889-2.8667589746912*
*       .8357327655218080                                               
GRID*   1061            102             .888888888888889-3.9945059831275*
*       .67586310632325 0                                               
GRID*   1062            102             .888888888888889-5.1222529915637*
*       .5003172678469020                                               
GRID*   1063            102             .888888888888889-6.25           *
*       .3089567968696740                                               
GRID*   1064            102             .8888888888888885.02747008436271*
*       -1.21441073083270                                               
GRID*   1065            102             .8888888888888893.89972307592644*
*       -1.2973936266   0                                               
GRID*   1066            102             .8888888888888892.77197606749017*
*       -1.31138807047490                                               
GRID*   1067            102             .8888888888888891.6442290590539 *
*       -1.27619217429410                                               
GRID*   1068            102             .888888888888889.516482050617626*
*       -1.20392043774620                                               
GRID*   1069            102             .888888888888889-0.6112649578186*
*       -1.10288176170540                                               
GRID*   1070            102             .888888888888889-1.7390119662549*
*       -0.978861905209 0                                               
GRID*   1071            102             .888888888888889-2.8667589746912*
*       -0.83573276552180                                               
GRID*   1072            102             .888888888888889-3.9945059831275*
*       -0.67586310632320                                               
GRID*   1073            102             .888888888888889-5.1222529915637*
*       -0.50031726784690                                               
GRID*   1074            102             .888888888888889-6.25           *
*       -0.30895679686970                                               
GRID*   1075            102             .8888888888888885.02747008436271*
*       .4048035769442480                                               
GRID*   1076            102             .8888888888888885.02747008436271*
*       -0.40480357694420                                               
GRID*   1077            102             .888888888888889-6.25           *
*       .1029855989565580                                               
GRID*   1078            102             .888888888888889-6.25           *
*       -0.10298559895660                                               
GRID*   1079            102             1.333333333333334.41620512654406*
*       1.149531721634820                                               
GRID*   1080            102             1.333333333333333.34958461388966*
*       1.230571074276290                                               
GRID*   1081            102             1.333333333333332.28296410123525*
*       1.245726541094660                                               
GRID*   1082            102             1.333333333333331.21634358858084*
*       1.214133286001030                                               
GRID*   1083            102             1.33333333333333.149723075926438*
*       1.147128457706740                                               
GRID*   1084            102             1.33333333333333-0.916897436728 *
*       1.052743229132010                                               
GRID*   1085            102             1.33333333333333-1.9835179493824*
*       .93648274261856 0                                               
GRID*   1086            102             1.33333333333333-3.0501384620368*
*       .8020563134749490                                               
GRID*   1087            102             1.33333333333333-4.1167589746912*
*       .6517724266772080                                               
GRID*   1088            102             1.33333333333333-5.1833794873456*
*       .4866920698684230                                               
GRID*   1089            102             1.33333333333333-6.25           *
*       .3067566885435690                                               
GRID*   1090            102             1.333333333333334.41620512654406*
*       -1.14953172163480                                               
GRID*   1091            102             1.333333333333333.34958461388966*
*       -1.23057107427630                                               
GRID*   1092            102             1.333333333333332.28296410123525*
*       -1.24572654109470                                               
GRID*   1093            102             1.333333333333331.21634358858084*
*       -1.214133286001 0                                               
GRID*   1094            102             1.33333333333333.149723075926438*
*       -1.14712845770670                                               
GRID*   1095            102             1.33333333333333-0.916897436728 *
*       -1.052743229132 0                                               
GRID*   1096            102             1.33333333333333-1.9835179493824*
*       -0.93648274261860                                               
GRID*   1097            102             1.33333333333333-3.0501384620368*
*       -0.80205631347490                                               
GRID*   1098            102             1.33333333333333-4.1167589746912*
*       -0.65177242667720                                               
GRID*   1099            102             1.33333333333333-5.1833794873456*
*       -0.48669206986840                                               
GRID*   1100            102             1.33333333333333-6.25           *
*       -0.30675668854360                                               
GRID*   1101            102             1.333333333333334.41620512654406*
*       .3831772405449390                                               
GRID*   1102            102             1.333333333333334.41620512654406*
*       -0.38317724054490                                               
GRID*   1103            102             1.33333333333333-6.25           *
*       .1022522295145230                                               
GRID*   1104            102             1.33333333333333-6.25           *
*       -0.10225222951450                                               
GRID*   1105            102             1.333333333333333.34958461388966*
*       .4101903580920960                                               
GRID*   1106            102             1.333333333333333.34958461388966*
*       -0.41019035809210                                               
GRID*   1107            102             1.333333333333332.28296410123525*
*       .4152421803648860                                               
GRID*   1108            102             1.333333333333332.28296410123525*
*       -0.41524218036490                                               
GRID*   1109            102             1.333333333333331.21634358858084*
*       .4047110953336770                                               
GRID*   1110            102             1.333333333333331.21634358858084*
*       -0.40471109533370                                               
GRID*   1111            102             1.33333333333333.149723075926438*
*       .3823761525689130                                               
GRID*   1112            102             1.33333333333333.149723075926438*
*       -0.38237615256890                                               
GRID*   1113            102             1.33333333333333-0.916897436728 *
*       .3509144097106690                                               
GRID*   1114            102             1.33333333333333-0.916897436728 *
*       -0.35091440971070                                               
GRID*   1115            102             1.33333333333333-1.9835179493824*
*       .3121609142061870                                               
GRID*   1116            102             1.33333333333333-1.9835179493824*
*       -0.31216091420620                                               
GRID*   1117            102             1.33333333333333-3.0501384620368*
*       .26735210449165 0                                               
GRID*   1118            102             1.33333333333333-3.0501384620368*
*       -0.26735210449160                                               
GRID*   1119            102             1.33333333333333-4.1167589746912*
*       .2172574755590690                                               
GRID*   1120            102             1.33333333333333-4.1167589746912*
*       -0.21725747555910                                               
GRID*   1121            102             1.33333333333333-5.1833794873456*
*       .1622306899561410                                               
GRID*   1122            102             1.33333333333333-5.1833794873456*
*       -0.16223068995610                                               
GRID*   1123            102             1.777777777777783.80494016872542*
*       1.084550012098330                                               
GRID*   1124            102             1.777777777777782.79944615185287*
*       1.163694538258810                                               
GRID*   1125            102             1.777777777777781.79395213498033*
*       1.180041542209550                                               
GRID*   1126            102             1.77777777777778.788458118107791*
*       1.151999019776810                                               
GRID*   1127            102             1.77777777777778-0.2170358987648*
*       1.090265412717950                                               
GRID*   1128            102             1.77777777777778-1.2225299156373*
*       1.002545956206090                                               
GRID*   1129            102             1.77777777777778-2.2280239325098*
*       .8940412675519580                                               
GRID*   1130            102             1.77777777777778-3.2335179493824*
*       .7683202987389  0                                               
GRID*   1131            102             1.77777777777778-4.2390119662549*
*       .6276176982971440                                               
GRID*   1132            102             1.77777777777778-5.2445059831275*
*       .4729924110117080                                               
GRID*   1133            102             1.77777777777778-6.25           *
*       .3044680314699220                                               
GRID*   1134            102             1.777777777777783.80494016872542*
*       -1.08455001209830                                               
GRID*   1135            102             1.777777777777782.79944615185287*
*       -1.16369453825880                                               
GRID*   1136            102             1.777777777777781.79395213498033*
*       -1.18004154220960                                               
GRID*   1137            102             1.77777777777778.788458118107791*
*       -1.15199901977680                                               
GRID*   1138            102             1.77777777777778-0.2170358987648*
*       -1.090265412718 0                                               
GRID*   1139            102             1.77777777777778-1.2225299156373*
*       -1.00254595620610                                               
GRID*   1140            102             1.77777777777778-2.2280239325098*
*       -0.894041267552 0                                               
GRID*   1141            102             1.77777777777778-3.2335179493824*
*       -0.76832029873890                                               
GRID*   1142            102             1.77777777777778-4.2390119662549*
*       -0.62761769829710                                               
GRID*   1143            102             1.77777777777778-5.2445059831275*
*       -0.47299241101170                                               
GRID*   1144            102             1.77777777777778-6.25           *
*       -0.30446803146990                                               
GRID*   1145            102             1.777777777777783.80494016872542*
*       .3615166706994430                                               
GRID*   1146            102             1.777777777777783.80494016872542*
*       -0.36151667069940                                               
GRID*   1147            102             1.77777777777778-6.25           *
*       .1014893438233070                                               
GRID*   1148            102             1.77777777777778-6.25           *
*       -0.10148934382330                                               
GRID*   1149            102             2.222222222222223.19367521090677*
*       1.019450814871760                                               
GRID*   1150            102             2.222222222222222.24930768981609*
*       1.096728628847140                                               
GRID*   1151            102             2.222222222222221.30494016872542*
*       1.114305724141260                                               
GRID*   1152            102             2.22222222222222.36057264763474 *
*       1.089764684240410                                               
GRID*   1153            102             2.22222222222222-0.5837948734559*
*       1.033334589812230                                               
GRID*   1154            102             2.22222222222222-1.5281623945466*
*       .9522742006212430                                               
GRID*   1155            102             2.22222222222222-2.4725299156373*
*       .8515246709117870                                               
GRID*   1156            102             2.22222222222222-3.416897436728 *
*       .7345148824987660                                               
GRID*   1157            102             2.22222222222222-4.3612649578186*
*       .6033854521351760                                               
GRID*   1158            102             2.22222222222222-5.3056324789093*
*       .4592068206782030                                               
GRID*   1159            102             2.22222222222222-6.25           *
*       .3020755512769280                                               
GRID*   1160            102             2.222222222222223.19367521090677*
*       -1.01945081487180                                               
GRID*   1161            102             2.222222222222222.24930768981609*
*       -1.09672862884710                                               
GRID*   1162            102             2.222222222222221.30494016872542*
*       -1.11430572414130                                               
GRID*   1163            102             2.22222222222222.36057264763474 *
*       -1.08976468424040                                               
GRID*   1164            102             2.22222222222222-0.5837948734559*
*       -1.03333458981220                                               
GRID*   1165            102             2.22222222222222-1.5281623945466*
*       -0.95227420062120                                               
GRID*   1166            102             2.22222222222222-2.4725299156373*
*       -0.85152467091180                                               
GRID*   1167            102             2.22222222222222-3.416897436728 *
*       -0.73451488249880                                               
GRID*   1168            102             2.22222222222222-4.3612649578186*
*       -0.60338545213520                                               
GRID*   1169            102             2.22222222222222-5.3056324789093*
*       -0.45920682067820                                               
GRID*   1170            102             2.22222222222222-6.25           *
*       -0.30207555127690                                               
GRID*   1171            102             2.222222222222223.19367521090677*
*       .3398169382905870                                               
GRID*   1172            102             2.222222222222223.19367521090677*
*       -0.33981693829060                                               
GRID*   1173            102             2.22222222222222-6.25           *
*       .1006918504256430                                               
GRID*   1174            102             2.22222222222222-6.25           *
*       -0.10069185042560                                               
GRID*   1175            102             2.666666666666672.58241025308812*
*       .9542165482931610                                               
GRID*   1176            102             2.666666666666671.69916922777931*
*       1.029601965612980                                               
GRID*   1177            102             2.66666666666667.8159282024705  *
*       1.048478624146930                                               
GRID*   1178            102             2.66666666666667-0.0673128228383*
*       1.027416897291550                                               
GRID*   1179            102             2.66666666666667-0.9505538481471*
*       .9763152607858350                                               
GRID*   1180            102             2.66666666666667-1.8337948734559*
*       .9019068308704320                                               
GRID*   1181            102             2.66666666666667-2.7170358987647*
*       .8089269038620130                                               
GRID*   1182            102             2.66666666666667-3.6002769240736*
*       .7006226155807120                                               
GRID*   1183            102             2.66666666666667-4.4835179493824*
*       .5790611798118040                                               
GRID*   1184            102             2.66666666666667-5.3667589746912*
*       .4453196400015910                                               
GRID*   1185            102             2.66666666666667-6.25           *
*       .2995600417456  0                                               
GRID*   1186            102             2.666666666666672.58241025308812*
*       -0.95421654829320                                               
GRID*   1187            102             2.666666666666671.69916922777931*
*       -1.029601965613 0                                               
GRID*   1188            102             2.66666666666667.8159282024705  *
*       -1.04847862414690                                               
GRID*   1189            102             2.66666666666667-0.0673128228383*
*       -1.02741689729160                                               
GRID*   1190            102             2.66666666666667-0.9505538481471*
*       -0.97631526078580                                               
GRID*   1191            102             2.66666666666667-1.8337948734559*
*       -0.90190683087040                                               
GRID*   1192            102             2.66666666666667-2.7170358987647*
*       -0.808926903862 0                                               
GRID*   1193            102             2.66666666666667-3.6002769240736*
*       -0.70062261558070                                               
GRID*   1194            102             2.66666666666667-4.4835179493824*
*       -0.57906117981180                                               
GRID*   1195            102             2.66666666666667-5.3667589746912*
*       -0.44531964000160                                               
GRID*   1196            102             2.66666666666667-6.25           *
*       -0.29956004174560                                               
GRID*   1197            102             2.666666666666672.58241025308812*
*       .3180721827643870                                               
GRID*   1198            102             2.666666666666672.58241025308812*
*       -0.31807218276440                                               
GRID*   1199            102             2.66666666666667-6.25           *
*       .0998533472485330                                               
GRID*   1200            102             2.66666666666667-6.25           *
*       -0.09985334724850                                               
GRID*   1201            102             3.111111111111111.97114529526948*
*       .8888213856185070                                               
GRID*   1202            102             3.111111111111111.14903076574253*
*       .9623001540723930                                               
GRID*   1203            102             3.11111111111111.326916236215583*
*       .9825000213446420                                               
GRID*   1204            102             3.11111111111111-0.4951982933114*
*       .9649772448160430                                               
GRID*   1205            102             3.11111111111111-1.3173128228383*
*       .91917569710742 0                                               
GRID*   1206            102             3.11111111111111-2.1394273523653*
*       .85143091433979 0                                               
GRID*   1207            102             3.11111111111111-2.9615418818922*
*       .7662259296788160                                               
GRID*   1208            102             3.11111111111111-3.7836564114192*
*       .6666223015543850                                               
GRID*   1209            102             3.11111111111111-4.6057709409461*
*       .55462953774565 0                                               
GRID*   1210            102             3.11111111111111-5.4278854704731*
*       .4313083033274950                                               
GRID*   1211            102             3.11111111111111-6.25           *
*       .2968990929048510                                               
GRID*   1212            102             3.111111111111111.97114529526948*
*       -0.88882138561850                                               
GRID*   1213            102             3.111111111111111.14903076574253*
*       -0.96230015407240                                               
GRID*   1214            102             3.11111111111111.326916236215583*
*       -0.98250002134460                                               
GRID*   1215            102             3.11111111111111-0.4951982933114*
*       -0.964977244816 0                                               
GRID*   1216            102             3.11111111111111-1.3173128228383*
*       -0.91917569710740                                               
GRID*   1217            102             3.11111111111111-2.1394273523653*
*       -0.85143091433980                                               
GRID*   1218            102             3.11111111111111-2.9615418818922*
*       -0.76622592967880                                               
GRID*   1219            102             3.11111111111111-3.7836564114192*
*       -0.66662230155440                                               
GRID*   1220            102             3.11111111111111-4.6057709409461*
*       -0.55462953774570                                               
GRID*   1221            102             3.11111111111111-5.4278854704731*
*       -0.43130830332750                                               
GRID*   1222            102             3.11111111111111-6.25           *
*       -0.29689909290490                                               
GRID*   1223            102             3.111111111111111.97114529526948*
*       .2962737952061690                                               
GRID*   1224            102             3.111111111111111.97114529526948*
*       -0.29627379520620                                               
GRID*   1225            102             3.11111111111111-6.25           *
*       .0989663643016170                                               
GRID*   1226            102             3.11111111111111-6.25           *
*       -0.09896636430160                                               
GRID*   1227            102             3.555555555555561.35988033745083*
*       .8231820438184690                                               
GRID*   1228            102             3.55555555555556.59889230370575 *
*       .8948117231394910                                               
GRID*   1229            102             3.55555555555556-0.1620957300393*
*       .9162918423645680                                               
GRID*   1230            102             3.55555555555556-0.9230837637844*
*       .9023931247248150                                               
GRID*   1231            102             3.55555555555556-1.6840717975295*
*       .8618788152385030                                               
GRID*   1232            102             3.55555555555556-2.4450598312746*
*       .8008285089967710                                               
GRID*   1233            102             3.55555555555556-3.2060478650197*
*       .7233891976623490                                               
GRID*   1234            102             3.55555555555556-3.9670358987647*
*       .6324976174422960                                               
GRID*   1235            102             3.55555555555556-4.7280239325098*
*       .5300614587124490                                               
GRID*   1236            102             3.55555555555556-5.4890119662549*
*       .41714878984161 0                                               
GRID*   1237            102             3.55555555555556-6.25           *
*       .2940620474269530                                               
GRID*   1238            102             3.555555555555561.35988033745083*
*       -0.82318204381850                                               
GRID*   1239            102             3.55555555555556.59889230370575 *
*       -0.89481172313950                                               
GRID*   1240            102             3.55555555555556-0.1620957300393*
*       -0.91629184236460                                               
GRID*   1241            102             3.55555555555556-0.9230837637844*
*       -0.90239312472480                                               
GRID*   1242            102             3.55555555555556-1.6840717975295*
*       -0.86187881523850                                               
GRID*   1243            102             3.55555555555556-2.4450598312746*
*       -0.80082850899680                                               
GRID*   1244            102             3.55555555555556-3.2060478650197*
*       -0.72338919766230                                               
GRID*   1245            102             3.55555555555556-3.9670358987647*
*       -0.63249761744230                                               
GRID*   1246            102             3.55555555555556-4.7280239325098*
*       -0.53006145871240                                               
GRID*   1247            102             3.55555555555556-5.4890119662549*
*       -0.41714878984160                                               
GRID*   1248            102             3.55555555555556-6.25           *
*       -0.294062047427 0                                               
GRID*   1249            102             3.555555555555561.35988033745083*
*       .2743940146061560                                               
GRID*   1250            102             3.555555555555561.35988033745083*
*       -0.27439401460620                                               
GRID*   1251            102             3.55555555555556-6.25           *
*       .0980206824756510                                               
GRID*   1252            102             3.55555555555556-6.25           *
*       -0.09802068247570                                               
GRID*   1253            102             4.              .748615379632186*
*       .7572334767489830                                               
GRID*   1254            102             4.              .048753841668967*
*       .8271305004297130                                               
GRID*   1255            102             4.              -0.6511076962943*
*       .8498408177967260                                               
GRID*   1256            102             4.              -1.3509692342575*
*       .8395769196905750                                               
GRID*   1257            102             4.              -2.0508307722207*
*       .8044206638510830                                               
GRID*   1258            102             4.              -2.7506923101839*
*       .7500486763433640                                               
GRID*   1259            102             4.              -3.4505538481471*
*       .6803950555607280                                               
GRID*   1260            102             4.              -4.1504153861103*
*       .5982095936195530                                               
GRID*   1261            102             4.              -4.8502769240736*
*       .5053275874211910                                               
GRID*   1262            102             4.              -5.5501384620368*
*       .4028051329053940                                               
GRID*   1263            102             4.              -6.25           *
*       .2910102531655730                                               
GRID*   1264            102             4.              .748615379632186*
*       -0.757233476749 0                                               
GRID*   1265            102             4.              .048753841668967*
*       -0.82713050042970                                               
GRID*   1266            102             4.              -0.6511076962943*
*       -0.84984081779670                                               
GRID*   1267            102             4.              -1.3509692342575*
*       -0.83957691969060                                               
GRID*   1268            102             4.              -2.0508307722207*
*       -0.80442066385110                                               
GRID*   1269            102             4.              -2.7506923101839*
*       -0.75004867634340                                               
GRID*   1270            102             4.              -3.4505538481471*
*       -0.68039505556070                                               
GRID*   1271            102             4.              -4.1504153861103*
*       -0.59820959361960                                               
GRID*   1272            102             4.              -4.8502769240736*
*       -0.50532758742120                                               
GRID*   1273            102             4.              -5.5501384620368*
*       -0.40280513290540                                               
GRID*   1274            102             4.              -6.25           *
*       -0.29101025316560                                               
GRID*   1275            102             4.              .748615379632186*
*       .2524111589163280                                               
GRID*   1276            102             4.              .748615379632186*
*       -0.25241115891630                                               
GRID*   1277            102             4.              -6.25           *
*       .0970034177218580                                               
GRID*   1278            102             4.              -6.25           *
*       -0.09700341772190                                               
GRID*   1279            102             4.              .048753841668967*
*       .2757101668099040                                               
GRID*   1280            102             4.              .048753841668967*
*       -0.27571016680990                                               
GRID*   1281            102             4.              -0.6511076962943*
*       .2832802725989090                                               
GRID*   1282            102             4.              -0.6511076962943*
*       -0.28328027259890                                               
GRID*   1283            102             4.              -1.3509692342575*
*       .2798589732301920                                               
GRID*   1284            102             4.              -1.3509692342575*
*       -0.27985897323020                                               
GRID*   1285            102             4.              -2.0508307722207*
*       .2681402212836950                                               
GRID*   1286            102             4.              -2.0508307722207*
*       -0.26814022128370                                               
GRID*   1287            102             4.              -2.7506923101839*
*       .2500162254477880                                               
GRID*   1288            102             4.              -2.7506923101839*
*       -0.25001622544780                                               
GRID*   1289            102             4.              -3.4505538481471*
*       .2267983518535760                                               
GRID*   1290            102             4.              -3.4505538481471*
*       -0.22679835185360                                               
GRID*   1291            102             4.              -4.1504153861103*
*       .1994031978731840                                               
GRID*   1292            102             4.              -4.1504153861103*
*       -0.19940319787320                                               
GRID*   1293            102             4.              -4.8502769240736*
*       .1684425291403970                                               
GRID*   1294            102             4.              -4.8502769240736*
*       -0.16844252914040                                               
GRID*   1295            102             4.              -5.5501384620368*
*       .1342683776351310                                               
GRID*   1296            102             4.              -5.5501384620368*
*       -0.13426837763510                                               
GRID*   1297            102             4.36666666666667.252655122765136*
*       .6707578190259020                                               
GRID*   1298            102             4.36666666666667-0.3722294922042*
*       .73360123346813 0                                               
GRID*   1299            102             4.36666666666667-0.9971141071736*
*       .7556644128240830                                               
GRID*   1300            102             4.36666666666667-1.6219987221429*
*       .7491859306485090                                               
GRID*   1301            102             4.36666666666667-2.2468833371123*
*       .7210606000885180                                               
GRID*   1302            102             4.36666666666667-2.8717679520816*
*       .6761767902461410                                               
GRID*   1303            102             4.36666666666667-3.496652567051 *
*       .6179287262701210                                               
GRID*   1304            102             4.36666666666667-4.1215371820203*
*       .5487399322972160                                               
GRID*   1305            102             4.36666666666667-4.7464217969897*
*       .4702463228116180                                               
GRID*   1306            102             4.36666666666667-5.371306411959 *
*       .3834615162182940                                               
GRID*   1307            102             4.36666666666667-5.9961910269284*
*       .2888223875758810                                               
GRID*   1308            102             4.36666666666667.252655122765136*
*       -0.67075781902590                                               
GRID*   1309            102             4.36666666666667-0.3722294922042*
*       -0.73360123346810                                               
GRID*   1310            102             4.36666666666667-0.9971141071736*
*       -0.75566441282410                                               
GRID*   1311            102             4.36666666666667-1.6219987221429*
*       -0.74918593064850                                               
GRID*   1312            102             4.36666666666667-2.2468833371123*
*       -0.72106060008850                                               
GRID*   1313            102             4.36666666666667-2.8717679520816*
*       -0.67617679024610                                               
GRID*   1314            102             4.36666666666667-3.496652567051 *
*       -0.61792872627010                                               
GRID*   1315            102             4.36666666666667-4.1215371820203*
*       -0.54873993229720                                               
GRID*   1316            102             4.36666666666667-4.7464217969897*
*       -0.47024632281160                                               
GRID*   1317            102             4.36666666666667-5.371306411959 *
*       -0.38346151621830                                               
GRID*   1318            102             4.36666666666667-5.9961910269284*
*       -0.28882238757590                                               
GRID*   1319            102             4.36666666666667.252655122765136*
*       .2235859396753010                                               
GRID*   1320            102             4.36666666666667.252655122765136*
*       -0.22358593967530                                               
GRID*   1321            102             4.36666666666667-5.9961910269284*
*       .09627412919196 0                                               
GRID*   1322            102             4.36666666666667-5.9961910269284*
*       -0.096274129192 0                                               
GRID*   1323            102             4.73333333333333-0.2433051341019*
*       .5880946232687550                                               
GRID*   1324            102             4.73333333333333-0.7932128260774*
*       .6440684797626180                                               
GRID*   1325            102             4.73333333333333-1.3431205180529*
*       .6655556671104120                                               
GRID*   1326            102             4.73333333333333-1.8930282100283*
*       .66247630906352 0                                               
GRID*   1327            102             4.73333333333333-2.4429359020038*
*       .6409414595411740                                               
GRID*   1328            102             4.73333333333333-2.9928435939793*
*       .60500864066361 0                                               
GRID*   1329            102             4.73333333333333-3.5427512859548*
*       .55756567861264 0                                               
GRID*   1330            102             4.73333333333333-4.0926589779303*
*       .5006789077490280                                               
GRID*   1331            102             4.73333333333333-4.6425666699057*
*       .4358065706668740                                               
GRID*   1332            102             4.73333333333333-5.1924743618812*
*       .36389240201241 0                                               
GRID*   1333            102             4.73333333333333-5.7423820538567*
*       .2854230591348110                                               
GRID*   1334            102             4.73333333333333-0.2433051341019*
*       -0.58809462326880                                               
GRID*   1335            102             4.73333333333333-0.7932128260774*
*       -0.64406847976260                                               
GRID*   1336            102             4.73333333333333-1.3431205180529*
*       -0.66555566711040                                               
GRID*   1337            102             4.73333333333333-1.8930282100283*
*       -0.66247630906350                                               
GRID*   1338            102             4.73333333333333-2.4429359020038*
*       -0.64094145954120                                               
GRID*   1339            102             4.73333333333333-2.9928435939793*
*       -0.60500864066360                                               
GRID*   1340            102             4.73333333333333-3.5427512859548*
*       -0.55756567861260                                               
GRID*   1341            102             4.73333333333333-4.0926589779303*
*       -0.500678907749 0                                               
GRID*   1342            102             4.73333333333333-4.6425666699057*
*       -0.43580657066690                                               
GRID*   1343            102             4.73333333333333-5.1924743618812*
*       -0.36389240201240                                               
GRID*   1344            102             4.73333333333333-5.7423820538567*
*       -0.28542305913480                                               
GRID*   1345            102             4.73333333333333-0.2433051341019*
*       .1960315410895850                                               
GRID*   1346            102             4.73333333333333-0.2433051341019*
*       -0.19603154108960                                               
GRID*   1347            102             4.73333333333333-5.7423820538567*
*       .0951410197116040                                               
GRID*   1348            102             4.73333333333333-5.7423820538567*
*       -0.09514101971160                                               
GRID*   1349            102             4.73333333333333-0.7932128260774*
*       .2146894932542060                                               
GRID*   1350            102             4.73333333333333-0.7932128260774*
*       -0.21468949325420                                               
GRID*   1351            102             4.73333333333333-1.3431205180529*
*       .2218518890368040                                               
GRID*   1352            102             4.73333333333333-1.3431205180529*
*       -0.22185188903680                                               
GRID*   1353            102             4.73333333333333-1.8930282100283*
*       .2208254363545070                                               
GRID*   1354            102             4.73333333333333-1.8930282100283*
*       -0.22082543635450                                               
GRID*   1355            102             4.73333333333333-2.4429359020038*
*       .2136471531803910                                               
GRID*   1356            102             4.73333333333333-2.4429359020038*
*       -0.21364715318040                                               
GRID*   1357            102             4.73333333333333-2.9928435939793*
*       .20166954688787 0                                               
GRID*   1358            102             4.73333333333333-2.9928435939793*
*       -0.20166954688790                                               
GRID*   1359            102             4.73333333333333-3.5427512859548*
*       .1858552262042130                                               
GRID*   1360            102             4.73333333333333-3.5427512859548*
*       -0.18585522620420                                               
GRID*   1361            102             4.73333333333333-4.0926589779303*
*       .1668929692496760                                               
GRID*   1362            102             4.73333333333333-4.0926589779303*
*       -0.16689296924970                                               
GRID*   1363            102             4.73333333333333-4.6425666699057*
*       .1452688568889580                                               
GRID*   1364            102             4.73333333333333-4.6425666699057*
*       -0.145268856889 0                                               
GRID*   1365            102             4.73333333333333-5.1924743618812*
*       .12129746733747 0                                               
GRID*   1366            102             4.73333333333333-5.1924743618812*
*       -0.12129746733750                                               
GRID*   1367            102             5.1             -0.739265390969 *
*       .5092277832952610                                               
GRID*   1368            102             5.1             -1.2141961599506*
*       .5585144202033540                                               
GRID*   1369            102             5.1             -1.6891269289322*
*       .5791509046533390                                               
GRID*   1370            102             5.1             -2.1640576979138*
*       .5793124392576190                                               
GRID*   1371            102             5.1             -2.6389884668954*
*       .5639415459052170                                               
GRID*   1372            102             5.1             -3.113919235877 *
*       .5364320965625750                                               
GRID*   1373            102             5.1             -3.5888500048586*
*       .4991626372303060                                               
GRID*   1374            102             5.1             -4.0637807738402*
*       .4538816989002870                                               
GRID*   1375            102             5.1             -4.5387115428218*
*       .4018523482468530                                               
GRID*   1376            102             5.1             -5.0136423118034*
*       .3439333208151970                                               
GRID*   1377            102             5.1             -5.4885730807851*
*       .2806331441512930                                               
GRID*   1378            102             5.1             -0.739265390969 *
*       -0.50922778329530                                               
GRID*   1379            102             5.1             -1.2141961599506*
*       -0.55851442020340                                               
GRID*   1380            102             5.1             -1.6891269289322*
*       -0.57915090465330                                               
GRID*   1381            102             5.1             -2.1640576979138*
*       -0.57931243925760                                               
GRID*   1382            102             5.1             -2.6389884668954*
*       -0.56394154590520                                               
GRID*   1383            102             5.1             -3.113919235877 *
*       -0.53643209656260                                               
GRID*   1384            102             5.1             -3.5888500048586*
*       -0.49916263723030                                               
GRID*   1385            102             5.1             -4.0637807738402*
*       -0.45388169890030                                               
GRID*   1386            102             5.1             -4.5387115428218*
*       -0.40185234824690                                               
GRID*   1387            102             5.1             -5.0136423118034*
*       -0.34393332081520                                               
GRID*   1388            102             5.1             -5.4885730807851*
*       -0.28063314415130                                               
GRID*   1389            102             5.1             -0.739265390969 *
*       .1697425944317540                                               
GRID*   1390            102             5.1             -0.739265390969 *
*       -0.16974259443180                                               
GRID*   1391            102             5.1             -5.4885730807851*
*       .0935443813837640                                               
GRID*   1392            102             5.1             -5.4885730807851*
*       -0.09354438138380                                               
GRID*   1393            102             5.46666666666667-1.235225647836 *
*       .4341261493440460                                               
GRID*   1394            102             5.46666666666667-1.6351794938238*
*       .4769127453941730                                               
GRID*   1395            102             5.46666666666667-2.0351333398115*
*       .4965656682167640                                               
GRID*   1396            102             5.46666666666667-2.4350871857992*
*       .4995377807601210                                               
GRID*   1397            102             5.46666666666667-2.835041031787 *
*       .4899073554162850                                               
GRID*   1398            102             5.46666666666667-3.2349948777747*
*       .4702421886428470                                               
GRID*   1399            102             5.46666666666667-3.6349487237624*
*       .4424979077464660                                               
GRID*   1400            102             5.46666666666667-4.0349025697502*
*       .4081072611171550                                               
GRID*   1401            102             5.46666666666667-4.4348564157379*
*       .3681284693070320                                               
GRID*   1402            102             5.46666666666667-4.8348102617257*
*       .3233180140991  0                                               
GRID*   1403            102             5.46666666666667-5.2347641077134*
*       .27417458730734 0                                               
GRID*   1404            102             5.46666666666667-1.235225647836 *
*       -0.434126149344 0                                               
GRID*   1405            102             5.46666666666667-1.6351794938238*
*       -0.47691274539420                                               
GRID*   1406            102             5.46666666666667-2.0351333398115*
*       -0.49656566821680                                               
GRID*   1407            102             5.46666666666667-2.4350871857992*
*       -0.49953778076010                                               
GRID*   1408            102             5.46666666666667-2.835041031787 *
*       -0.48990735541630                                               
GRID*   1409            102             5.46666666666667-3.2349948777747*
*       -0.47024218864280                                               
GRID*   1410            102             5.46666666666667-3.6349487237624*
*       -0.44249790774650                                               
GRID*   1411            102             5.46666666666667-4.0349025697502*
*       -0.40810726111720                                               
GRID*   1412            102             5.46666666666667-4.4348564157379*
*       -0.368128469307 0                                               
GRID*   1413            102             5.46666666666667-4.8348102617257*
*       -0.32331801409910                                               
GRID*   1414            102             5.46666666666667-5.2347641077134*
*       -0.27417458730730                                               
GRID*   1415            102             5.46666666666667-1.235225647836 *
*       .1447087164480150                                               
GRID*   1416            102             5.46666666666667-1.235225647836 *
*       -0.144708716448 0                                               
GRID*   1417            102             5.46666666666667-5.2347641077134*
*       .0913915291024470                                               
GRID*   1418            102             5.46666666666667-5.2347641077134*
*       -0.09139152910240                                               
GRID*   1419            102             5.46666666666667-1.6351794938238*
*       .1589709151313910                                               
GRID*   1420            102             5.46666666666667-1.6351794938238*
*       -0.15897091513140                                               
GRID*   1421            102             5.46666666666667-2.0351333398115*
*       .1655218894055880                                               
GRID*   1422            102             5.46666666666667-2.0351333398115*
*       -0.16552188940560                                               
GRID*   1423            102             5.46666666666667-2.4350871857992*
*       .1665125935867070                                               
GRID*   1424            102             5.46666666666667-2.4350871857992*
*       -0.16651259358670                                               
GRID*   1425            102             5.46666666666667-2.835041031787 *
*       .1633024518054280                                               
GRID*   1426            102             5.46666666666667-2.835041031787 *
*       -0.16330245180540                                               
GRID*   1427            102             5.46666666666667-3.2349948777747*
*       .1567473962142820                                               
GRID*   1428            102             5.46666666666667-3.2349948777747*
*       -0.15674739621430                                               
GRID*   1429            102             5.46666666666667-3.6349487237624*
*       .1474993025821550                                               
GRID*   1430            102             5.46666666666667-3.6349487237624*
*       -0.14749930258220                                               
GRID*   1431            102             5.46666666666667-4.0349025697502*
*       .1360357537057180                                               
GRID*   1432            102             5.46666666666667-4.0349025697502*
*       -0.13603575370570                                               
GRID*   1433            102             5.46666666666667-4.4348564157379*
*       .1227094897690110                                               
GRID*   1434            102             5.46666666666667-4.4348564157379*
*       -0.122709489769 0                                               
GRID*   1435            102             5.46666666666667-4.8348102617257*
*       .1077726713663670                                               
GRID*   1436            102             5.46666666666667-4.8348102617257*
*       -0.10777267136640                                               
GRID*   1437            102             5.83333333333333-1.7311859047031*
*       .3627109710875060                                               
GRID*   1438            102             5.83333333333333-2.0561628276969*
*       .3990765992080580                                               
GRID*   1439            102             5.83333333333333-2.3811397506908*
*       .4175351201773990                                               
GRID*   1440            102             5.83333333333333-2.7061166736847*
*       .4230371272036420                                               
GRID*   1441            102             5.83333333333333-3.0310935966785*
*       .41853806427748 0                                               
GRID*   1442            102             5.83333333333333-3.3560705196724*
*       .4061028209109090                                               
GRID*   1443            102             5.83333333333333-3.6810474426663*
*       .3872003892788510                                               
GRID*   1444            102             5.83333333333333-4.0060243656601*
*       .36294961493161 0                                               
GRID*   1445            102             5.83333333333333-4.331001288654 *
*       .3342000266039460                                               
GRID*   1446            102             5.83333333333333-4.6559782116479*
*       .3015892831011790                                               
GRID*   1447            102             5.83333333333333-4.9809551346418*
*       .2655718947300340                                               
GRID*   1448            102             5.83333333333333-1.7311859047031*
*       -0.36271097108750                                               
GRID*   1449            102             5.83333333333333-2.0561628276969*
*       -0.39907659920810                                               
GRID*   1450            102             5.83333333333333-2.3811397506908*
*       -0.41753512017740                                               
GRID*   1451            102             5.83333333333333-2.7061166736847*
*       -0.42303712720360                                               
GRID*   1452            102             5.83333333333333-3.0310935966785*
*       -0.41853806427750                                               
GRID*   1453            102             5.83333333333333-3.3560705196724*
*       -0.40610282091090                                               
GRID*   1454            102             5.83333333333333-3.6810474426663*
*       -0.38720038927890                                               
GRID*   1455            102             5.83333333333333-4.0060243656601*
*       -0.36294961493160                                               
GRID*   1456            102             5.83333333333333-4.331001288654 *
*       -0.33420002660390                                               
GRID*   1457            102             5.83333333333333-4.6559782116479*
*       -0.30158928310120                                               
GRID*   1458            102             5.83333333333333-4.9809551346418*
*       -0.26557189473  0                                               
GRID*   1459            102             5.83333333333333-1.7311859047031*
*       .1209036570291690                                               
GRID*   1460            102             5.83333333333333-1.7311859047031*
*       -0.12090365702920                                               
GRID*   1461            102             5.83333333333333-4.9809551346418*
*       .0885239649100110                                               
GRID*   1462            102             5.83333333333333-4.9809551346418*
*       -0.08852396491  0                                               
GRID*   1463            102             6.2             -2.2271461615701*
*       .2948945233045740                                               
GRID*   1464            102             6.2             -2.4771461615701*
*       .3248520482609770                                               
GRID*   1465            102             6.2             -2.7271461615701*
*       .3418044354554720                                               
GRID*   1466            102             6.2             -2.9771461615701*
*       .3492904433553320                                               
GRID*   1467            102             6.2             -3.2271461615701*
*       .3493236749137880                                               
GRID*   1468            102             6.2             -3.4771461615701*
*       .3433631051122330                                               
GRID*   1469            102             6.2             -3.7271461615701*
*       .3325393164906870                                               
GRID*   1470            102             6.2             -3.9771461615701*
*       .3176109780960940                                               
GRID*   1471            102             6.2             -4.2271461615701*
*       .29922660328936 0                                               
GRID*   1472            102             6.2             -4.4771461615701*
*       .2778666191911180                                               
GRID*   1473            102             6.2             -4.7271461615701*
*       .25391797402706 0                                               
GRID*   1474            102             6.2             -2.2271461615701*
*       -0.29489452330460                                               
GRID*   1475            102             6.2             -2.4771461615701*
*       -0.324852048261 0                                               
GRID*   1476            102             6.2             -2.7271461615701*
*       -0.34180443545550                                               
GRID*   1477            102             6.2             -2.9771461615701*
*       -0.34929044335530                                               
GRID*   1478            102             6.2             -3.2271461615701*
*       -0.34932367491380                                               
GRID*   1479            102             6.2             -3.4771461615701*
*       -0.34336310511220                                               
GRID*   1480            102             6.2             -3.7271461615701*
*       -0.33253931649070                                               
GRID*   1481            102             6.2             -3.9771461615701*
*       -0.31761097809610                                               
GRID*   1482            102             6.2             -4.2271461615701*
*       -0.29922660328940                                               
GRID*   1483            102             6.2             -4.4771461615701*
*       -0.27786661919110                                               
GRID*   1484            102             6.2             -4.7271461615701*
*       -0.25391797402710                                               
GRID*   1485            102             6.2             -2.2271461615701*
*       .0982981744348580                                               
GRID*   1486            102             6.2             -2.2271461615701*
*       -0.09829817443490                                               
GRID*   1487            102             6.2             -4.7271461615701*
*       .0846393246756870                                               
GRID*   1488            102             6.2             -4.7271461615701*
*       -0.08463932467570                                               
GRID*   1489            102             6.2             -2.4771461615701*
*       .1082840160869920                                               
GRID*   1490            102             6.2             -2.4771461615701*
*       -0.108284016087 0                                               
GRID*   1491            102             6.2             -2.7271461615701*
*       .1139348118184910                                               
GRID*   1492            102             6.2             -2.7271461615701*
*       -0.11393481181850                                               
GRID*   1493            102             6.2             -2.9771461615701*
*       .1164301477851110                                               
GRID*   1494            102             6.2             -2.9771461615701*
*       -0.11643014778510                                               
GRID*   1495            102             6.2             -3.2271461615701*
*       .1164412249712630                                               
GRID*   1496            102             6.2             -3.2271461615701*
*       -0.11644122497130                                               
GRID*   1497            102             6.2             -3.4771461615701*
*       .1144543683707440                                               
GRID*   1498            102             6.2             -3.4771461615701*
*       -0.11445436837070                                               
GRID*   1499            102             6.2             -3.7271461615701*
*       .1108464388302290                                               
GRID*   1500            102             6.2             -3.7271461615701*
*       -0.11084643883020                                               
GRID*   1501            102             6.2             -3.9771461615701*
*       .1058703260320310                                               
GRID*   1502            102             6.2             -3.9771461615701*
*       -0.105870326032 0                                               
GRID*   1503            102             6.2             -4.2271461615701*
*       .0997422010964530                                               
GRID*   1504            102             6.2             -4.2271461615701*
*       -0.09974220109650                                               
GRID*   1505            102             6.2             -4.4771461615701*
*       .0926222063970390                                               
GRID*   1506            102             6.2             -4.4771461615701*
*       -0.092622206397 0                                               
GRID*   1507            102             6.42941176470588-2.3673422037175*
*       .2900164460293070                                               
GRID*   1508            102             6.42941176470588-2.6142441645018*
*       .3194784205086260                                               
GRID*   1509            102             6.42941176470588-2.8611461252862*
*       .3361503852191490                                               
GRID*   1510            102             6.42941176470588-3.1080480860705*
*       .3435125613007380                                               
GRID*   1511            102             6.42941176470588-3.3549500468548*
*       .3435452431504090                                               
GRID*   1512            102             6.42941176470588-3.6018520076391*
*       .3376832717214890                                               
GRID*   1513            102             6.42941176470588-3.8487539684234*
*       .32703852771805 0                                               
GRID*   1514            102             6.42941176470588-4.0956559292077*
*       .3123571304584230                                               
GRID*   1515            102             6.42941176470588-4.342557889992 *
*       .2942768657448840                                               
GRID*   1516            102             6.42941176470588-4.5894598507764*
*       .2732702135833020                                               
GRID*   1517            102             6.42941176470588-4.8363618115607*
*       .2497177213909550                                               
GRID*   1518            102             6.42941176470588-2.3673422037175*
*       -0.29001644602930                                               
GRID*   1519            102             6.42941176470588-2.6142441645018*
*       -0.31947842050860                                               
GRID*   1520            102             6.42941176470588-2.8611461252862*
*       -0.33615038521910                                               
GRID*   1521            102             6.42941176470588-3.1080480860705*
*       -0.34351256130070                                               
GRID*   1522            102             6.42941176470588-3.3549500468548*
*       -0.34354524315040                                               
GRID*   1523            102             6.42941176470588-3.6018520076391*
*       -0.33768327172150                                               
GRID*   1524            102             6.42941176470588-3.8487539684234*
*       -0.32703852771810                                               
GRID*   1525            102             6.42941176470588-4.0956559292077*
*       -0.31235713045840                                               
GRID*   1526            102             6.42941176470588-4.342557889992 *
*       -0.29427686574490                                               
GRID*   1527            102             6.42941176470588-4.5894598507764*
*       -0.27327021358330                                               
GRID*   1528            102             6.42941176470588-4.8363618115607*
*       -0.249717721391 0                                               
GRID*   1529            102             6.42941176470588-2.3673422037175*
*       .0966721486764360                                               
GRID*   1530            102             6.42941176470588-2.3673422037175*
*       -0.09667214867640                                               
GRID*   1531            102             6.42941176470588-4.8363618115607*
*       .0832392404636520                                               
GRID*   1532            102             6.42941176470588-4.8363618115607*
*       -0.08323924046370                                               
GRID*   1533            102             6.65882352941177-2.507538245865 *
*       .28516907782287 0                                               
GRID*   1534            102             6.65882352941177-2.7513421674336*
*       .3141386214750920                                               
GRID*   1535            102             6.65882352941177-2.9951460890022*
*       .33053192905157 0                                               
GRID*   1536            102             6.65882352941177-3.2389500105708*
*       .3377710528761  0                                               
GRID*   1537            102             6.65882352941177-3.4827539321395*
*       .33780318847758 0                                               
GRID*   1538            102             6.65882352941177-3.7265578537081*
*       .3320391947127570                                               
GRID*   1539            102             6.65882352941177-3.9703617752767*
*       .3215723681838420                                               
GRID*   1540            102             6.65882352941177-4.2141656968454*
*       .3071363574851380                                               
GRID*   1541            102             6.65882352941177-4.457969618414 *
*       .2893582883937310                                               
GRID*   1542            102             6.65882352941177-4.7017735399826*
*       .2687027438303770                                               
GRID*   1543            102             6.65882352941177-4.9455774615512*
*       .2455439106990880                                               
GRID*   1544            102             6.65882352941177-2.507538245865 *
*       -0.28516907782290                                               
GRID*   1545            102             6.65882352941177-2.7513421674336*
*       -0.31413862147510                                               
GRID*   1546            102             6.65882352941177-2.9951460890022*
*       -0.33053192905160                                               
GRID*   1547            102             6.65882352941177-3.2389500105708*
*       -0.33777105287610                                               
GRID*   1548            102             6.65882352941177-3.4827539321395*
*       -0.33780318847760                                               
GRID*   1549            102             6.65882352941177-3.7265578537081*
*       -0.33203919471280                                               
GRID*   1550            102             6.65882352941177-3.9703617752767*
*       -0.32157236818380                                               
GRID*   1551            102             6.65882352941177-4.2141656968454*
*       -0.30713635748510                                               
GRID*   1552            102             6.65882352941177-4.457969618414 *
*       -0.28935828839370                                               
GRID*   1553            102             6.65882352941177-4.7017735399826*
*       -0.26870274383040                                               
GRID*   1554            102             6.65882352941177-4.9455774615512*
*       -0.24554391069910                                               
GRID*   1555            102             6.65882352941177-2.507538245865 *
*       .09505635927429 0                                               
GRID*   1556            102             6.65882352941177-2.507538245865 *
*       -0.09505635927430                                               
GRID*   1557            102             6.65882352941177-4.9455774615512*
*       .0818479702330290                                               
GRID*   1558            102             6.65882352941177-4.9455774615512*
*       -0.081847970233 0                                               
GRID*   1559            102             6.88823529411765-2.6477342880124*
*       .2803524186852640                                               
GRID*   1560            102             6.88823529411765-2.8884401703653*
*       .3088326511603760                                               
GRID*   1561            102             6.88823529411765-3.1291460527183*
*       .3249490669527350                                               
GRID*   1562            102             6.88823529411765-3.3698519350712*
*       .3320659180814180                                               
GRID*   1563            102             6.88823529411765-3.6105578174241*
*       .3320975108953010                                               
GRID*   1564            102             6.88823529411765-3.8512636997771*
*       .3264308740860360                                               
GRID*   1565            102             6.88823529411765-4.09196958213  *
*       .3161408378880620                                               
GRID*   1566            102             6.88823529411765-4.332675464483 *
*       .3019486591762390                                               
GRID*   1567            102             6.88823529411765-4.5733813468359*
*       .2844708712359020                                               
GRID*   1568            102             6.88823529411765-4.8140872291889*
*       .2641642099323410                                               
GRID*   1569            102             6.88823529411765-5.0547931115418*
*       .24139654195146 0                                               
GRID*   1570            102             6.88823529411765-2.6477342880124*
*       -0.28035241868530                                               
GRID*   1571            102             6.88823529411765-2.8884401703653*
*       -0.30883265116040                                               
GRID*   1572            102             6.88823529411765-3.1291460527183*
*       -0.32494906695270                                               
GRID*   1573            102             6.88823529411765-3.3698519350712*
*       -0.33206591808140                                               
GRID*   1574            102             6.88823529411765-3.6105578174241*
*       -0.33209751089530                                               
GRID*   1575            102             6.88823529411765-3.8512636997771*
*       -0.326430874086 0                                               
GRID*   1576            102             6.88823529411765-4.09196958213  *
*       -0.31614083788810                                               
GRID*   1577            102             6.88823529411765-4.332675464483 *
*       -0.30194865917620                                               
GRID*   1578            102             6.88823529411765-4.5733813468359*
*       -0.28447087123590                                               
GRID*   1579            102             6.88823529411765-4.8140872291889*
*       -0.26416420993230                                               
GRID*   1580            102             6.88823529411765-5.0547931115418*
*       -0.24139654195150                                               
GRID*   1581            102             6.88823529411765-2.6477342880124*
*       .0934508062284210                                               
GRID*   1582            102             6.88823529411765-2.6477342880124*
*       -0.09345080622840                                               
GRID*   1583            102             6.88823529411765-5.0547931115418*
*       .08046551398382 0                                               
GRID*   1584            102             6.88823529411765-5.0547931115418*
*       -0.08046551398380                                               
GRID*   1585            102             6.88823529411765-2.8884401703653*
*       .1029442170534590                                               
GRID*   1586            102             6.88823529411765-2.8884401703653*
*       -0.10294421705350                                               
GRID*   1587            102             6.88823529411765-3.1291460527183*
*       .1083163556509120                                               
GRID*   1588            102             6.88823529411765-3.1291460527183*
*       -0.10831635565090                                               
GRID*   1589            102             6.88823529411765-3.3698519350712*
*       .1106886393604730                                               
GRID*   1590            102             6.88823529411765-3.3698519350712*
*       -0.11068863936050                                               
GRID*   1591            102             6.88823529411765-3.6105578174241*
*       .1106991702984340                                               
GRID*   1592            102             6.88823529411765-3.6105578174241*
*       -0.11069917029840                                               
GRID*   1593            102             6.88823529411765-3.8512636997771*
*       .1088102913620120                                               
GRID*   1594            102             6.88823529411765-3.8512636997771*
*       -0.108810291362 0                                               
GRID*   1595            102             6.88823529411765-4.09196958213  *
*       .1053802792960210                                               
GRID*   1596            102             6.88823529411765-4.09196958213  *
*       -0.105380279296 0                                               
GRID*   1597            102             6.88823529411765-4.332675464483 *
*       .1006495530587460                                               
GRID*   1598            102             6.88823529411765-4.332675464483 *
*       -0.10064955305870                                               
GRID*   1599            102             6.88823529411765-4.5733813468359*
*       .0948236237453010                                               
GRID*   1600            102             6.88823529411765-4.5733813468359*
*       -0.09482362374530                                               
GRID*   1601            102             6.88823529411765-4.8140872291889*
*       .0880547366441140                                               
GRID*   1602            102             6.88823529411765-4.8140872291889*
*       -0.08805473664410                                               
GRID*   1603            102             7.11764705882353-2.7879303301598*
*       .2755664686164870                                               
GRID*   1604            102             7.11764705882353-3.0255381732971*
*       .3035605095644770                                               
GRID*   1605            102             7.11764705882353-3.2631460164343*
*       .3194017989226440                                               
GRID*   1606            102             7.11764705882353-3.5007538595716*
*       .3263971569166910                                               
GRID*   1607            102             7.11764705882353-3.7383617027088*
*       .3264282104035710                                               
GRID*   1608            102             7.11764705882353-3.9759695458461*
*       .3208583098413280                                               
GRID*   1609            102             7.11764705882353-4.2135773889833*
*       .31074393683071 0                                               
GRID*   1610            102             7.11764705882353-4.4511852321206*
*       .2967940355317260                                               
GRID*   1611            102             7.11764705882353-4.6887930752578*
*       .2796146142713950                                               
GRID*   1612            102             7.11764705882353-4.9264009183951*
*       .2596546118891960                                               
GRID*   1613            102             7.11764705882353-5.1640087615324*
*       .2372756151480710                                               
GRID*   1614            102             7.11764705882353-2.7879303301598*
*       -0.27556646861650                                               
GRID*   1615            102             7.11764705882353-3.0255381732971*
*       -0.30356050956450                                               
GRID*   1616            102             7.11764705882353-3.2631460164343*
*       -0.31940179892260                                               
GRID*   1617            102             7.11764705882353-3.5007538595716*
*       -0.32639715691670                                               
GRID*   1618            102             7.11764705882353-3.7383617027088*
*       -0.32642821040360                                               
GRID*   1619            102             7.11764705882353-3.9759695458461*
*       -0.32085830984130                                               
GRID*   1620            102             7.11764705882353-4.2135773889833*
*       -0.31074393683070                                               
GRID*   1621            102             7.11764705882353-4.4511852321206*
*       -0.29679403553170                                               
GRID*   1622            102             7.11764705882353-4.6887930752578*
*       -0.27961461427140                                               
GRID*   1623            102             7.11764705882353-4.9264009183951*
*       -0.25965461188920                                               
GRID*   1624            102             7.11764705882353-5.1640087615324*
*       -0.23727561514810                                               
GRID*   1625            102             7.11764705882353-2.7879303301598*
*       .0918554895388290                                               
GRID*   1626            102             7.11764705882353-2.7879303301598*
*       -0.09185548953880                                               
GRID*   1627            102             7.11764705882353-5.1640087615324*
*       .0790918717160240                                               
GRID*   1628            102             7.11764705882353-5.1640087615324*
*       -0.079091871716 0                                               
GRID*   1629            102             7.34705882352941-2.9281263723072*
*       .27081122761654 0                                               
GRID*   1630            102             7.34705882352941-3.1626361762288*
*       .2983221966873940                                               
GRID*   1631            102             7.34705882352941-3.3971459801504*
*       .3138901249612970                                               
GRID*   1632            102             7.34705882352941-3.6316557840719*
*       .32076476938192 0                                               
GRID*   1633            102             7.34705882352941-3.8661655879935*
*       .32079528700239 0                                               
GRID*   1634            102             7.34705882352941-4.1006753919151*
*       .3153215019786320                                               
GRID*   1635            102             7.34705882352941-4.3351851958366*
*       .3053816650117870                                               
GRID*   1636            102             7.34705882352941-4.5696949997582*
*       .2916724865515980                                               
GRID*   1637            102             7.34705882352941-4.8042048036798*
*       .2747895175002120                                               
GRID*   1638            102             7.34705882352941-5.0387146076013*
*       .2551739497009410                                               
GRID*   1639            102             7.34705882352941-5.2732244115229*
*       .23318113028892 0                                               
GRID*   1640            102             7.34705882352941-2.9281263723072*
*       -0.27081122761650                                               
GRID*   1641            102             7.34705882352941-3.1626361762288*
*       -0.29832219668740                                               
GRID*   1642            102             7.34705882352941-3.3971459801504*
*       -0.31389012496130                                               
GRID*   1643            102             7.34705882352941-3.6316557840719*
*       -0.32076476938190                                               
GRID*   1644            102             7.34705882352941-3.8661655879935*
*       -0.32079528700240                                               
GRID*   1645            102             7.34705882352941-4.1006753919151*
*       -0.31532150197860                                               
GRID*   1646            102             7.34705882352941-4.3351851958366*
*       -0.30538166501180                                               
GRID*   1647            102             7.34705882352941-4.5696949997582*
*       -0.29167248655160                                               
GRID*   1648            102             7.34705882352941-4.8042048036798*
*       -0.27478951750020                                               
GRID*   1649            102             7.34705882352941-5.0387146076013*
*       -0.25517394970090                                               
GRID*   1650            102             7.34705882352941-5.2732244115229*
*       -0.23318113028890                                               
GRID*   1651            102             7.34705882352941-2.9281263723072*
*       .0902704092055130                                               
GRID*   1652            102             7.34705882352941-2.9281263723072*
*       -0.09027040920550                                               
GRID*   1653            102             7.34705882352941-5.2732244115229*
*       .07772704342964 0                                               
GRID*   1654            102             7.34705882352941-5.2732244115229*
*       -0.07772704342960                                               
GRID*   1655            102             7.57647058823529-3.0683224144547*
*       .2660866956854220                                               
GRID*   1656            102             7.57647058823529-3.2997341791605*
*       .2931177125291290                                               
GRID*   1657            102             7.57647058823529-3.5311459438664*
*       .3084140450686940                                               
GRID*   1658            102             7.57647058823529-3.7625577085723*
*       .3151687554771050                                               
GRID*   1659            102             7.57647058823529-3.9939694732782*
*       .31519874069176 0                                               
GRID*   1660            102             7.57647058823529-4.2253812379841*
*       .3098204504979480                                               
GRID*   1661            102             7.57647058823529-4.4567930026899*
*       .3000540224312920                                               
GRID*   1662            102             7.57647058823529-4.6882047673958*
*       .2865840122358560                                               
GRID*   1663            102             7.57647058823529-4.9196165321017*
*       .2699955809223530                                               
GRID*   1664            102             7.57647058823529-5.1510282968076*
*       .2507222233675760                                               
GRID*   1665            102             7.57647058823529-5.3824400615135*
*       .2291130873740090                                               
GRID*   1666            102             7.57647058823529-3.0683224144547*
*       -0.26608669568540                                               
GRID*   1667            102             7.57647058823529-3.2997341791605*
*       -0.29311771252910                                               
GRID*   1668            102             7.57647058823529-3.5311459438664*
*       -0.30841404506870                                               
GRID*   1669            102             7.57647058823529-3.7625577085723*
*       -0.31516875547710                                               
GRID*   1670            102             7.57647058823529-3.9939694732782*
*       -0.31519874069180                                               
GRID*   1671            102             7.57647058823529-4.2253812379841*
*       -0.30982045049790                                               
GRID*   1672            102             7.57647058823529-4.4567930026899*
*       -0.30005402243130                                               
GRID*   1673            102             7.57647058823529-4.6882047673958*
*       -0.28658401223590                                               
GRID*   1674            102             7.57647058823529-4.9196165321017*
*       -0.26999558092240                                               
GRID*   1675            102             7.57647058823529-5.1510282968076*
*       -0.25072222336760                                               
GRID*   1676            102             7.57647058823529-5.3824400615135*
*       -0.229113087374 0                                               
GRID*   1677            102             7.57647058823529-3.0683224144547*
*       .0886955652284740                                               
GRID*   1678            102             7.57647058823529-3.0683224144547*
*       -0.08869556522850                                               
GRID*   1679            102             7.57647058823529-5.3824400615135*
*       .07637102912467 0                                               
GRID*   1680            102             7.57647058823529-5.3824400615135*
*       -0.07637102912470                                               
GRID*   1681            102             7.57647058823529-3.2997341791605*
*       .0977059041763760                                               
GRID*   1682            102             7.57647058823529-3.2997341791605*
*       -0.09770590417640                                               
GRID*   1683            102             7.57647058823529-3.5311459438664*
*       .1028046816895650                                               
GRID*   1684            102             7.57647058823529-3.5311459438664*
*       -0.10280468168960                                               
GRID*   1685            102             7.57647058823529-3.7625577085723*
*       .1050562518257020                                               
GRID*   1686            102             7.57647058823529-3.7625577085723*
*       -0.10505625182570                                               
GRID*   1687            102             7.57647058823529-3.9939694732782*
*       .1050662468972530                                               
GRID*   1688            102             7.57647058823529-3.9939694732782*
*       -0.10506624689730                                               
GRID*   1689            102             7.57647058823529-4.2253812379841*
*       .1032734834993160                                               
GRID*   1690            102             7.57647058823529-4.2253812379841*
*       -0.10327348349930                                               
GRID*   1691            102             7.57647058823529-4.4567930026899*
*       .1000180074770970                                               
GRID*   1692            102             7.57647058823529-4.4567930026899*
*       -0.10001800747710                                               
GRID*   1693            102             7.57647058823529-4.6882047673958*
*       .0955280040786190                                               
GRID*   1694            102             7.57647058823529-4.6882047673958*
*       -0.09552800407860                                               
GRID*   1695            102             7.57647058823529-4.9196165321017*
*       .0899985269741180                                               
GRID*   1696            102             7.57647058823529-4.9196165321017*
*       -0.08999852697410                                               
GRID*   1697            102             7.57647058823529-5.1510282968076*
*       .0835740744558590                                               
GRID*   1698            102             7.57647058823529-5.1510282968076*
*       -0.08357407445590                                               
GRID*   1699            102             7.80588235294118-3.2085184566021*
*       .2613928728231350                                               
GRID*   1700            102             7.80588235294118-3.4368321820923*
*       .2879470570896810                                               
GRID*   1701            102             7.80588235294118-3.6651459075825*
*       .3029735592448350                                               
GRID*   1702            102             7.80588235294118-3.8934596330727*
*       .3096091152022450                                               
GRID*   1703            102             7.80588235294118-4.1217733585629*
*       .3096385714716790                                               
GRID*   1704            102             7.80588235294118-4.3500870840531*
*       .3043551553992750                                               
GRID*   1705            102             7.80588235294118-4.5784008095433*
*       .2947610090892260                                               
GRID*   1706            102             7.80588235294118-4.8067145350335*
*       .2815286125844990                                               
GRID*   1707            102             7.80588235294118-5.0350282605236*
*       .2652328045378160                                               
GRID*   1708            102             7.80588235294118-5.2633419860138*
*       .2462994328891020                                               
GRID*   1709            102             7.80588235294118-5.491655711504 *
*       .2250714864033360                                               
GRID*   1710            102             7.80588235294118-3.2085184566021*
*       -0.26139287282310                                               
GRID*   1711            102             7.80588235294118-3.4368321820923*
*       -0.28794705708970                                               
GRID*   1712            102             7.80588235294118-3.6651459075825*
*       -0.30297355924480                                               
GRID*   1713            102             7.80588235294118-3.8934596330727*
*       -0.30960911520220                                               
GRID*   1714            102             7.80588235294118-4.1217733585629*
*       -0.30963857147170                                               
GRID*   1715            102             7.80588235294118-4.3500870840531*
*       -0.30435515539930                                               
GRID*   1716            102             7.80588235294118-4.5784008095433*
*       -0.29476100908920                                               
GRID*   1717            102             7.80588235294118-4.8067145350335*
*       -0.28152861258450                                               
GRID*   1718            102             7.80588235294118-5.0350282605236*
*       -0.26523280453780                                               
GRID*   1719            102             7.80588235294118-5.2633419860138*
*       -0.24629943288910                                               
GRID*   1720            102             7.80588235294118-5.491655711504 *
*       -0.22507148640330                                               
GRID*   1721            102             7.80588235294118-3.2085184566021*
*       .0871309576077120                                               
GRID*   1722            102             7.80588235294118-3.2085184566021*
*       -0.08713095760770                                               
GRID*   1723            102             7.80588235294118-5.491655711504 *
*       .0750238288011120                                               
GRID*   1724            102             7.80588235294118-5.491655711504 *
*       -0.07502382880110                                               
GRID*   1725            102             8.03529411764706-3.3487144987495*
*       .2567297590296780                                               
GRID*   1726            102             8.03529411764706-3.573930185024 *
*       .28281023036905 0                                               
GRID*   1727            102             8.03529411764706-3.7991458712985*
*       .2975686674897210                                               
GRID*   1728            102             8.03529411764706-4.024361557573 *
*       .30408584855734 0                                               
GRID*   1729            102             8.03529411764706-4.2495772438475*
*       .3041147793421470                                               
GRID*   1730            102             8.03529411764706-4.474792930122 *
*       .2989256166826150                                               
GRID*   1731            102             8.03529411764706-4.7000086163966*
*       .2895026249855880                                               
GRID*   1732            102             8.03529411764706-4.9252243026711*
*       .2765062875975280                                               
GRID*   1733            102             8.03529411764706-5.1504399889456*
*       .2605011883466030                                               
GRID*   1734            102             8.03529411764706-5.3756556752201*
*       .2419055782655170                                               
GRID*   1735            102             8.03529411764706-5.6008713614946*
*       .2210563273769020                                               
GRID*   1736            102             8.03529411764706-3.3487144987495*
*       -0.25672975902970                                               
GRID*   1737            102             8.03529411764706-3.573930185024 *
*       -0.28281023036910                                               
GRID*   1738            102             8.03529411764706-3.7991458712985*
*       -0.29756866748970                                               
GRID*   1739            102             8.03529411764706-4.024361557573 *
*       -0.30408584855730                                               
GRID*   1740            102             8.03529411764706-4.2495772438475*
*       -0.30411477934210                                               
GRID*   1741            102             8.03529411764706-4.474792930122 *
*       -0.29892561668260                                               
GRID*   1742            102             8.03529411764706-4.7000086163966*
*       -0.28950262498560                                               
GRID*   1743            102             8.03529411764706-4.9252243026711*
*       -0.27650628759750                                               
GRID*   1744            102             8.03529411764706-5.1504399889456*
*       -0.26050118834660                                               
GRID*   1745            102             8.03529411764706-5.3756556752201*
*       -0.24190557826550                                               
GRID*   1746            102             8.03529411764706-5.6008713614946*
*       -0.22105632737690                                               
GRID*   1747            102             8.03529411764706-3.3487144987495*
*       .0855765863432260                                               
GRID*   1748            102             8.03529411764706-3.3487144987495*
*       -0.08557658634320                                               
GRID*   1749            102             8.03529411764706-5.6008713614946*
*       .0736854424589670                                               
GRID*   1750            102             8.03529411764706-5.6008713614946*
*       -0.073685442459 0                                               
GRID*   1751            102             8.26470588235294-3.4889105408969*
*       .25209735430505 0                                               
GRID*   1752            102             8.26470588235294-3.7110281879558*
*       .2777072323672360                                               
GRID*   1753            102             8.26470588235294-3.9331458350146*
*       .29219936980335 0                                               
GRID*   1754            102             8.26470588235294-4.1552634820734*
*       .2985989555423920                                               
GRID*   1755            102             8.26470588235294-4.3773811291322*
*       .2986273643031650                                               
GRID*   1756            102             8.26470588235294-4.599498776191 *
*       .2935318343479670                                               
GRID*   1757            102             8.26470588235294-4.8216164232499*
*       .2842788701203790                                               
GRID*   1758            102             8.26470588235294-5.0437340703087*
*       .2715170372749430                                               
GRID*   1759            102             8.26470588235294-5.2658517173675*
*       .2558007323487130                                               
GRID*   1760            102             8.26470588235294-5.4879693644263*
*       .2375406594968230                                               
GRID*   1761            102             8.26470588235294-5.7100870114852*
*       .2170676102947060                                               
GRID*   1762            102             8.26470588235294-3.4889105408969*
*       -0.25209735430510                                               
GRID*   1763            102             8.26470588235294-3.7110281879558*
*       -0.27770723236720                                               
GRID*   1764            102             8.26470588235294-3.9331458350146*
*       -0.29219936980330                                               
GRID*   1765            102             8.26470588235294-4.1552634820734*
*       -0.29859895554240                                               
GRID*   1766            102             8.26470588235294-4.3773811291322*
*       -0.29862736430320                                               
GRID*   1767            102             8.26470588235294-4.599498776191 *
*       -0.293531834348 0                                               
GRID*   1768            102             8.26470588235294-4.8216164232499*
*       -0.28427887012040                                               
GRID*   1769            102             8.26470588235294-5.0437340703087*
*       -0.27151703727490                                               
GRID*   1770            102             8.26470588235294-5.2658517173675*
*       -0.25580073234870                                               
GRID*   1771            102             8.26470588235294-5.4879693644263*
*       -0.23754065949680                                               
GRID*   1772            102             8.26470588235294-5.7100870114852*
*       -0.21706761029470                                               
GRID*   1773            102             8.26470588235294-3.4889105408969*
*       .0840324514350170                                               
GRID*   1774            102             8.26470588235294-3.4889105408969*
*       -0.084032451435 0                                               
GRID*   1775            102             8.26470588235294-5.7100870114852*
*       .0723558700982350                                               
GRID*   1776            102             8.26470588235294-5.7100870114852*
*       -0.07235587009820                                               
GRID*   1777            102             8.26470588235294-3.7110281879558*
*       .0925690774557450                                               
GRID*   1778            102             8.26470588235294-3.7110281879558*
*       -0.09256907745570                                               
GRID*   1779            102             8.26470588235294-3.9331458350146*
*       .09739978993445 0                                               
GRID*   1780            102             8.26470588235294-3.9331458350146*
*       -0.09739978993440                                               
GRID*   1781            102             8.26470588235294-4.1552634820734*
*       .0995329851807970                                               
GRID*   1782            102             8.26470588235294-4.1552634820734*
*       -0.09953298518080                                               
GRID*   1783            102             8.26470588235294-4.3773811291322*
*       .0995424547677220                                               
GRID*   1784            102             8.26470588235294-4.3773811291322*
*       -0.09954245476770                                               
GRID*   1785            102             8.26470588235294-4.599498776191 *
*       .0978439447826560                                               
GRID*   1786            102             8.26470588235294-4.599498776191 *
*       -0.09784394478270                                               
GRID*   1787            102             8.26470588235294-4.8216164232499*
*       .09475962337346 0                                               
GRID*   1788            102             8.26470588235294-4.8216164232499*
*       -0.09475962337350                                               
GRID*   1789            102             8.26470588235294-5.0437340703087*
*       .0905056790916480                                               
GRID*   1790            102             8.26470588235294-5.0437340703087*
*       -0.09050567909160                                               
GRID*   1791            102             8.26470588235294-5.2658517173675*
*       .0852669107829040                                               
GRID*   1792            102             8.26470588235294-5.2658517173675*
*       -0.08526691078290                                               
GRID*   1793            102             8.26470588235294-5.4879693644263*
*       .0791802198322740                                               
GRID*   1794            102             8.26470588235294-5.4879693644263*
*       -0.07918021983230                                               
GRID*   1795            102             8.49411764705882-3.6291065830444*
*       .2474956586492520                                               
GRID*   1796            102             8.49411764705882-3.8481261908875*
*       .2726380630842390                                               
GRID*   1797            102             8.49411764705882-4.0671457987306*
*       .2868656661857240                                               
GRID*   1798            102             8.49411764705882-4.2861654065738*
*       .2931484361573980                                               
GRID*   1799            102             8.49411764705882-4.5051850144169*
*       .2931763263547330                                               
GRID*   1800            102             8.49411764705882-4.72420462226  *
*       .2881738083953310                                               
GRID*   1801            102             8.49411764705882-4.9432242301032*
*       .2790897444935980                                               
GRID*   1802            102             8.49411764705882-5.1622438379463*
*       .2665608616167440                                               
GRID*   1803            102             8.49411764705882-5.3812634457894*
*       .2511314365441460                                               
GRID*   1804            102             8.49411764705882-5.6002830536326*
*       .2332046765830190                                               
GRID*   1805            102             8.49411764705882-5.8193026614757*
*       .2131053351567490                                               
GRID*   1806            102             8.49411764705882-3.6291065830444*
*       -0.24749565864930                                               
GRID*   1807            102             8.49411764705882-3.8481261908875*
*       -0.27263806308420                                               
GRID*   1808            102             8.49411764705882-4.0671457987306*
*       -0.28686566618570                                               
GRID*   1809            102             8.49411764705882-4.2861654065738*
*       -0.29314843615740                                               
GRID*   1810            102             8.49411764705882-4.5051850144169*
*       -0.29317632635470                                               
GRID*   1811            102             8.49411764705882-4.72420462226  *
*       -0.28817380839530                                               
GRID*   1812            102             8.49411764705882-4.9432242301032*
*       -0.27908974449360                                               
GRID*   1813            102             8.49411764705882-5.1622438379463*
*       -0.26656086161670                                               
GRID*   1814            102             8.49411764705882-5.3812634457894*
*       -0.25113143654410                                               
GRID*   1815            102             8.49411764705882-5.6002830536326*
*       -0.233204676583 0                                               
GRID*   1816            102             8.49411764705882-5.8193026614757*
*       -0.21310533515670                                               
GRID*   1817            102             8.49411764705882-3.6291065830444*
*       .0824985528830840                                               
GRID*   1818            102             8.49411764705882-3.6291065830444*
*       -0.08249855288310                                               
GRID*   1819            102             8.49411764705882-5.8193026614757*
*       .0710351117189160                                               
GRID*   1820            102             8.49411764705882-5.8193026614757*
*       -0.07103511171890                                               
GRID*   1821            102             8.72352941176471-3.7693026251918*
*       .2429246720622840                                               
GRID*   1822            102             8.72352941176471-3.9852241938192*
*       .26760272252006 0                                               
GRID*   1823            102             8.72352941176471-4.2011457624467*
*       .2815675566368410                                               
GRID*   1824            102             8.72352941176471-4.4170673310741*
*       .2877342904023610                                               
GRID*   1825            102             8.72352941176471-4.6329888997016*
*       .2877616654968510                                               
GRID*   1826            102             8.72352941176471-4.848910468329 *
*       .2828515388247070                                               
GRID*   1827            102             8.72352941176471-5.0648320369565*
*       .2739352481052450                                               
GRID*   1828            102             8.72352941176471-5.2807536055839*
*       .26163776062293 0                                               
GRID*   1829            102             8.72352941176471-5.4966751742114*
*       .2464933009329020                                               
GRID*   1830            102             8.72352941176471-5.7125967428388*
*       .2288976295241060                                               
GRID*   1831            102             8.72352941176471-5.9285183114663*
*       .2091695019630320                                               
GRID*   1832            102             8.72352941176471-3.7693026251918*
*       -0.24292467206230                                               
GRID*   1833            102             8.72352941176471-3.9852241938192*
*       -0.26760272252010                                               
GRID*   1834            102             8.72352941176471-4.2011457624467*
*       -0.28156755663680                                               
GRID*   1835            102             8.72352941176471-4.4170673310741*
*       -0.28773429040240                                               
GRID*   1836            102             8.72352941176471-4.6329888997016*
*       -0.28776166549690                                               
GRID*   1837            102             8.72352941176471-4.848910468329 *
*       -0.28285153882470                                               
GRID*   1838            102             8.72352941176471-5.0648320369565*
*       -0.27393524810520                                               
GRID*   1839            102             8.72352941176471-5.2807536055839*
*       -0.26163776062290                                               
GRID*   1840            102             8.72352941176471-5.4966751742114*
*       -0.24649330093290                                               
GRID*   1841            102             8.72352941176471-5.7125967428388*
*       -0.22889762952410                                               
GRID*   1842            102             8.72352941176471-5.9285183114663*
*       -0.209169501963 0                                               
GRID*   1843            102             8.72352941176471-3.7693026251918*
*       .0809748906874280                                               
GRID*   1844            102             8.72352941176471-3.7693026251918*
*       -0.08097489068740                                               
GRID*   1845            102             8.72352941176471-5.9285183114663*
*       .0697231673210110                                               
GRID*   1846            102             8.72352941176471-5.9285183114663*
*       -0.069723167321 0                                               
GRID*   1847            102             8.95294117647059-3.9094986673392*
*       .2383843945441460                                               
GRID*   1848            102             8.95294117647059-4.122322196751 *
*       .2626012106746970                                               
GRID*   1849            102             8.95294117647059-4.3351457261627*
*       .2763050411567030                                               
GRID*   1850            102             8.95294117647059-4.5479692555745*
*       .2823565182772790                                               
GRID*   1851            102             8.95294117647059-4.7607927849863*
*       .2823833817295170                                               
GRID*   1852            102             8.95294117647059-4.973616314398 *
*       .2775650256360940                                               
GRID*   1853            102             8.95294117647059-5.1864398438098*
*       .2688153809553210                                               
GRID*   1854            102             8.95294117647059-5.3992633732215*
*       .2567477342935020                                               
GRID*   1855            102             8.95294117647059-5.6120869026333*
*       .2418863255149820                                               
GRID*   1856            102             8.95294117647059-5.8249104320451*
*       .2246195183200820                                               
GRID*   1857            102             8.95294117647059-6.0377339614568*
*       .2052601107135530                                               
GRID*   1858            102             8.95294117647059-3.9094986673392*
*       -0.23838439454410                                               
GRID*   1859            102             8.95294117647059-4.122322196751 *
*       -0.26260121067470                                               
GRID*   1860            102             8.95294117647059-4.3351457261627*
*       -0.27630504115670                                               
GRID*   1861            102             8.95294117647059-4.5479692555745*
*       -0.28235651827730                                               
GRID*   1862            102             8.95294117647059-4.7607927849863*
*       -0.28238338172950                                               
GRID*   1863            102             8.95294117647059-4.973616314398 *
*       -0.27756502563610                                               
GRID*   1864            102             8.95294117647059-5.1864398438098*
*       -0.26881538095530                                               
GRID*   1865            102             8.95294117647059-5.3992633732215*
*       -0.25674773429350                                               
GRID*   1866            102             8.95294117647059-5.6120869026333*
*       -0.241886325515 0                                               
GRID*   1867            102             8.95294117647059-5.8249104320451*
*       -0.22461951832010                                               
GRID*   1868            102             8.95294117647059-6.0377339614568*
*       -0.20526011071360                                               
GRID*   1869            102             8.95294117647059-3.9094986673392*
*       .0794614648480490                                               
GRID*   1870            102             8.95294117647059-3.9094986673392*
*       -0.079461464848 0                                               
GRID*   1871            102             8.95294117647059-6.0377339614568*
*       .0684200369045180                                               
GRID*   1872            102             8.95294117647059-6.0377339614568*
*       -0.06842003690450                                               
GRID*   1873            102             8.95294117647059-4.122322196751 *
*       .0875337368915660                                               
GRID*   1874            102             8.95294117647059-4.122322196751 *
*       -0.08753373689160                                               
GRID*   1875            102             8.95294117647059-4.3351457261627*
*       .0921016803855680                                               
GRID*   1876            102             8.95294117647059-4.3351457261627*
*       -0.09210168038560                                               
GRID*   1877            102             8.95294117647059-4.5479692555745*
*       .09411883942576 0                                               
GRID*   1878            102             8.95294117647059-4.5479692555745*
*       -0.09411883942580                                               
GRID*   1879            102             8.95294117647059-4.7607927849863*
*       .0941277939098390                                               
GRID*   1880            102             8.95294117647059-4.7607927849863*
*       -0.09412779390980                                               
GRID*   1881            102             8.95294117647059-4.973616314398 *
*       .0925216752120320                                               
GRID*   1882            102             8.95294117647059-4.973616314398 *
*       -0.092521675212 0                                               
GRID*   1883            102             8.95294117647059-5.1864398438098*
*       .0896051269851070                                               
GRID*   1884            102             8.95294117647059-5.1864398438098*
*       -0.08960512698510                                               
GRID*   1885            102             8.95294117647059-5.3992633732215*
*       .0855825780978340                                               
GRID*   1886            102             8.95294117647059-5.3992633732215*
*       -0.08558257809780                                               
GRID*   1887            102             8.95294117647059-5.6120869026333*
*       .0806287751716610                                               
GRID*   1888            102             8.95294117647059-5.6120869026333*
*       -0.08062877517170                                               
GRID*   1889            102             8.95294117647059-5.8249104320451*
*       .0748731727733610                                               
GRID*   1890            102             8.95294117647059-5.8249104320451*
*       -0.07487317277340                                               
GRID*   1891            102             9.18235294117647-4.0496947094866*
*       .2338748260948380                                               
GRID*   1892            102             9.18235294117647-4.2594201996827*
*       .2576335275481520                                               
GRID*   1893            102             9.18235294117647-4.4691456898788*
*       .2710781197453090                                               
GRID*   1894            102             9.18235294117647-4.6788711800749*
*       .2770151197821530                                               
GRID*   1895            102             9.18235294117647-4.8885966702709*
*       .2770414750527340                                               
GRID*   1896            102             9.18235294117647-5.098322160467 *
*       .2723142688294940                                               
GRID*   1897            102             9.18235294117647-5.3080476506631*
*       .2637301430438250                                               
GRID*   1898            102             9.18235294117647-5.5177731408592*
*       .2518907826284590                                               
GRID*   1899            102             9.18235294117647-5.7274986310552*
*       .2373105102903850                                               
GRID*   1900            102             9.18235294117647-5.9372241212513*
*       .2203703429709490                                               
GRID*   1901            102             9.18235294117647-6.1469496114474*
*       .2013771614083120                                               
GRID*   1902            102             9.18235294117647-4.0496947094866*
*       -0.23387482609480                                               
GRID*   1903            102             9.18235294117647-4.2594201996827*
*       -0.25763352754820                                               
GRID*   1904            102             9.18235294117647-4.4691456898788*
*       -0.27107811974530                                               
GRID*   1905            102             9.18235294117647-4.6788711800749*
*       -0.27701511978220                                               
GRID*   1906            102             9.18235294117647-4.8885966702709*
*       -0.27704147505270                                               
GRID*   1907            102             9.18235294117647-5.098322160467 *
*       -0.27231426882950                                               
GRID*   1908            102             9.18235294117647-5.3080476506631*
*       -0.26373014304380                                               
GRID*   1909            102             9.18235294117647-5.5177731408592*
*       -0.25189078262850                                               
GRID*   1910            102             9.18235294117647-5.7274986310552*
*       -0.23731051029040                                               
GRID*   1911            102             9.18235294117647-5.9372241212513*
*       -0.22037034297090                                               
GRID*   1912            102             9.18235294117647-6.1469496114474*
*       -0.20137716140830                                               
GRID*   1913            102             9.18235294117647-4.0496947094866*
*       .0779582753649460                                               
GRID*   1914            102             9.18235294117647-4.0496947094866*
*       -0.07795827536490                                               
GRID*   1915            102             9.18235294117647-6.1469496114474*
*       .0671257204694370                                               
GRID*   1916            102             9.18235294117647-6.1469496114474*
*       -0.06712572046940                                               
GRID*   1917            102             9.41176470588235-4.189890751634 *
*       .22939596671436 0                                               
GRID*   1918            102             9.41176470588235-4.3965182026144*
*       .2526996731404230                                               
GRID*   1919            102             9.41176470588235-4.6031456535948*
*       .2658867924026590                                               
GRID*   1920            102             9.41176470588235-4.8097731045752*
*       .2717100949169820                                               
GRID*   1921            102             9.41176470588235-5.0164005555556*
*       .2717359454665  0                                               
GRID*   1922            102             9.41176470588235-5.223028006536 *
*       .2670992684049060                                               
GRID*   1923            102             9.41176470588235-5.4296554575164*
*       .2586795343707580                                               
GRID*   1924            102             9.41176470588235-5.6362829084968*
*       .2470669056278030                                               
GRID*   1925            102             9.41176470588235-5.8429103594772*
*       .2327658552591120                                               
GRID*   1926            102             9.41176470588235-6.0495378104576*
*       .2161501034767060                                               
GRID*   1927            102             9.41176470588235-6.256165261438 *
*       .1975206540473110                                               
GRID*   1928            102             9.41176470588235-4.189890751634 *
*       -0.22939596671440                                               
GRID*   1929            102             9.41176470588235-4.3965182026144*
*       -0.25269967314040                                               
GRID*   1930            102             9.41176470588235-4.6031456535948*
*       -0.26588679240270                                               
GRID*   1931            102             9.41176470588235-4.8097731045752*
*       -0.271710094917 0                                               
GRID*   1932            102             9.41176470588235-5.0164005555556*
*       -0.27173594546650                                               
GRID*   1933            102             9.41176470588235-5.223028006536 *
*       -0.26709926840490                                               
GRID*   1934            102             9.41176470588235-5.4296554575164*
*       -0.25867953437080                                               
GRID*   1935            102             9.41176470588235-5.6362829084968*
*       -0.24706690562780                                               
GRID*   1936            102             9.41176470588235-5.8429103594772*
*       -0.23276585525910                                               
GRID*   1937            102             9.41176470588235-6.0495378104576*
*       -0.21615010347670                                               
GRID*   1938            102             9.41176470588235-6.256165261438 *
*       -0.19752065404730                                               
GRID*   1939            102             9.41176470588235-4.189890751634 *
*       .07646532223812 0                                               
GRID*   1940            102             9.41176470588235-4.189890751634 *
*       -0.07646532223810                                               
GRID*   1941            102             9.41176470588235-6.256165261438 *
*       .06584021801577 0                                               
GRID*   1942            102             9.41176470588235-6.256165261438 *
*       -0.06584021801580                                               
GRID*   1943            102             9.64117647058823-4.3300867937815*
*       .2249478164027120                                               
GRID*   1944            102             9.64117647058823-4.5336162055462*
*       .2477996474515120                                               
GRID*   1945            102             9.64117647058823-4.7371456173109*
*       .2607310591287520                                               
GRID*   1946            102             9.64117647058823-4.9406750290756*
*       .2664414436817670                                               
GRID*   1947            102             9.64117647058823-5.1442044408403*
*       .2664667929708160                                               
GRID*   1948            102             9.64117647058823-5.347733852605 *
*       .26192002436233 0                                               
GRID*   1949            102             9.64117647058823-5.5512632643697*
*       .2536635549361190                                               
GRID*   1950            102             9.64117647058823-5.7547926761344*
*       .2422761032915320                                               
GRID*   1951            102             9.64117647058823-5.9583220878991*
*       .2282523604211610                                               
GRID*   1952            102             9.64117647058823-6.1618514996638*
*       .2119587998373530                                               
GRID*   1953            102             9.64117647058823-6.3653809114285*
*       .1936905886305480                                               
GRID*   1954            102             9.64117647058823-4.3300867937815*
*       -0.22494781640270                                               
GRID*   1955            102             9.64117647058823-4.5336162055462*
*       -0.24779964745150                                               
GRID*   1956            102             9.64117647058823-4.7371456173109*
*       -0.26073105912880                                               
GRID*   1957            102             9.64117647058823-4.9406750290756*
*       -0.26644144368180                                               
GRID*   1958            102             9.64117647058823-5.1442044408403*
*       -0.26646679297080                                               
GRID*   1959            102             9.64117647058823-5.347733852605 *
*       -0.26192002436230                                               
GRID*   1960            102             9.64117647058823-5.5512632643697*
*       -0.25366355493610                                               
GRID*   1961            102             9.64117647058823-5.7547926761344*
*       -0.24227610329150                                               
GRID*   1962            102             9.64117647058823-5.9583220878991*
*       -0.22825236042120                                               
GRID*   1963            102             9.64117647058823-6.1618514996638*
*       -0.21195879983740                                               
GRID*   1964            102             9.64117647058823-6.3653809114285*
*       -0.19369058863050                                               
GRID*   1965            102             9.64117647058823-4.3300867937815*
*       .0749826054675710                                               
GRID*   1966            102             9.64117647058823-4.3300867937815*
*       -0.07498260546760                                               
GRID*   1967            102             9.64117647058823-6.3653809114285*
*       .0645635295435160                                               
GRID*   1968            102             9.64117647058823-6.3653809114285*
*       -0.06456352954350                                               
GRID*   1969            102             9.64117647058823-4.5336162055462*
*       .0825998824838370                                               
GRID*   1970            102             9.64117647058823-4.5336162055462*
*       -0.08259988248380                                               
GRID*   1971            102             9.64117647058823-4.7371456173109*
*       .0869103530429170                                               
GRID*   1972            102             9.64117647058823-4.7371456173109*
*       -0.08691035304290                                               
GRID*   1973            102             9.64117647058823-4.9406750290756*
*       .0888138145605890                                               
GRID*   1974            102             9.64117647058823-4.9406750290756*
*       -0.08881381456060                                               
GRID*   1975            102             9.64117647058823-5.1442044408403*
*       .0888222643236050                                               
GRID*   1976            102             9.64117647058823-5.1442044408403*
*       -0.08882226432360                                               
GRID*   1977            102             9.64117647058823-5.347733852605 *
*       .0873066747874430                                               
GRID*   1978            102             9.64117647058823-5.347733852605 *
*       -0.08730667478740                                               
GRID*   1979            102             9.64117647058823-5.5512632643697*
*       .08455451831204 0                                               
GRID*   1980            102             9.64117647058823-5.5512632643697*
*       -0.084554518312 0                                               
GRID*   1981            102             9.64117647058823-5.7547926761344*
*       .0807587010971770                                               
GRID*   1982            102             9.64117647058823-5.7547926761344*
*       -0.08075870109720                                               
GRID*   1983            102             9.64117647058823-5.9583220878991*
*       .0760841201403870                                               
GRID*   1984            102             9.64117647058823-5.9583220878991*
*       -0.07608412014040                                               
GRID*   1985            102             9.64117647058823-6.1618514996638*
*       .0706529332791180                                               
GRID*   1986            102             9.64117647058823-6.1618514996638*
*       -0.07065293327910                                               
GRID*   1987            102             9.87058823529412-4.4702828359289*
*       .2205303751598930                                               
GRID*   1988            102             9.87058823529412-4.6707142084779*
*       .2429334504814180                                               
GRID*   1989            102             9.87058823529412-4.8711455810269*
*       .2556109199235910                                               
GRID*   1990            102             9.87058823529412-5.071576953576 *
*       .2612091660765070                                               
GRID*   1991            102             9.87058823529412-5.272008326125 *
*       .2612340175656810                                               
GRID*   1992            102             9.87058823529412-5.472439698674 *
*       .2567765367017660                                               
GRID*   1993            102             9.87058823529412-5.672871071223 *
*       .2486822047399080                                               
GRID*   1994            102             9.87058823529412-5.873302443772 *
*       .2375183756196460                                               
GRID*   1995            102             9.87058823529412-6.073733816321 *
*       .2237700257765340                                               
GRID*   1996            102             9.87058823529412-6.2741651888701*
*       .2077964320528910                                               
GRID*   1997            102             9.87058823529412-6.4745965614191*
*       .1898869651580240                                               
GRID*   1998            102             9.87058823529412-4.4702828359289*
*       -0.22053037515990                                               
GRID*   1999            102             9.87058823529412-4.6707142084779*
*       -0.24293345048140                                               
GRID*   2000            102             9.87058823529412-4.8711455810269*
*       -0.25561091992360                                               
GRID*   2001            102             9.87058823529412-5.071576953576 *
*       -0.26120916607650                                               
GRID*   2002            102             9.87058823529412-5.272008326125 *
*       -0.26123401756570                                               
GRID*   2003            102             9.87058823529412-5.472439698674 *
*       -0.25677653670180                                               
GRID*   2004            102             9.87058823529412-5.672871071223 *
*       -0.24868220473990                                               
GRID*   2005            102             9.87058823529412-5.873302443772 *
*       -0.23751837561960                                               
GRID*   2006            102             9.87058823529412-6.073733816321 *
*       -0.22377002577650                                               
GRID*   2007            102             9.87058823529412-6.2741651888701*
*       -0.20779643205290                                               
GRID*   2008            102             9.87058823529412-6.4745965614191*
*       -0.189886965158 0                                               
GRID*   2009            102             9.87058823529412-4.4702828359289*
*       .0735101250532980                                               
GRID*   2010            102             9.87058823529412-4.4702828359289*
*       -0.07351012505330                                               
GRID*   2011            102             9.87058823529412-6.4745965614191*
*       .0632956550526750                                               
GRID*   2012            102             9.87058823529412-6.4745965614191*
*       -0.06329565505270                                               
GRID*   2013            102             10.1            -4.6104788780763*
*       .2161436429859050                                               
GRID*   2014            102             10.1            -4.8078122114097*
*       .2381010822301410                                               
GRID*   2015            102             10.1            -5.005145544743 *
*       .2505263747871730                                               
GRID*   2016            102             10.1            -5.2024788780763*
*       .2560132621012030                                               
GRID*   2017            102             10.1            -5.3998122114097*
*       .2560376192510960                                               
GRID*   2018            102             10.1            -5.597145544743 *
*       .2516688054232140                                               
GRID*   2019            102             10.1            -5.7944788780763*
*       .2437354837821270                                               
GRID*   2020            102             10.1            -5.9918122114097*
*       .2327937226121470                                               
GRID*   2021            102             10.1            -6.189145544743 *
*       .21931885132523 0                                               
GRID*   2022            102             10.1            -6.3864788780763*
*       .2036630001233190                                               
GRID*   2023            102             10.1            -6.5838122114097*
*       .1861097836297390                                               
GRID*   2024            102             10.1            -4.6104788780763*
*       -0.21614364298590                                               
GRID*   2025            102             10.1            -4.8078122114097*
*       -0.23810108223010                                               
GRID*   2026            102             10.1            -5.005145544743 *
*       -0.25052637478720                                               
GRID*   2027            102             10.1            -5.2024788780763*
*       -0.25601326210120                                               
GRID*   2028            102             10.1            -5.3998122114097*
*       -0.25603761925110                                               
GRID*   2029            102             10.1            -5.597145544743 *
*       -0.25166880542320                                               
GRID*   2030            102             10.1            -5.7944788780763*
*       -0.24373548378210                                               
GRID*   2031            102             10.1            -5.9918122114097*
*       -0.23279372261210                                               
GRID*   2032            102             10.1            -6.189145544743 *
*       -0.21931885132520                                               
GRID*   2033            102             10.1            -6.3864788780763*
*       -0.20366300012330                                               
GRID*   2034            102             10.1            -6.5838122114097*
*       -0.18610978362970                                               
GRID*   2035            102             10.1            -4.6104788780763*
*       .0720478809953020                                               
GRID*   2036            102             10.1            -4.6104788780763*
*       -0.07204788099530                                               
GRID*   2037            102             10.1            -6.5838122114097*
*       .0620365945432460                                               
GRID*   2038            102             10.1            -6.5838122114097*
*       -0.06203659454320                                               
GRID*   2039            102             10.3294117647059-4.7506749202237*
*       .2117876198807460                                               
GRID*   2040            102             10.3294117647059-4.9449102143414*
*       .2333025426976810                                               
GRID*   2041            102             10.3294117647059-5.139145508459 *
*       .2454774237194990                                               
GRID*   2042            102             10.3294117647059-5.3333808025767*
*       .2508537317558550                                               
GRID*   2043            102             10.3294117647059-5.5276160966943*
*       .2508775980270610                                               
GRID*   2044            102             10.3294117647059-5.721851390812 *
*       .2465968305266740                                               
GRID*   2045            102             10.3294117647059-5.9160866849296*
*       .2388233920627730                                               
GRID*   2046            102             10.3294117647059-6.1103219790473*
*       .2281021442690330                                               
GRID*   2047            102             10.3294117647059-6.3045572731649*
*       .2148988370672490                                               
GRID*   2048            102             10.3294117647059-6.4987925672826*
*       .1995585040486370                                               
GRID*   2049            102             10.3294117647059-6.6930278614002*
*       .1823590440456920                                               
GRID*   2050            102             10.3294117647059-4.7506749202237*
*       -0.21178761988070                                               
GRID*   2051            102             10.3294117647059-4.9449102143414*
*       -0.23330254269770                                               
GRID*   2052            102             10.3294117647059-5.139145508459 *
*       -0.24547742371950                                               
GRID*   2053            102             10.3294117647059-5.3333808025767*
*       -0.25085373175590                                               
GRID*   2054            102             10.3294117647059-5.5276160966943*
*       -0.25087759802710                                               
GRID*   2055            102             10.3294117647059-5.721851390812 *
*       -0.24659683052670                                               
GRID*   2056            102             10.3294117647059-5.9160866849296*
*       -0.23882339206280                                               
GRID*   2057            102             10.3294117647059-6.1103219790473*
*       -0.228102144269 0                                               
GRID*   2058            102             10.3294117647059-6.3045572731649*
*       -0.21489883706720                                               
GRID*   2059            102             10.3294117647059-6.4987925672826*
*       -0.19955850404860                                               
GRID*   2060            102             10.3294117647059-6.6930278614002*
*       -0.18235904404570                                               
GRID*   2061            102             10.3294117647059-4.7506749202237*
*       .0705958732935820                                               
GRID*   2062            102             10.3294117647059-4.7506749202237*
*       -0.07059587329360                                               
GRID*   2063            102             10.3294117647059-6.6930278614002*
*       .0607863480152310                                               
GRID*   2064            102             10.3294117647059-6.6930278614002*
*       -0.06078634801520                                               
GRID*   2065            102             10.3294117647059-4.9449102143414*
*       .07776751423256 0                                               
GRID*   2066            102             10.3294117647059-4.9449102143414*
*       -0.07776751423260                                               
GRID*   2067            102             10.3294117647059-5.139145508459 *
*       .0818258079065  0                                               
GRID*   2068            102             10.3294117647059-5.139145508459 *
*       -0.08182580790650                                               
GRID*   2069            102             10.3294117647059-5.3333808025767*
*       .0836179105852850                                               
GRID*   2070            102             10.3294117647059-5.3333808025767*
*       -0.08361791058530                                               
GRID*   2071            102             10.3294117647059-5.5276160966943*
*       .08362586600902 0                                               
GRID*   2072            102             10.3294117647059-5.5276160966943*
*       -0.083625866009 0                                               
GRID*   2073            102             10.3294117647059-5.721851390812 *
*       .0821989435088910                                               
GRID*   2074            102             10.3294117647059-5.721851390812 *
*       -0.08219894350890                                               
GRID*   2075            102             10.3294117647059-5.9160866849296*
*       .0796077973542580                                               
GRID*   2076            102             10.3294117647059-5.9160866849296*
*       -0.07960779735430                                               
GRID*   2077            102             10.3294117647059-6.1103219790473*
*       .0760340480896780                                               
GRID*   2078            102             10.3294117647059-6.1103219790473*
*       -0.07603404808970                                               
GRID*   2079            102             10.3294117647059-6.3045572731649*
*       .0716329456890830                                               
GRID*   2080            102             10.3294117647059-6.3045572731649*
*       -0.07163294568910                                               
GRID*   2081            102             10.3294117647059-6.4987925672826*
*       .0665195013495460                                               
GRID*   2082            102             10.3294117647059-6.4987925672826*
*       -0.06651950134950                                               
GRID*   2083            102             10.5588235294118-4.8908709623712*
*       .2074623058444170                                               
GRID*   2084            102             10.5588235294118-5.0820082172731*
*       .2285378318840380                                               
GRID*   2085            102             10.5588235294118-5.2731454721751*
*       .2404640667205690                                               
GRID*   2086            102             10.5588235294118-5.464282727077 *
*       .2457305750404620                                               
GRID*   2087            102             10.5588235294118-5.655419981979 *
*       .2457539538935750                                               
GRID*   2088            102             10.5588235294118-5.846557236881 *
*       .2415606120121460                                               
GRID*   2089            102             10.5588235294118-6.0376944917829*
*       .2339459295818480                                               
GRID*   2090            102             10.5588235294118-6.2288317466849*
*       .2234436405903040                                               
GRID*   2091            102             10.5588235294118-6.4199690015869*
*       .2105099830025920                                               
GRID*   2092            102             10.5588235294118-6.6111062564888*
*       .1954829438288450                                               
GRID*   2093            102             10.5588235294118-6.8022435113908*
*       .1786347464058850                                               
GRID*   2094            102             10.5588235294118-4.8908709623712*
*       -0.20746230584440                                               
GRID*   2095            102             10.5588235294118-5.0820082172731*
*       -0.228537831884 0                                               
GRID*   2096            102             10.5588235294118-5.2731454721751*
*       -0.24046406672060                                               
GRID*   2097            102             10.5588235294118-5.464282727077 *
*       -0.24573057504050                                               
GRID*   2098            102             10.5588235294118-5.655419981979 *
*       -0.24575395389360                                               
GRID*   2099            102             10.5588235294118-5.846557236881 *
*       -0.24156061201210                                               
GRID*   2100            102             10.5588235294118-6.0376944917829*
*       -0.23394592958180                                               
GRID*   2101            102             10.5588235294118-6.2288317466849*
*       -0.22344364059030                                               
GRID*   2102            102             10.5588235294118-6.4199690015869*
*       -0.21050998300260                                               
GRID*   2103            102             10.5588235294118-6.6111062564888*
*       -0.19548294382880                                               
GRID*   2104            102             10.5588235294118-6.8022435113908*
*       -0.17863474640590                                               
GRID*   2105            102             10.5588235294118-4.8908709623712*
*       .0691541019481390                                               
GRID*   2106            102             10.5588235294118-4.8908709623712*
*       -0.06915410194810                                               
GRID*   2107            102             10.5588235294118-6.8022435113908*
*       .0595449154686280                                               
GRID*   2108            102             10.5588235294118-6.8022435113908*
*       -0.05954491546860                                               
GRID*   2109            102             10.7882352941176-5.0310670045186*
*       .2031677008769180                                               
GRID*   2110            102             10.7882352941176-5.2191062202049*
*       .2238069497892120                                               
GRID*   2111            102             10.7882352941176-5.4071454358911*
*       .2354863037903840                                               
GRID*   2112            102             10.7882352941176-5.5951846515774*
*       .2406437919550250                                               
GRID*   2113            102             10.7882352941176-5.7832238672637*
*       .2406666868506390                                               
GRID*   2114            102             10.7882352941176-5.97126308295  *
*       .23656014987963 0                                               
GRID*   2115            102             10.7882352941176-6.1593022986362*
*       .2291030963393510                                               
GRID*   2116            102             10.7882352941176-6.3473415143225*
*       .2188182115759620                                               
GRID*   2117            102             10.7882352941176-6.5353807300088*
*       .2061522891312580                                               
GRID*   2118            102             10.7882352941176-6.7234199456951*
*       .1914363194639430                                               
GRID*   2119            102             10.7882352941176-6.9114591613813*
*       .1749368907103160                                               
GRID*   2120            102             10.7882352941176-5.0310670045186*
*       -0.20316770087690                                               
GRID*   2121            102             10.7882352941176-5.2191062202049*
*       -0.22380694978920                                               
GRID*   2122            102             10.7882352941176-5.4071454358911*
*       -0.23548630379040                                               
GRID*   2123            102             10.7882352941176-5.5951846515774*
*       -0.240643791955 0                                               
GRID*   2124            102             10.7882352941176-5.7832238672637*
*       -0.24066668685060                                               
GRID*   2125            102             10.7882352941176-5.97126308295  *
*       -0.23656014987960                                               
GRID*   2126            102             10.7882352941176-6.1593022986362*
*       -0.22910309633940                                               
GRID*   2127            102             10.7882352941176-6.3473415143225*
*       -0.218818211576 0                                               
GRID*   2128            102             10.7882352941176-6.5353807300088*
*       -0.20615228913130                                               
GRID*   2129            102             10.7882352941176-6.7234199456951*
*       -0.19143631946390                                               
GRID*   2130            102             10.7882352941176-6.9114591613813*
*       -0.17493689071030                                               
GRID*   2131            102             10.7882352941176-5.0310670045186*
*       .0677225669589730                                               
GRID*   2132            102             10.7882352941176-5.0310670045186*
*       -0.067722566959 0                                               
GRID*   2133            102             10.7882352941176-6.9114591613813*
*       .0583122969034390                                               
GRID*   2134            102             10.7882352941176-6.9114591613813*
*       -0.05831229690340                                               
GRID*   2135            102             11.0176470588235-5.171263046666 *
*       .1989038049782490                                               
GRID*   2136            102             11.0176470588235-5.3562042231366*
*       .2191098964132030                                               
GRID*   2137            102             11.0176470588235-5.5411453996072*
*       .2305441349289420                                               
GRID*   2138            102             11.0176470588235-5.7260865760778*
*       .2355933824995440                                               
GRID*   2139            102             11.0176470588235-5.9110277525484*
*       .2356157968982520                                               
GRID*   2140            102             11.0176470588235-6.095968929019 *
*       .2315954441291260                                               
GRID*   2141            102             11.0176470588235-6.2809101054895*
*       .2242948923352830                                               
GRID*   2142            102             11.0176470588235-6.4658512819601*
*       .2142258572260050                                               
GRID*   2143            102             11.0176470588235-6.6507924584307*
*       .2018257554532470                                               
GRID*   2144            102             11.0176470588235-6.8357336349013*
*       .1874186309539320                                               
GRID*   2145            102             11.0176470588235-7.0206748113719*
*       .1712654769589860                                               
GRID*   2146            102             11.0176470588235-5.171263046666 *
*       -0.19890380497820                                               
GRID*   2147            102             11.0176470588235-5.3562042231366*
*       -0.21910989641320                                               
GRID*   2148            102             11.0176470588235-5.5411453996072*
*       -0.23054413492890                                               
GRID*   2149            102             11.0176470588235-5.7260865760778*
*       -0.23559338249950                                               
GRID*   2150            102             11.0176470588235-5.9110277525484*
*       -0.23561579689830                                               
GRID*   2151            102             11.0176470588235-6.095968929019 *
*       -0.23159544412910                                               
GRID*   2152            102             11.0176470588235-6.2809101054895*
*       -0.22429489233530                                               
GRID*   2153            102             11.0176470588235-6.4658512819601*
*       -0.214225857226 0                                               
GRID*   2154            102             11.0176470588235-6.6507924584307*
*       -0.20182575545320                                               
GRID*   2155            102             11.0176470588235-6.8357336349013*
*       -0.18741863095390                                               
GRID*   2156            102             11.0176470588235-7.0206748113719*
*       -0.171265476959 0                                               
GRID*   2157            102             11.0176470588235-5.171263046666 *
*       .0663012683260830                                               
GRID*   2158            102             11.0176470588235-5.171263046666 *
*       -0.06630126832610                                               
GRID*   2159            102             11.0176470588235-7.0206748113719*
*       .0570884923196620                                               
GRID*   2160            102             11.0176470588235-7.0206748113719*
*       -0.05708849231970                                               
GRID*   2161            102             11.0176470588235-5.3562042231366*
*       .0730366321377340                                               
GRID*   2162            102             11.0176470588235-5.3562042231366*
*       -0.07303663213770                                               
GRID*   2163            102             11.0176470588235-5.5411453996072*
*       .0768480449763140                                               
GRID*   2164            102             11.0176470588235-5.5411453996072*
*       -0.07684804497630                                               
GRID*   2165            102             11.0176470588235-5.7260865760778*
*       .0785311274998480                                               
GRID*   2166            102             11.0176470588235-5.7260865760778*
*       -0.07853112749980                                               
GRID*   2167            102             11.0176470588235-5.9110277525484*
*       .0785385989660840                                               
GRID*   2168            102             11.0176470588235-5.9110277525484*
*       -0.07853859896610                                               
GRID*   2169            102             11.0176470588235-6.095968929019 *
*       .0771984813763750                                               
GRID*   2170            102             11.0176470588235-6.095968929019 *
*       -0.07719848137640                                               
GRID*   2171            102             11.0176470588235-6.2809101054895*
*       .0747649641117610                                               
GRID*   2172            102             11.0176470588235-6.2809101054895*
*       -0.07476496411180                                               
GRID*   2173            102             11.0176470588235-6.4658512819601*
*       .0714086190753350                                               
GRID*   2174            102             11.0176470588235-6.4658512819601*
*       -0.07140861907530                                               
GRID*   2175            102             11.0176470588235-6.6507924584307*
*       .0672752518177490                                               
GRID*   2176            102             11.0176470588235-6.6507924584307*
*       -0.06727525181770                                               
GRID*   2177            102             11.0176470588235-6.8357336349013*
*       .0624728769846440                                               
GRID*   2178            102             11.0176470588235-6.8357336349013*
*       -0.06247287698460                                               
GRID*   2179            102             11.2470588235294-5.3114590888134*
*       .19467061814841 0                                               
GRID*   2180            102             11.2470588235294-5.4933022260683*
*       .2144466717560110                                               
GRID*   2181            102             11.2470588235294-5.6751453633232*
*       .2256375601362450                                               
GRID*   2182            102             11.2470588235294-5.8569885005781*
*       .2305793466740180                                               
GRID*   2183            102             11.2470588235294-6.038831637833 *
*       .2306012840364150                                               
GRID*   2184            102             11.2470588235294-6.2206747750879*
*       .2266664947606340                                               
GRID*   2185            102             11.2470588235294-6.4025179123428*
*       .2195213175696430                                               
GRID*   2186            102             11.2470588235294-6.5843610495978*
*       .2096665775404340                                               
GRID*   2187            102             11.2470588235294-6.7662041868527*
*       .1975303819685590                                               
GRID*   2188            102             11.2470588235294-6.9480473241076*
*       .1834298782988110                                               
GRID*   2189            102             11.2470588235294-7.1298904613625*
*       .1676205051518940                                               
GRID*   2190            102             11.2470588235294-5.3114590888134*
*       -0.19467061814840                                               
GRID*   2191            102             11.2470588235294-5.4933022260683*
*       -0.214446671756 0                                               
GRID*   2192            102             11.2470588235294-5.6751453633232*
*       -0.22563756013620                                               
GRID*   2193            102             11.2470588235294-5.8569885005781*
*       -0.230579346674 0                                               
GRID*   2194            102             11.2470588235294-6.038831637833 *
*       -0.23060128403640                                               
GRID*   2195            102             11.2470588235294-6.2206747750879*
*       -0.22666649476060                                               
GRID*   2196            102             11.2470588235294-6.4025179123428*
*       -0.21952131756960                                               
GRID*   2197            102             11.2470588235294-6.5843610495978*
*       -0.20966657754040                                               
GRID*   2198            102             11.2470588235294-6.7662041868527*
*       -0.19753038196860                                               
GRID*   2199            102             11.2470588235294-6.9480473241076*
*       -0.18342987829880                                               
GRID*   2200            102             11.2470588235294-7.1298904613625*
*       -0.16762050515190                                               
GRID*   2201            102             11.2470588235294-5.3114590888134*
*       .06489020604947 0                                               
GRID*   2202            102             11.2470588235294-5.3114590888134*
*       -0.06489020604950                                               
GRID*   2203            102             11.2470588235294-7.1298904613625*
*       .0558735017172980                                               
GRID*   2204            102             11.2470588235294-7.1298904613625*
*       -0.05587350171730                                               
GRID*   2205            102             11.4764705882353-5.4516551309609*
*       .1904681403874  0                                               
GRID*   2206            102             11.4764705882353-5.6304002290001*
*       .2098172758176370                                               
GRID*   2207            102             11.4764705882353-5.8091453270393*
*       .2207665794122910                                               
GRID*   2208            102             11.4764705882353-5.9878904250785*
*       .2256016844784480                                               
GRID*   2209            102             11.4764705882353-6.1666355231177*
*       .2256231482651270                                               
GRID*   2210            102             11.4764705882353-6.3453806211569*
*       .2217733017741540                                               
GRID*   2211            102             11.4764705882353-6.5241257191962*
*       .2147823720424310                                               
GRID*   2212            102             11.4764705882353-6.7028708172354*
*       .2051403725192480                                               
GRID*   2213            102             11.4764705882353-6.8816159152746*
*       .1932661686771950                                               
GRID*   2214            102             11.4764705882353-7.0603610133138*
*       .17947006149858 0                                               
GRID*   2215            102             11.4764705882353-7.239106111353 *
*       .1640019752890420                                               
GRID*   2216            102             11.4764705882353-5.4516551309609*
*       -0.19046814038740                                               
GRID*   2217            102             11.4764705882353-5.6304002290001*
*       -0.20981727581760                                               
GRID*   2218            102             11.4764705882353-5.8091453270393*
*       -0.22076657941230                                               
GRID*   2219            102             11.4764705882353-5.9878904250785*
*       -0.22560168447840                                               
GRID*   2220            102             11.4764705882353-6.1666355231177*
*       -0.22562314826510                                               
GRID*   2221            102             11.4764705882353-6.3453806211569*
*       -0.22177330177420                                               
GRID*   2222            102             11.4764705882353-6.5241257191962*
*       -0.21478237204240                                               
GRID*   2223            102             11.4764705882353-6.7028708172354*
*       -0.20514037251920                                               
GRID*   2224            102             11.4764705882353-6.8816159152746*
*       -0.19326616867720                                               
GRID*   2225            102             11.4764705882353-7.0603610133138*
*       -0.17947006149860                                               
GRID*   2226            102             11.4764705882353-7.239106111353 *
*       -0.164001975289 0                                               
GRID*   2227            102             11.4764705882353-5.4516551309609*
*       .0634893801291330                                               
GRID*   2228            102             11.4764705882353-5.4516551309609*
*       -0.06348938012910                                               
GRID*   2229            102             11.4764705882353-7.239106111353 *
*       .0546673250963470                                               
GRID*   2230            102             11.4764705882353-7.239106111353 *
*       -0.05466732509630                                               
GRID*   2231            102             11.7058823529412-5.5918511731083*
*       .1862963716952210                                               
GRID*   2232            102             11.7058823529412-5.7674982319318*
*       .2052217085980790                                               
GRID*   2233            102             11.7058823529412-5.9431452907553*
*       .2159311927570820                                               
GRID*   2234            102             11.7058823529412-6.1187923495789*
*       .2206603959128330                                               
GRID*   2235            102             11.7058823529412-6.2944394084024*
*       .2206813895843890                                               
GRID*   2236            102             11.7058823529412-6.4700864672259*
*       .2169158651696860                                               
GRID*   2237            102             11.7058823529412-6.6457335260495*
*       .2100780557536480                                               
GRID*   2238            102             11.7058823529412-6.821380584873 *
*       .2006472421624480                                               
GRID*   2239            102             11.7058823529412-6.9970276436965*
*       .1890331155791540                                               
GRID*   2240            102             11.7058823529412-7.1726747025201*
*       .1755391805532390                                               
GRID*   2241            102             11.7058823529412-7.3483217613436*
*       .1604098873704280                                               
GRID*   2242            102             11.7058823529412-5.5918511731083*
*       -0.18629637169520                                               
GRID*   2243            102             11.7058823529412-5.7674982319318*
*       -0.20522170859810                                               
GRID*   2244            102             11.7058823529412-5.9431452907553*
*       -0.21593119275710                                               
GRID*   2245            102             11.7058823529412-6.1187923495789*
*       -0.22066039591280                                               
GRID*   2246            102             11.7058823529412-6.2944394084024*
*       -0.22068138958440                                               
GRID*   2247            102             11.7058823529412-6.4700864672259*
*       -0.21691586516970                                               
GRID*   2248            102             11.7058823529412-6.6457335260495*
*       -0.21007805575360                                               
GRID*   2249            102             11.7058823529412-6.821380584873 *
*       -0.20064724216240                                               
GRID*   2250            102             11.7058823529412-6.9970276436965*
*       -0.18903311557920                                               
GRID*   2251            102             11.7058823529412-7.1726747025201*
*       -0.17553918055320                                               
GRID*   2252            102             11.7058823529412-7.3483217613436*
*       -0.16040988737040                                               
GRID*   2253            102             11.7058823529412-5.5918511731083*
*       .0620987905650740                                               
GRID*   2254            102             11.7058823529412-5.5918511731083*
*       -0.06209879056510                                               
GRID*   2255            102             11.7058823529412-7.3483217613436*
*       .0534699624568090                                               
GRID*   2256            102             11.7058823529412-7.3483217613436*
*       -0.05346996245680                                               
GRID*   2257            102             11.7058823529412-5.7674982319318*
*       .06840723619936 0                                               
GRID*   2258            102             11.7058823529412-5.7674982319318*
*       -0.06840723619940                                               
GRID*   2259            102             11.7058823529412-5.9431452907553*
*       .0719770642523610                                               
GRID*   2260            102             11.7058823529412-5.9431452907553*
*       -0.07197706425240                                               
GRID*   2261            102             11.7058823529412-6.1187923495789*
*       .0735534653042780                                               
GRID*   2262            102             11.7058823529412-6.1187923495789*
*       -0.07355346530430                                               
GRID*   2263            102             11.7058823529412-6.2944394084024*
*       .0735604631947970                                               
GRID*   2264            102             11.7058823529412-6.2944394084024*
*       -0.07356046319480                                               
GRID*   2265            102             11.7058823529412-6.4700864672259*
*       .0723052883898950                                               
GRID*   2266            102             11.7058823529412-6.4700864672259*
*       -0.07230528838990                                               
GRID*   2267            102             11.7058823529412-6.6457335260495*
*       .0700260185845490                                               
GRID*   2268            102             11.7058823529412-6.6457335260495*
*       -0.07002601858450                                               
GRID*   2269            102             11.7058823529412-6.821380584873 *
*       .0668824140541490                                               
GRID*   2270            102             11.7058823529412-6.821380584873 *
*       -0.06688241405410                                               
GRID*   2271            102             11.7058823529412-6.9970276436965*
*       .0630110385263850                                               
GRID*   2272            102             11.7058823529412-6.9970276436965*
*       -0.06301103852640                                               
GRID*   2273            102             11.7058823529412-7.1726747025201*
*       .0585130601844130                                               
GRID*   2274            102             11.7058823529412-7.1726747025201*
*       -0.05851306018440                                               
GRID*   2275            102             11.9352941176471-5.7320472152557*
*       .1821553120718710                                               
GRID*   2276            102             11.9352941176471-5.9045962348636*
*       .2006599700973390                                               
GRID*   2277            102             11.9352941176471-6.0771452544714*
*       .2111314001706170                                               
GRID*   2278            102             11.9352941176471-6.2496942740792*
*       .2157554809771740                                               
GRID*   2279            102             11.9352941176471-6.4222432936871*
*       .2157760079942010                                               
GRID*   2280            102             11.9352941176471-6.5947923132949*
*       .21209418494723 0                                               
GRID*   2281            102             11.9352941176471-6.7673413329028*
*       .2054083687032930                                               
GRID*   2282            102             11.9352941176471-6.9398903525106*
*       .1961871864700340                                               
GRID*   2283            102             11.9352941176471-7.1124393721185*
*       .1848312226744360                                               
GRID*   2284            102             11.9352941176471-7.2849883917263*
*       .1716372354627890                                               
GRID*   2285            102             11.9352941176471-7.4575374113341*
*       .1568442413960530                                               
GRID*   2286            102             11.9352941176471-5.7320472152557*
*       -0.18215531207190                                               
GRID*   2287            102             11.9352941176471-5.9045962348636*
*       -0.20065997009730                                               
GRID*   2288            102             11.9352941176471-6.0771452544714*
*       -0.21113140017060                                               
GRID*   2289            102             11.9352941176471-6.2496942740792*
*       -0.21575548097720                                               
GRID*   2290            102             11.9352941176471-6.4222432936871*
*       -0.21577600799420                                               
GRID*   2291            102             11.9352941176471-6.5947923132949*
*       -0.21209418494720                                               
GRID*   2292            102             11.9352941176471-6.7673413329028*
*       -0.20540836870330                                               
GRID*   2293            102             11.9352941176471-6.9398903525106*
*       -0.19618718647  0                                               
GRID*   2294            102             11.9352941176471-7.1124393721185*
*       -0.18483122267440                                               
GRID*   2295            102             11.9352941176471-7.2849883917263*
*       -0.17163723546280                                               
GRID*   2296            102             11.9352941176471-7.4575374113341*
*       -0.15684424139610                                               
GRID*   2297            102             11.9352941176471-5.7320472152557*
*       .06071843735729 0                                               
GRID*   2298            102             11.9352941176471-5.7320472152557*
*       -0.06071843735730                                               
GRID*   2299            102             11.9352941176471-7.4575374113341*
*       .0522814137986840                                               
GRID*   2300            102             11.9352941176471-7.4575374113341*
*       -0.05228141379870                                               
GRID*   2301            102             12.1647058823529-5.8722432574031*
*       .1780449615173510                                               
GRID*   2302            102             12.1647058823529-6.0416942377953*
*       .1961320603154150                                               
GRID*   2303            102             12.1647058823529-6.2111452181874*
*       .2063672016528960                                               
GRID*   2304            102             12.1647058823529-6.3805961985796*
*       .21088693967147 0                                               
GRID*   2305            102             12.1647058823529-6.5500471789718*
*       .2109070034945620                                               
GRID*   2306            102             12.1647058823529-6.7194981593639*
*       .2073082611067860                                               
GRID*   2307            102             12.1647058823529-6.8889491397561*
*       .2007733108913670                                               
GRID*   2308            102             12.1647058823529-7.0584001201482*
*       .1917602054420060                                               
GRID*   2309            102             12.1647058823529-7.2278511005404*
*       .1806604899630410                                               
GRID*   2310            102             12.1647058823529-7.3973020809325*
*       .1677642262272280                                               
GRID*   2311            102             12.1647058823529-7.5667530613247*
*       .1533050373659160                                               
GRID*   2312            102             12.1647058823529-5.8722432574031*
*       -0.17804496151740                                               
GRID*   2313            102             12.1647058823529-6.0416942377953*
*       -0.19613206031540                                               
GRID*   2314            102             12.1647058823529-6.2111452181874*
*       -0.20636720165290                                               
GRID*   2315            102             12.1647058823529-6.3805961985796*
*       -0.21088693967150                                               
GRID*   2316            102             12.1647058823529-6.5500471789718*
*       -0.21090700349460                                               
GRID*   2317            102             12.1647058823529-6.7194981593639*
*       -0.20730826110680                                               
GRID*   2318            102             12.1647058823529-6.8889491397561*
*       -0.20077331089140                                               
GRID*   2319            102             12.1647058823529-7.0584001201482*
*       -0.191760205442 0                                               
GRID*   2320            102             12.1647058823529-7.2278511005404*
*       -0.180660489963 0                                               
GRID*   2321            102             12.1647058823529-7.3973020809325*
*       -0.16776422622720                                               
GRID*   2322            102             12.1647058823529-7.5667530613247*
*       -0.15330503736590                                               
GRID*   2323            102             12.1647058823529-5.8722432574031*
*       .0593483205057840                                               
GRID*   2324            102             12.1647058823529-5.8722432574031*
*       -0.05934832050580                                               
GRID*   2325            102             12.1647058823529-7.5667530613247*
*       .0511016791219720                                               
GRID*   2326            102             12.1647058823529-7.5667530613247*
*       -0.051101679122 0                                               
GRID*   2327            102             12.3941176470588-6.0124392995506*
*       .1739653200316620                                               
GRID*   2328            102             12.3941176470588-6.178792240727 *
*       .1916379792523090                                               
GRID*   2329            102             12.3941176470588-6.3451451819035*
*       .2016385972039190                                               
GRID*   2330            102             12.3941176470588-6.51149812308  *
*       .2060547719957230                                               
GRID*   2331            102             12.3941176470588-6.6778510642564*
*       .2060743760854730                                               
GRID*   2332            102             12.3941176470588-6.8442040054329*
*       .2025580936483540                                               
GRID*   2333            102             12.3941176470588-7.0105569466094*
*       .19617288231787 0                                               
GRID*   2334            102             12.3941176470588-7.1769098877858*
*       .1873662990783630                                               
GRID*   2335            102             12.3941176470588-7.3432628289623*
*       .17652091744497 0                                               
GRID*   2336            102             12.3941176470588-7.5096157701388*
*       .1639201528465580                                               
GRID*   2337            102             12.3941176470588-7.6759687113153*
*       .1497922752800190                                               
GRID*   2338            102             12.3941176470588-6.0124392995506*
*       -0.17396532003170                                               
GRID*   2339            102             12.3941176470588-6.178792240727 *
*       -0.19163797925230                                               
GRID*   2340            102             12.3941176470588-6.3451451819035*
*       -0.20163859720390                                               
GRID*   2341            102             12.3941176470588-6.51149812308  *
*       -0.20605477199570                                               
GRID*   2342            102             12.3941176470588-6.6778510642564*
*       -0.20607437608550                                               
GRID*   2343            102             12.3941176470588-6.8442040054329*
*       -0.20255809364840                                               
GRID*   2344            102             12.3941176470588-7.0105569466094*
*       -0.19617288231790                                               
GRID*   2345            102             12.3941176470588-7.1769098877858*
*       -0.18736629907840                                               
GRID*   2346            102             12.3941176470588-7.3432628289623*
*       -0.176520917445 0                                               
GRID*   2347            102             12.3941176470588-7.5096157701388*
*       -0.16392015284660                                               
GRID*   2348            102             12.3941176470588-7.6759687113153*
*       -0.14979227528  0                                               
GRID*   2349            102             12.3941176470588-6.0124392995506*
*       .0579884400105540                                               
GRID*   2350            102             12.3941176470588-6.0124392995506*
*       -0.05798844001060                                               
GRID*   2351            102             12.3941176470588-7.6759687113153*
*       .0499307584266730                                               
GRID*   2352            102             12.3941176470588-7.6759687113153*
*       -0.04993075842670                                               
GRID*   2353            102             12.3941176470588-6.178792240727 *
*       .0638793264174360                                               
GRID*   2354            102             12.3941176470588-6.178792240727 *
*       -0.06387932641740                                               
GRID*   2355            102             12.3941176470588-6.3451451819035*
*       .06721286573464 0                                               
GRID*   2356            102             12.3941176470588-6.3451451819035*
*       -0.06721286573460                                               
GRID*   2357            102             12.3941176470588-6.51149812308  *
*       .0686849239985740                                               
GRID*   2358            102             12.3941176470588-6.51149812308  *
*       -0.06868492399860                                               
GRID*   2359            102             12.3941176470588-6.6778510642564*
*       .0686914586951580                                               
GRID*   2360            102             12.3941176470588-6.6778510642564*
*       -0.06869145869520                                               
GRID*   2361            102             12.3941176470588-6.8442040054329*
*       .0675193645494520                                               
GRID*   2362            102             12.3941176470588-6.8442040054329*
*       -0.06751936454950                                               
GRID*   2363            102             12.3941176470588-7.0105569466094*
*       .0653909607726230                                               
GRID*   2364            102             12.3941176470588-7.0105569466094*
*       -0.06539096077260                                               
GRID*   2365            102             12.3941176470588-7.1769098877858*
*       .0624554330261210                                               
GRID*   2366            102             12.3941176470588-7.1769098877858*
*       -0.06245543302610                                               
GRID*   2367            102             12.3941176470588-7.3432628289623*
*       .05884030581499 0                                               
GRID*   2368            102             12.3941176470588-7.3432628289623*
*       -0.058840305815 0                                               
GRID*   2369            102             12.3941176470588-7.5096157701388*
*       .0546400509488530                                               
GRID*   2370            102             12.3941176470588-7.5096157701388*
*       -0.05464005094890                                               
GRID*   2371            102             12.5661764705882-6.1175863311611*
*       .1709257417438140                                               
GRID*   2372            102             12.5661764705882-6.2816157429258*
*       .1882896185517030                                               
GRID*   2373            102             12.5661764705882-6.4456451546905*
*       .1981155024747990                                               
GRID*   2374            102             12.5661764705882-6.6096745664552*
*       .20245451643357 0                                               
GRID*   2375            102             12.5661764705882-6.7737039782199*
*       .20247377799433 0                                               
GRID*   2376            102             12.5661764705882-6.9377333899847*
*       .1990189331802260                                               
GRID*   2377            102             12.5661764705882-7.1017628017494*
*       .1927452863254650                                               
GRID*   2378            102             12.5661764705882-7.2657922135141*
*       .1840925745541340                                               
GRID*   2379            102             12.5661764705882-7.4298216252788*
*       .1734366869332850                                               
GRID*   2380            102             12.5661764705882-7.5938510370435*
*       .1610560869658270                                               
GRID*   2381            102             12.5661764705882-7.7578804488082*
*       .1471750562415020                                               
GRID*   2382            102             12.5661764705882-6.1175863311611*
*       -0.17092574174380                                               
GRID*   2383            102             12.5661764705882-6.2816157429258*
*       -0.18828961855170                                               
GRID*   2384            102             12.5661764705882-6.4456451546905*
*       -0.19811550247480                                               
GRID*   2385            102             12.5661764705882-6.6096745664552*
*       -0.20245451643360                                               
GRID*   2386            102             12.5661764705882-6.7737039782199*
*       -0.20247377799430                                               
GRID*   2387            102             12.5661764705882-6.9377333899847*
*       -0.19901893318020                                               
GRID*   2388            102             12.5661764705882-7.1017628017494*
*       -0.19274528632550                                               
GRID*   2389            102             12.5661764705882-7.2657922135141*
*       -0.18409257455410                                               
GRID*   2390            102             12.5661764705882-7.4298216252788*
*       -0.17343668693330                                               
GRID*   2391            102             12.5661764705882-7.5938510370435*
*       -0.16105608696580                                               
GRID*   2392            102             12.5661764705882-7.7578804488082*
*       -0.14717505624150                                               
GRID*   2393            102             12.5661764705882-6.1175863311611*
*       .0569752472479380                                               
GRID*   2394            102             12.5661764705882-6.1175863311611*
*       -0.05697524724790                                               
GRID*   2395            102             12.5661764705882-7.7578804488082*
*       .0490583520805010                                               
GRID*   2396            102             12.5661764705882-7.7578804488082*
*       -0.04905835208050                                               
GRID*   2397            102             12.7382352941176-6.2227333627717*
*       .1679034373071830                                               
GRID*   2398            102             12.7382352941176-6.3844392451246*
*       .1849602865054320                                               
GRID*   2399            102             12.7382352941176-6.5461451274776*
*       .1946124294093480                                               
GRID*   2400            102             12.7382352941176-6.7078510098305*
*       .1988747210382680                                               
GRID*   2401            102             12.7382352941176-6.8695568921835*
*       .19889364201662 0                                               
GRID*   2402            102             12.7382352941176-7.0312627745364*
*       .1954998856769790                                               
GRID*   2403            102             12.7382352941176-7.1929686568893*
*       .1893371692796760                                               
GRID*   2404            102             12.7382352941176-7.3546745392423*
*       .1808374545286220                                               
GRID*   2405            102             12.7382352941176-7.5163804215952*
*       .1703699840303440                                               
GRID*   2406            102             12.7382352941176-7.6780863039482*
*       .1582082975034720                                               
GRID*   2407            102             12.7382352941176-7.8397921863011*
*       .14457271079662 0                                               
GRID*   2408            102             12.7382352941176-6.2227333627717*
*       -0.16790343730720                                               
GRID*   2409            102             12.7382352941176-6.3844392451246*
*       -0.18496028650540                                               
GRID*   2410            102             12.7382352941176-6.5461451274776*
*       -0.19461242940930                                               
GRID*   2411            102             12.7382352941176-6.7078510098305*
*       -0.19887472103830                                               
GRID*   2412            102             12.7382352941176-6.8695568921835*
*       -0.19889364201660                                               
GRID*   2413            102             12.7382352941176-7.0312627745364*
*       -0.195499885677 0                                               
GRID*   2414            102             12.7382352941176-7.1929686568893*
*       -0.18933716927970                                               
GRID*   2415            102             12.7382352941176-7.3546745392423*
*       -0.18083745452860                                               
GRID*   2416            102             12.7382352941176-7.5163804215952*
*       -0.17036998403030                                               
GRID*   2417            102             12.7382352941176-7.6780863039482*
*       -0.15820829750350                                               
GRID*   2418            102             12.7382352941176-7.8397921863011*
*       -0.14457271079660                                               
GRID*   2419            102             12.7382352941176-6.2227333627717*
*       .0559678124357280                                               
GRID*   2420            102             12.7382352941176-6.2227333627717*
*       -0.05596781243570                                               
GRID*   2421            102             12.7382352941176-7.8397921863011*
*       .0481909035988730                                               
GRID*   2422            102             12.7382352941176-7.8397921863011*
*       -0.04819090359890                                               
GRID*   2423            102             12.9102941176471-6.3278803943823*
*       .1648984067217680                                               
GRID*   2424            102             12.9102941176471-6.4872627473234*
*       .1816499831134950                                               
GRID*   2425            102             12.9102941176471-6.6466451002646*
*       .1911293780075660                                               
GRID*   2426            102             12.9102941176471-6.8060274532058*
*       .1953153858098150                                               
GRID*   2427            102             12.9102941176471-6.965409806147 *
*       .1953339681523450                                               
GRID*   2428            102             12.9102941176471-7.1247921590881*
*       .1920009511386140                                               
GRID*   2429            102             12.9102941176471-7.2841745120293*
*       .1859485311805030                                               
GRID*   2430            102             12.9102941176471-7.4435568649705*
*       .1776009390018270                                               
GRID*   2431            102             12.9102941176471-7.6029392179117*
*       .1673208087361480                                               
GRID*   2432            102             12.9102941176471-7.7623215708529*
*       .1553767844594930                                               
GRID*   2433            102             12.9102941176471-7.921703923794 *
*       .1419852389453730                                               
GRID*   2434            102             12.9102941176471-6.3278803943823*
*       -0.16489840672180                                               
GRID*   2435            102             12.9102941176471-6.4872627473234*
*       -0.18164998311350                                               
GRID*   2436            102             12.9102941176471-6.6466451002646*
*       -0.19112937800760                                               
GRID*   2437            102             12.9102941176471-6.8060274532058*
*       -0.19531538580980                                               
GRID*   2438            102             12.9102941176471-6.965409806147 *
*       -0.19533396815230                                               
GRID*   2439            102             12.9102941176471-7.1247921590881*
*       -0.19200095113860                                               
GRID*   2440            102             12.9102941176471-7.2841745120293*
*       -0.18594853118050                                               
GRID*   2441            102             12.9102941176471-7.4435568649705*
*       -0.17760093900180                                               
GRID*   2442            102             12.9102941176471-7.6029392179117*
*       -0.16732080873610                                               
GRID*   2443            102             12.9102941176471-7.7623215708529*
*       -0.15537678445950                                               
GRID*   2444            102             12.9102941176471-7.921703923794 *
*       -0.14198523894540                                               
GRID*   2445            102             12.9102941176471-6.3278803943823*
*       .0549661355739230                                               
GRID*   2446            102             12.9102941176471-6.3278803943823*
*       -0.05496613557390                                               
GRID*   2447            102             12.9102941176471-7.921703923794 *
*       .0473284129817910                                               
GRID*   2448            102             12.9102941176471-7.921703923794 *
*       -0.04732841298180                                               
GRID*   2449            102             13.0823529411765-6.4330274259928*
*       .1619106499875710                                               
GRID*   2450            102             13.0823529411765-6.5900862495222*
*       .1783587083758930                                               
GRID*   2451            102             13.0823529411765-6.7471450730517*
*       .1876663482694520                                               
GRID*   2452            102             13.0823529411765-6.9042038965811*
*       .1917765107482130                                               
GRID*   2453            102             13.0823529411765-7.0612627201105*
*       .1917947564015040                                               
GRID*   2454            102             13.0823529411765-7.2183215436399*
*       .1885221295651310                                               
GRID*   2455            102             13.0823529411765-7.3753803671693*
*       .1825793720279470                                               
GRID*   2456            102             13.0823529411765-7.5324391906987*
*       .1743830279737490                                               
GRID*   2457            102             13.0823529411765-7.6894980142281*
*       .1642891610506960                                               
GRID*   2458            102             13.0823529411765-7.8465568377575*
*       .15256154783389 0                                               
GRID*   2459            102             13.0823529411765-8.0036156612869*
*       .1394126406877590                                               
GRID*   2460            102             13.0823529411765-6.4330274259928*
*       -0.16191064998760                                               
GRID*   2461            102             13.0823529411765-6.5900862495222*
*       -0.17835870837590                                               
GRID*   2462            102             13.0823529411765-6.7471450730517*
*       -0.18766634826950                                               
GRID*   2463            102             13.0823529411765-6.9042038965811*
*       -0.19177651074820                                               
GRID*   2464            102             13.0823529411765-7.0612627201105*
*       -0.19179475640150                                               
GRID*   2465            102             13.0823529411765-7.2183215436399*
*       -0.18852212956510                                               
GRID*   2466            102             13.0823529411765-7.3753803671693*
*       -0.18257937202790                                               
GRID*   2467            102             13.0823529411765-7.5324391906987*
*       -0.17438302797370                                               
GRID*   2468            102             13.0823529411765-7.6894980142281*
*       -0.16428916105070                                               
GRID*   2469            102             13.0823529411765-7.8465568377575*
*       -0.15256154783390                                               
GRID*   2470            102             13.0823529411765-8.0036156612869*
*       -0.13941264068780                                               
GRID*   2471            102             13.0823529411765-6.4330274259928*
*       .0539702166625240                                               
GRID*   2472            102             13.0823529411765-6.4330274259928*
*       -0.05397021666250                                               
GRID*   2473            102             13.0823529411765-8.0036156612869*
*       .0464708802292530                                               
GRID*   2474            102             13.0823529411765-8.0036156612869*
*       -0.04647088022930                                               
GRID*   2475            102             13.0823529411765-6.5900862495222*
*       .0594529027919640                                               
GRID*   2476            102             13.0823529411765-6.5900862495222*
*       -0.059452902792 0                                               
GRID*   2477            102             13.0823529411765-6.7471450730517*
*       .0625554494231510                                               
GRID*   2478            102             13.0823529411765-6.7471450730517*
*       -0.06255544942320                                               
GRID*   2479            102             13.0823529411765-6.9042038965811*
*       .0639255035827380                                               
GRID*   2480            102             13.0823529411765-6.9042038965811*
*       -0.06392550358270                                               
GRID*   2481            102             13.0823529411765-7.0612627201105*
*       .0639315854671680                                               
GRID*   2482            102             13.0823529411765-7.0612627201105*
*       -0.06393158546720                                               
GRID*   2483            102             13.0823529411765-7.2183215436399*
*       .0628407098550440                                               
GRID*   2484            102             13.0823529411765-7.2183215436399*
*       -0.062840709855 0                                               
GRID*   2485            102             13.0823529411765-7.3753803671693*
*       .0608597906759820                                               
GRID*   2486            102             13.0823529411765-7.3753803671693*
*       -0.060859790676 0                                               
GRID*   2487            102             13.0823529411765-7.5324391906987*
*       .05812767599125 0                                               
GRID*   2488            102             13.0823529411765-7.5324391906987*
*       -0.05812767599120                                               
GRID*   2489            102             13.0823529411765-7.6894980142281*
*       .0547630536835650                                               
GRID*   2490            102             13.0823529411765-7.6894980142281*
*       -0.05476305368360                                               
GRID*   2491            102             13.0823529411765-7.8465568377575*
*       .0508538492779630                                               
GRID*   2492            102             13.0823529411765-7.8465568377575*
*       -0.050853849278 0                                               
GRID*   2493            102             13.2544117647059-6.5381744576034*
*       .15894016710459 0                                               
GRID*   2494            102             13.2544117647059-6.692909751721 *
*       .1750864622926260                                               
GRID*   2495            102             13.2544117647059-6.8476450458387*
*       .1842233401950070                                               
GRID*   2496            102             13.2544117647059-7.0023803399563*
*       .18825809585346 0                                               
GRID*   2497            102             13.2544117647059-7.157115634074 *
*       .1882760067640970                                               
GRID*   2498            102             13.2544117647059-7.3118509281916*
*       .1850634209565290                                               
GRID*   2499            102             13.2544117647059-7.4665862223093*
*       .1792296918220060                                               
GRID*   2500            102             13.2544117647059-7.6213215164269*
*       .1711837214443880                                               
GRID*   2501            102             13.2544117647059-7.7760568105446*
*       .1612750409739880                                               
GRID*   2502            102             13.2544117647059-7.9307921046622*
*       .1497625876266620                                               
GRID*   2503            102             13.2544117647059-8.0855273987799*
*       .13685491602378 0                                               
GRID*   2504            102             13.2544117647059-6.5381744576034*
*       -0.15894016710460                                               
GRID*   2505            102             13.2544117647059-6.692909751721 *
*       -0.17508646229260                                               
GRID*   2506            102             13.2544117647059-6.8476450458387*
*       -0.184223340195 0                                               
GRID*   2507            102             13.2544117647059-7.0023803399563*
*       -0.18825809585350                                               
GRID*   2508            102             13.2544117647059-7.157115634074 *
*       -0.18827600676410                                               
GRID*   2509            102             13.2544117647059-7.3118509281916*
*       -0.18506342095650                                               
GRID*   2510            102             13.2544117647059-7.4665862223093*
*       -0.179229691822 0                                               
GRID*   2511            102             13.2544117647059-7.6213215164269*
*       -0.17118372144440                                               
GRID*   2512            102             13.2544117647059-7.7760568105446*
*       -0.161275040974 0                                               
GRID*   2513            102             13.2544117647059-7.9307921046622*
*       -0.14976258762670                                               
GRID*   2514            102             13.2544117647059-8.0855273987799*
*       -0.13685491602380                                               
GRID*   2515            102             13.2544117647059-6.5381744576034*
*       .05298005570153 0                                               
GRID*   2516            102             13.2544117647059-6.5381744576034*
*       -0.05298005570150                                               
GRID*   2517            102             13.2544117647059-8.0855273987799*
*       .04561830534126 0                                               
GRID*   2518            102             13.2544117647059-8.0855273987799*
*       -0.04561830534130                                               
GRID*   2519            102             13.4264705882353-6.643321489214 *
*       .1559869580728270                                               
GRID*   2520            102             13.4264705882353-6.7957332539198*
*       .1718332448636930                                               
GRID*   2521            102             13.4264705882353-6.9481450186257*
*       .18080035378423 0                                               
GRID*   2522            102             13.4264705882353-7.1005567833316*
*       .1847601411255580                                               
GRID*   2523            102             13.4264705882353-7.2529685480375*
*       .1847777192401240                                               
GRID*   2524            102             13.4264705882353-7.4053803127434*
*       .18162482531281 0                                               
GRID*   2525            102             13.4264705882353-7.5577920774493*
*       .1758994905626810                                               
GRID*   2526            102             13.4264705882353-7.7102038421551*
*       .1680030194137430                                               
GRID*   2527            102             13.4264705882353-7.862615606861 *
*       .1582784485060250                                               
GRID*   2528            102             13.4264705882353-8.0150273715669*
*       .14697990383781 0                                               
GRID*   2529            102             13.4264705882353-8.1674391362728*
*       .1343120649534350                                               
GRID*   2530            102             13.4264705882353-6.643321489214 *
*       -0.15598695807280                                               
GRID*   2531            102             13.4264705882353-6.7957332539198*
*       -0.17183324486370                                               
GRID*   2532            102             13.4264705882353-6.9481450186257*
*       -0.18080035378420                                               
GRID*   2533            102             13.4264705882353-7.1005567833316*
*       -0.18476014112560                                               
GRID*   2534            102             13.4264705882353-7.2529685480375*
*       -0.18477771924010                                               
GRID*   2535            102             13.4264705882353-7.4053803127434*
*       -0.18162482531280                                               
GRID*   2536            102             13.4264705882353-7.5577920774493*
*       -0.17589949056270                                               
GRID*   2537            102             13.4264705882353-7.7102038421551*
*       -0.16800301941370                                               
GRID*   2538            102             13.4264705882353-7.862615606861 *
*       -0.158278448506 0                                               
GRID*   2539            102             13.4264705882353-8.0150273715669*
*       -0.14697990383780                                               
GRID*   2540            102             13.4264705882353-8.1674391362728*
*       -0.13431206495340                                               
GRID*   2541            102             13.4264705882353-6.643321489214 *
*       .0519956526909420                                               
GRID*   2542            102             13.4264705882353-6.643321489214 *
*       -0.05199565269090                                               
GRID*   2543            102             13.4264705882353-8.1674391362728*
*       .0447706883178120                                               
GRID*   2544            102             13.4264705882353-8.1674391362728*
*       -0.04477068831780                                               
GRID*   2545            102             13.5985294117647-6.7484685208245*
*       .15305102289228 0                                               
GRID*   2546            102             13.5985294117647-6.8985567561186*
*       .1685990560890950                                               
GRID*   2547            102             13.5985294117647-7.0486449914128*
*       .1773973890371220                                               
GRID*   2548            102             13.5985294117647-7.1987332267069*
*       .1812826465645060                                               
GRID*   2549            102             13.5985294117647-7.348821462001 *
*       .1812998938295850                                               
GRID*   2550            102             13.5985294117647-7.4989096972951*
*       .1782063426339720                                               
GRID*   2551            102             13.5985294117647-7.6489979325892*
*       .1725887682499720                                               
GRID*   2552            102             13.5985294117647-7.7990861678834*
*       .1648409218818160                                               
GRID*   2553            102             13.5985294117647-7.9491744031775*
*       .1552993836468060                                               
GRID*   2554            102             13.5985294117647-8.0992626384716*
*       .1442134964673340                                               
GRID*   2555            102             13.5985294117647-8.2493508737657*
*       .1317840874767240                                               
GRID*   2556            102             13.5985294117647-6.7484685208245*
*       -0.15305102289230                                               
GRID*   2557            102             13.5985294117647-6.8985567561186*
*       -0.16859905608910                                               
GRID*   2558            102             13.5985294117647-7.0486449914128*
*       -0.17739738903710                                               
GRID*   2559            102             13.5985294117647-7.1987332267069*
*       -0.18128264656450                                               
GRID*   2560            102             13.5985294117647-7.348821462001 *
*       -0.18129989382960                                               
GRID*   2561            102             13.5985294117647-7.4989096972951*
*       -0.178206342634 0                                               
GRID*   2562            102             13.5985294117647-7.6489979325892*
*       -0.17258876825  0                                               
GRID*   2563            102             13.5985294117647-7.7990861678834*
*       -0.16484092188180                                               
GRID*   2564            102             13.5985294117647-7.9491744031775*
*       -0.15529938364680                                               
GRID*   2565            102             13.5985294117647-8.0992626384716*
*       -0.14421349646730                                               
GRID*   2566            102             13.5985294117647-8.2493508737657*
*       -0.13178408747670                                               
GRID*   2567            102             13.5985294117647-6.7484685208245*
*       .05101700763076 0                                               
GRID*   2568            102             13.5985294117647-6.7484685208245*
*       -0.05101700763080                                               
GRID*   2569            102             13.5985294117647-8.2493508737657*
*       .0439280291589080                                               
GRID*   2570            102             13.5985294117647-8.2493508737657*
*       -0.04392802915890                                               
GRID*   2571            102             13.7705882352941-6.8536155524351*
*       .15013236156295 0                                               
GRID*   2572            102             13.7705882352941-7.0013802583175*
*       .1653838959688310                                               
GRID*   2573            102             13.7705882352941-7.1491449641998*
*       .1740144459536830                                               
GRID*   2574            102             13.7705882352941-7.2969096700822*
*       .1778256121703030                                               
GRID*   2575            102             13.7705882352941-7.4446743759645*
*       .1778425305324810                                               
GRID*   2576            102             13.7705882352941-7.5924390818469*
*       .1748079729200150                                               
GRID*   2577            102             13.7705882352941-7.7402037877292*
*       .16929752488388 0                                               
GRID*   2578            102             13.7705882352941-7.8879684936116*
*       .1616974288486060                                               
GRID*   2579            102             13.7705882352941-8.0357331994939*
*       .1523378463963310                                               
GRID*   2580            102             13.7705882352941-8.1834979053763*
*       .1414633655152330                                               
GRID*   2581            102             13.7705882352941-8.3312626112586*
*       .1292709835936480                                               
GRID*   2582            102             13.7705882352941-6.8536155524351*
*       -0.15013236156290                                               
GRID*   2583            102             13.7705882352941-7.0013802583175*
*       -0.16538389596880                                               
GRID*   2584            102             13.7705882352941-7.1491449641998*
*       -0.17401444595370                                               
GRID*   2585            102             13.7705882352941-7.2969096700822*
*       -0.17782561217030                                               
GRID*   2586            102             13.7705882352941-7.4446743759645*
*       -0.17784253053250                                               
GRID*   2587            102             13.7705882352941-7.5924390818469*
*       -0.17480797292  0                                               
GRID*   2588            102             13.7705882352941-7.7402037877292*
*       -0.16929752488390                                               
GRID*   2589            102             13.7705882352941-7.8879684936116*
*       -0.16169742884860                                               
GRID*   2590            102             13.7705882352941-8.0357331994939*
*       -0.15233784639630                                               
GRID*   2591            102             13.7705882352941-8.1834979053763*
*       -0.14146336551520                                               
GRID*   2592            102             13.7705882352941-8.3312626112586*
*       -0.12927098359360                                               
GRID*   2593            102             13.7705882352941-6.8536155524351*
*       .0500441205209830                                               
GRID*   2594            102             13.7705882352941-6.8536155524351*
*       -0.050044120521 0                                               
GRID*   2595            102             13.7705882352941-8.3312626112586*
*       .0430903278645490                                               
GRID*   2596            102             13.7705882352941-8.3312626112586*
*       -0.04309032786450                                               
GRID*   2597            102             13.7705882352941-7.0013802583175*
*       .0551279653229440                                               
GRID*   2598            102             13.7705882352941-7.0013802583175*
*       -0.05512796532290                                               
GRID*   2599            102             13.7705882352941-7.1491449641998*
*       .0580048153178940                                               
GRID*   2600            102             13.7705882352941-7.1491449641998*
*       -0.05800481531790                                               
GRID*   2601            102             13.7705882352941-7.2969096700822*
*       .0592752040567680                                               
GRID*   2602            102             13.7705882352941-7.2969096700822*
*       -0.05927520405680                                               
GRID*   2603            102             13.7705882352941-7.4446743759645*
*       .0592808435108270                                               
GRID*   2604            102             13.7705882352941-7.4446743759645*
*       -0.05928084351080                                               
GRID*   2605            102             13.7705882352941-7.5924390818469*
*       .0582693243066720                                               
GRID*   2606            102             13.7705882352941-7.5924390818469*
*       -0.05826932430670                                               
GRID*   2607            102             13.7705882352941-7.7402037877292*
*       .0564325082946270                                               
GRID*   2608            102             13.7705882352941-7.7402037877292*
*       -0.05643250829460                                               
GRID*   2609            102             13.7705882352941-7.8879684936116*
*       .0538991429495350                                               
GRID*   2610            102             13.7705882352941-7.8879684936116*
*       -0.05389914294950                                               
GRID*   2611            102             13.7705882352941-8.0357331994939*
*       .05077928213211 0                                               
GRID*   2612            102             13.7705882352941-8.0357331994939*
*       -0.05077928213210                                               
GRID*   2613            102             13.7705882352941-8.1834979053763*
*       .0471544551717440                                               
GRID*   2614            102             13.7705882352941-8.1834979053763*
*       -0.04715445517170                                               
GRID*   2615            102             13.9426470588235-6.9587625840457*
*       .1472309740848360                                               
GRID*   2616            102             13.9426470588235-7.1042037605163*
*       .1621877645029020                                               
GRID*   2617            102             13.9426470588235-7.2496449369868*
*       .1706515245339120                                               
GRID*   2618            102             13.9426470588235-7.3950861134574*
*       .1743890379429510                                               
GRID*   2619            102             13.9426470588235-7.540527289928 *
*       .17440562934881 0                                               
GRID*   2620            102             13.9426470588235-7.6859684663986*
*       .1714297161709410                                               
GRID*   2621            102             13.9426470588235-7.8314096428692*
*       .1660257604644030                                               
GRID*   2622            102             13.9426470588235-7.9768508193398*
*       .1585725403141120                                               
GRID*   2623            102             13.9426470588235-8.1222919958104*
*       .1493938367546010                                               
GRID*   2624            102             13.9426470588235-8.267733172281 *
*       .1387295109815080                                               
GRID*   2625            102             13.9426470588235-8.4131743487516*
*       .1267727533042060                                               
GRID*   2626            102             13.9426470588235-6.9587625840457*
*       -0.14723097408480                                               
GRID*   2627            102             13.9426470588235-7.1042037605163*
*       -0.16218776450290                                               
GRID*   2628            102             13.9426470588235-7.2496449369868*
*       -0.17065152453390                                               
GRID*   2629            102             13.9426470588235-7.3950861134574*
*       -0.174389037943 0                                               
GRID*   2630            102             13.9426470588235-7.540527289928 *
*       -0.17440562934880                                               
GRID*   2631            102             13.9426470588235-7.6859684663986*
*       -0.17142971617090                                               
GRID*   2632            102             13.9426470588235-7.8314096428692*
*       -0.16602576046440                                               
GRID*   2633            102             13.9426470588235-7.9768508193398*
*       -0.15857254031410                                               
GRID*   2634            102             13.9426470588235-8.1222919958104*
*       -0.14939383675460                                               
GRID*   2635            102             13.9426470588235-8.267733172281 *
*       -0.13872951098150                                               
GRID*   2636            102             13.9426470588235-8.4131743487516*
*       -0.12677275330420                                               
GRID*   2637            102             13.9426470588235-6.9587625840457*
*       .0490769913616120                                               
GRID*   2638            102             13.9426470588235-6.9587625840457*
*       -0.04907699136160                                               
GRID*   2639            102             13.9426470588235-8.4131743487516*
*       .0422575844347350                                               
GRID*   2640            102             13.9426470588235-8.4131743487516*
*       -0.04225758443470                                               
GRID*   2641            102             14.1147058823529-7.0639096156562*
*       .14434686045794 0                                               
GRID*   2642            102             14.1147058823529-7.2070272627151*
*       .1590106616913080                                               
GRID*   2643            102             14.1147058823529-7.3501449097739*
*       .1673086247778090                                               
GRID*   2644            102             14.1147058823529-7.4932625568327*
*       .1709729238824490                                               
GRID*   2645            102             14.1147058823529-7.6363802038915*
*       .1709891902785740                                               
GRID*   2646            102             14.1147058823529-7.7794978509504*
*       .1680715723867480                                               
GRID*   2647            102             14.1147058823529-7.9226154980092*
*       .1627734749915420                                               
GRID*   2648            102             14.1147058823529-8.065733145068 *
*       .1554662562783360                                               
GRID*   2649            102             14.1147058823529-8.2088507921268*
*       .1464673547216150                                               
GRID*   2650            102             14.1147058823529-8.3519684391856*
*       .1360119328661590                                               
GRID*   2651            102             14.1147058823529-8.4950860862445*
*       .1242893966083980                                               
GRID*   2652            102             14.1147058823529-7.0639096156562*
*       -0.14434686045790                                               
GRID*   2653            102             14.1147058823529-7.2070272627151*
*       -0.15901066169130                                               
GRID*   2654            102             14.1147058823529-7.3501449097739*
*       -0.16730862477780                                               
GRID*   2655            102             14.1147058823529-7.4932625568327*
*       -0.17097292388240                                               
GRID*   2656            102             14.1147058823529-7.6363802038915*
*       -0.17098919027860                                               
GRID*   2657            102             14.1147058823529-7.7794978509504*
*       -0.16807157238670                                               
GRID*   2658            102             14.1147058823529-7.9226154980092*
*       -0.16277347499150                                               
GRID*   2659            102             14.1147058823529-8.065733145068 *
*       -0.15546625627830                                               
GRID*   2660            102             14.1147058823529-8.2088507921268*
*       -0.14646735472160                                               
GRID*   2661            102             14.1147058823529-8.3519684391856*
*       -0.13601193286620                                               
GRID*   2662            102             14.1147058823529-8.4950860862445*
*       -0.12428939660840                                               
GRID*   2663            102             14.1147058823529-7.0639096156562*
*       .0481156201526470                                               
GRID*   2664            102             14.1147058823529-7.0639096156562*
*       -0.04811562015260                                               
GRID*   2665            102             14.1147058823529-8.4950860862445*
*       .0414297988694660                                               
GRID*   2666            102             14.1147058823529-8.4950860862445*
*       -0.04142979886950                                               
GRID*   2667            102             14.2867647058824-7.1690566472668*
*       .14148002068226 0                                               
GRID*   2668            102             14.2867647058824-7.3098507649139*
*       .1558525875340480                                               
GRID*   2669            102             14.2867647058824-7.4506448825609*
*       .1639857466853750                                               
GRID*   2670            102             14.2867647058824-7.591439000208 *
*       .1675772699887960                                               
GRID*   2671            102             14.2867647058824-7.732233117855 *
*       .1675932133217720                                               
GRID*   2672            102             14.2867647058824-7.8730272355021*
*       .1647335415674370                                               
GRID*   2673            102             14.2867647058824-8.0138213531492*
*       .1595406684652970                                               
GRID*   2674            102             14.2867647058824-8.1546154707962*
*       .1523785767412760                                               
GRID*   2675            102             14.2867647058824-8.2954095884433*
*       .1435584002973730                                               
GRID*   2676            102             14.2867647058824-8.4362037060903*
*       .1333106311691860                                               
GRID*   2677            102             14.2867647058824-8.5769978237374*
*       .1218209135062250                                               
GRID*   2678            102             14.2867647058824-7.1690566472668*
*       -0.14148002068230                                               
GRID*   2679            102             14.2867647058824-7.3098507649139*
*       -0.155852587534 0                                               
GRID*   2680            102             14.2867647058824-7.4506448825609*
*       -0.16398574668540                                               
GRID*   2681            102             14.2867647058824-7.591439000208 *
*       -0.16757726998880                                               
GRID*   2682            102             14.2867647058824-7.732233117855 *
*       -0.16759321332180                                               
GRID*   2683            102             14.2867647058824-7.8730272355021*
*       -0.16473354156740                                               
GRID*   2684            102             14.2867647058824-8.0138213531492*
*       -0.15954066846530                                               
GRID*   2685            102             14.2867647058824-8.1546154707962*
*       -0.15237857674130                                               
GRID*   2686            102             14.2867647058824-8.2954095884433*
*       -0.14355840029740                                               
GRID*   2687            102             14.2867647058824-8.4362037060903*
*       -0.13331063116920                                               
GRID*   2688            102             14.2867647058824-8.5769978237374*
*       -0.12182091350620                                               
GRID*   2689            102             14.2867647058824-7.1690566472668*
*       .0471600068940870                                               
GRID*   2690            102             14.2867647058824-7.1690566472668*
*       -0.04716000689410                                               
GRID*   2691            102             14.2867647058824-8.5769978237374*
*       .0406069711687420                                               
GRID*   2692            102             14.2867647058824-8.5769978237374*
*       -0.04060697116870                                               
GRID*   2693            102             14.4588235294118-7.2742036788774*
*       .1386304547577970                                               
GRID*   2694            102             14.4588235294118-7.4126742671127*
*       .1527135420311230                                               
GRID*   2695            102             14.4588235294118-7.551144855348 *
*       .16068289025661 0                                               
GRID*   2696            102             14.4588235294118-7.6896154435833*
*       .1642020762619940                                               
GRID*   2697            102             14.4588235294118-7.8280860318185*
*       .1642176984784040                                               
GRID*   2698            102             14.4588235294118-7.9665566200538*
*       .1614156237130080                                               
GRID*   2699            102             14.4588235294118-8.1050272082891*
*       .1563273408856680                                               
GRID*   2700            102             14.4588235294118-8.2434977965244*
*       .1493095017029340                                               
GRID*   2701            102             14.4588235294118-8.3819683847597*
*       .1406669734818750                                               
GRID*   2702            102             14.4588235294118-8.520438972995 *
*       .1306256058905880                                               
GRID*   2703            102             14.4588235294118-8.6589095612303*
*       .1193673039976860                                               
GRID*   2704            102             14.4588235294118-7.2742036788774*
*       -0.13863045475780                                               
GRID*   2705            102             14.4588235294118-7.4126742671127*
*       -0.15271354203110                                               
GRID*   2706            102             14.4588235294118-7.551144855348 *
*       -0.16068289025660                                               
GRID*   2707            102             14.4588235294118-7.6896154435833*
*       -0.164202076262 0                                               
GRID*   2708            102             14.4588235294118-7.8280860318185*
*       -0.16421769847840                                               
GRID*   2709            102             14.4588235294118-7.9665566200538*
*       -0.161415623713 0                                               
GRID*   2710            102             14.4588235294118-8.1050272082891*
*       -0.15632734088570                                               
GRID*   2711            102             14.4588235294118-8.2434977965244*
*       -0.14930950170290                                               
GRID*   2712            102             14.4588235294118-8.3819683847597*
*       -0.14066697348190                                               
GRID*   2713            102             14.4588235294118-8.520438972995 *
*       -0.13062560589060                                               
GRID*   2714            102             14.4588235294118-8.6589095612303*
*       -0.11936730399770                                               
GRID*   2715            102             14.4588235294118-7.2742036788774*
*       .0462101515859320                                               
GRID*   2716            102             14.4588235294118-7.2742036788774*
*       -0.04621015158590                                               
GRID*   2717            102             14.4588235294118-8.6589095612303*
*       .0397891013325620                                               
GRID*   2718            102             14.4588235294118-8.6589095612303*
*       -0.03978910133260                                               
GRID*   2719            102             14.4588235294118-7.4126742671127*
*       .0509045140103740                                               
GRID*   2720            102             14.4588235294118-7.4126742671127*
*       -0.05090451401040                                               
GRID*   2721            102             14.4588235294118-7.551144855348 *
*       .05356096341887 0                                               
GRID*   2722            102             14.4588235294118-7.551144855348 *
*       -0.05356096341890                                               
GRID*   2723            102             14.4588235294118-7.6896154435833*
*       .0547340254206650                                               
GRID*   2724            102             14.4588235294118-7.6896154435833*
*       -0.05473402542070                                               
GRID*   2725            102             14.4588235294118-7.8280860318185*
*       .0547392328261350                                               
GRID*   2726            102             14.4588235294118-7.8280860318185*
*       -0.05473923282610                                               
GRID*   2727            102             14.4588235294118-7.9665566200538*
*       .0538052079043360                                               
GRID*   2728            102             14.4588235294118-7.9665566200538*
*       -0.05380520790430                                               
GRID*   2729            102             14.4588235294118-8.1050272082891*
*       .0521091136285560                                               
GRID*   2730            102             14.4588235294118-8.1050272082891*
*       -0.05210911362860                                               
GRID*   2731            102             14.4588235294118-8.2434977965244*
*       .0497698339009780                                               
GRID*   2732            102             14.4588235294118-8.2434977965244*
*       -0.049769833901 0                                               
GRID*   2733            102             14.4588235294118-8.3819683847597*
*       .0468889911606250                                               
GRID*   2734            102             14.4588235294118-8.3819683847597*
*       -0.04688899116060                                               
GRID*   2735            102             14.4588235294118-8.520438972995 *
*       .0435418686301960                                               
GRID*   2736            102             14.4588235294118-8.520438972995 *
*       -0.04354186863020                                               
GRID*   2737            102             14.6308823529412-7.3793507104879*
*       .13579816268455 0                                               
GRID*   2738            102             14.6308823529412-7.5154977693115*
*       .1495935251825320                                               
GRID*   2739            102             14.6308823529412-7.651644828135 *
*       .1574000554915130                                               
GRID*   2740            102             14.6308823529412-7.7877918869585*
*       .1608473427020420                                               
GRID*   2741            102             14.6308823529412-7.9239389457821*
*       .16086264574847 0                                               
GRID*   2742            102             14.6308823529412-8.0600860046056*
*       .1581178188234610                                               
GRID*   2743            102             14.6308823529412-8.1962330634291*
*       .1531334922526560                                               
GRID*   2744            102             14.6308823529412-8.3323801222526*
*       .1462590311633080                                               
GRID*   2745            102             14.6308823529412-8.4685271810762*
*       .1377930742751220                                               
GRID*   2746            102             14.6308823529412-8.6046742398997*
*       .1279568570303670                                               
GRID*   2747            102             14.6308823529412-8.7408212987232*
*       .1169285680827810                                               
GRID*   2748            102             14.6308823529412-7.3793507104879*
*       -0.13579816268460                                               
GRID*   2749            102             14.6308823529412-7.5154977693115*
*       -0.14959352518250                                               
GRID*   2750            102             14.6308823529412-7.651644828135 *
*       -0.15740005549150                                               
GRID*   2751            102             14.6308823529412-7.7877918869585*
*       -0.160847342702 0                                               
GRID*   2752            102             14.6308823529412-7.9239389457821*
*       -0.16086264574850                                               
GRID*   2753            102             14.6308823529412-8.0600860046056*
*       -0.15811781882350                                               
GRID*   2754            102             14.6308823529412-8.1962330634291*
*       -0.15313349225270                                               
GRID*   2755            102             14.6308823529412-8.3323801222526*
*       -0.14625903116330                                               
GRID*   2756            102             14.6308823529412-8.4685271810762*
*       -0.13779307427510                                               
GRID*   2757            102             14.6308823529412-8.6046742398997*
*       -0.12795685703040                                               
GRID*   2758            102             14.6308823529412-8.7408212987232*
*       -0.11692856808280                                               
GRID*   2759            102             14.6308823529412-7.3793507104879*
*       .0452660542281830                                               
GRID*   2760            102             14.6308823529412-7.3793507104879*
*       -0.04526605422820                                               
GRID*   2761            102             14.6308823529412-8.7408212987232*
*       .0389761893609270                                               
GRID*   2762            102             14.6308823529412-8.7408212987232*
*       -0.03897618936090                                               
GRID*   2763            102             14.8029411764706-7.4844977420985*
*       .1329831444625210                                               
GRID*   2764            102             14.8029411764706-7.6183212715103*
*       .1464925369882760                                               
GRID*   2765            102             14.8029411764706-7.752144800922 *
*       .1541372423900840                                               
GRID*   2766            102             14.8029411764706-7.8859683303338*
*       .15751306930894 0                                               
GRID*   2767            102             14.8029411764706-8.0197918597456*
*       .15752805513197 0                                               
GRID*   2768            102             14.8029411764706-8.1536153891573*
*       .1548401268987950                                               
GRID*   2769            102             14.8029411764706-8.2874389185691*
*       .1499591225662590                                               
GRID*   2770            102             14.8029411764706-8.4212624479809*
*       .1432271651224  0                                               
GRID*   2771            102             14.8029411764706-8.5550859773926*
*       .1349367026771140                                               
GRID*   2772            102             14.8029411764706-8.6889095068044*
*       .1253043845885210                                               
GRID*   2773            102             14.8029411764706-8.8227330362162*
*       .1145047057615110                                               
GRID*   2774            102             14.8029411764706-7.4844977420985*
*       -0.13298314446250                                               
GRID*   2775            102             14.8029411764706-7.6183212715103*
*       -0.14649253698830                                               
GRID*   2776            102             14.8029411764706-7.752144800922 *
*       -0.15413724239010                                               
GRID*   2777            102             14.8029411764706-7.8859683303338*
*       -0.15751306930890                                               
GRID*   2778            102             14.8029411764706-8.0197918597456*
*       -0.157528055132 0                                               
GRID*   2779            102             14.8029411764706-8.1536153891573*
*       -0.15484012689880                                               
GRID*   2780            102             14.8029411764706-8.2874389185691*
*       -0.14995912256630                                               
GRID*   2781            102             14.8029411764706-8.4212624479809*
*       -0.14322716512240                                               
GRID*   2782            102             14.8029411764706-8.5550859773926*
*       -0.13493670267710                                               
GRID*   2783            102             14.8029411764706-8.6889095068044*
*       -0.12530438458850                                               
GRID*   2784            102             14.8029411764706-8.8227330362162*
*       -0.11450470576150                                               
GRID*   2785            102             14.8029411764706-7.4844977420985*
*       .04432771482084 0                                               
GRID*   2786            102             14.8029411764706-7.4844977420985*
*       -0.04432771482080                                               
GRID*   2787            102             14.8029411764706-8.8227330362162*
*       .0381682352538370                                               
GRID*   2788            102             14.8029411764706-8.8227330362162*
*       -0.03816823525380                                               
GRID*   2789            102             14.975          -7.5896447737091*
*       .1301854000917080                                               
GRID*   2790            102             14.975          -7.7211447737091*
*       .1434105774483550                                               
GRID*   2791            102             14.975          -7.8526447737091*
*       .1508944509523250                                               
GRID*   2792            102             14.975          -7.9841447737091*
*       .1541992560826880                                               
GRID*   2793            102             14.975          -8.1156447737091*
*       .1542139266289050                                               
GRID*   2794            102             14.975          -8.2471447737091*
*       .1515825479390110                                               
GRID*   2795            102             14.975          -8.3786447737091*
*       .1468042318264780                                               
GRID*   2796            102             14.975          -8.5101447737091*
*       .1402139035802080                                               
GRID*   2797            102             14.975          -8.6416447737091*
*       .1320978586878490                                               
GRID*   2798            102             14.975          -8.7731447737091*
*       .12266818856505 0                                               
GRID*   2799            102             14.975          -8.9046447737091*
*       .1120957170338750                                               
GRID*   2800            102             14.975          -7.5896447737091*
*       -0.13018540009170                                               
GRID*   2801            102             14.975          -7.7211447737091*
*       -0.14341057744840                                               
GRID*   2802            102             14.975          -7.8526447737091*
*       -0.15089445095230                                               
GRID*   2803            102             14.975          -7.9841447737091*
*       -0.15419925608270                                               
GRID*   2804            102             14.975          -8.1156447737091*
*       -0.15421392662890                                               
GRID*   2805            102             14.975          -8.2471447737091*
*       -0.151582547939 0                                               
GRID*   2806            102             14.975          -8.3786447737091*
*       -0.14680423182650                                               
GRID*   2807            102             14.975          -8.5101447737091*
*       -0.14021390358020                                               
GRID*   2808            102             14.975          -8.6416447737091*
*       -0.13209785868780                                               
GRID*   2809            102             14.975          -8.7731447737091*
*       -0.12266818856510                                               
GRID*   2810            102             14.975          -8.9046447737091*
*       -0.11209571703390                                               
GRID*   2811            102             14.975          -7.5896447737091*
*       .0433951333639030                                               
GRID*   2812            102             14.975          -7.5896447737091*
*       -0.04339513336390                                               
GRID*   2813            102             14.975          -8.9046447737091*
*       .0373652390112920                                               
GRID*   2814            102             14.975          -8.9046447737091*
*       -0.03736523901130                                               
GRID*   2815            102             15.1470588235294-7.6947918053196*
*       .1274049295721130                                               
GRID*   2816            102             15.1470588235294-7.8239682759079*
*       .1403476465627680                                               
GRID*   2817            102             15.1470588235294-7.9531447464961*
*       .1476716811782330                                               
GRID*   2818            102             15.1470588235294-8.0823212170844*
*       .1509059030232860                                               
GRID*   2819            102             15.1470588235294-8.2114976876726*
*       .1509202602392730                                               
GRID*   2820            102             15.1470588235294-8.3406741582608*
*       .1483450819441090                                               
GRID*   2821            102             15.1470588235294-8.4698506288491*
*       .1436688200333130                                               
GRID*   2822            102             15.1470588235294-8.5990270994373*
*       .1372192465367330                                               
GRID*   2823            102             15.1470588235294-8.7282035700255*
*       .1292765423073290                                               
GRID*   2824            102             15.1470588235294-8.8573800406138*
*       .1200482689599560                                               
GRID*   2825            102             15.1470588235294-8.986556511202 *
*       .1097016018998730                                               
GRID*   2826            102             15.1470588235294-7.6947918053196*
*       -0.12740492957210                                               
GRID*   2827            102             15.1470588235294-7.8239682759079*
*       -0.14034764656280                                               
GRID*   2828            102             15.1470588235294-7.9531447464961*
*       -0.14767168117820                                               
GRID*   2829            102             15.1470588235294-8.0823212170844*
*       -0.15090590302330                                               
GRID*   2830            102             15.1470588235294-8.2114976876726*
*       -0.15092026023930                                               
GRID*   2831            102             15.1470588235294-8.3406741582608*
*       -0.14834508194410                                               
GRID*   2832            102             15.1470588235294-8.4698506288491*
*       -0.14366882003330                                               
GRID*   2833            102             15.1470588235294-8.5990270994373*
*       -0.13721924653670                                               
GRID*   2834            102             15.1470588235294-8.7282035700255*
*       -0.12927654230730                                               
GRID*   2835            102             15.1470588235294-8.8573800406138*
*       -0.12004826896  0                                               
GRID*   2836            102             15.1470588235294-8.986556511202 *
*       -0.10970160189990                                               
GRID*   2837            102             15.1470588235294-7.6947918053196*
*       .0424683098573710                                               
GRID*   2838            102             15.1470588235294-7.6947918053196*
*       -0.04246830985740                                               
GRID*   2839            102             15.1470588235294-8.986556511202 *
*       .0365672006332910                                               
GRID*   2840            102             15.1470588235294-8.986556511202 *
*       -0.03656720063330                                               
GRID*   2841            102             15.1470588235294-7.8239682759079*
*       .0467825488542560                                               
GRID*   2842            102             15.1470588235294-7.8239682759079*
*       -0.04678254885430                                               
GRID*   2843            102             15.1470588235294-7.9531447464961*
*       .0492238937260780                                               
GRID*   2844            102             15.1470588235294-7.9531447464961*
*       -0.04922389372610                                               
GRID*   2845            102             15.1470588235294-8.0823212170844*
*       .0503019676744290                                               
GRID*   2846            102             15.1470588235294-8.0823212170844*
*       -0.05030196767440                                               
GRID*   2847            102             15.1470588235294-8.2114976876726*
*       .0503067534130910                                               
GRID*   2848            102             15.1470588235294-8.2114976876726*
*       -0.05030675341310                                               
GRID*   2849            102             15.1470588235294-8.3406741582608*
*       .0494483606480360                                               
GRID*   2850            102             15.1470588235294-8.3406741582608*
*       -0.049448360648 0                                               
GRID*   2851            102             15.1470588235294-8.4698506288491*
*       .0478896066777710                                               
GRID*   2852            102             15.1470588235294-8.4698506288491*
*       -0.04788960667780                                               
GRID*   2853            102             15.1470588235294-8.5990270994373*
*       .0457397488455780                                               
GRID*   2854            102             15.1470588235294-8.5990270994373*
*       -0.04573974884560                                               
GRID*   2855            102             15.1470588235294-8.7282035700255*
*       .04309218076911 0                                               
GRID*   2856            102             15.1470588235294-8.7282035700255*
*       -0.04309218076910                                               
GRID*   2857            102             15.1470588235294-8.8573800406138*
*       .0400160896533190                                               
GRID*   2858            102             15.1470588235294-8.8573800406138*
*       -0.04001608965330                                               
GRID*   2859            102             15.3191176470588-7.7999388369302*
*       .1246417329037340                                               
GRID*   2860            102             15.3191176470588-7.9267917781067*
*       .1373037443315160                                               
GRID*   2861            102             15.3191176470588-8.0536447192832*
*       .1444689330678110                                               
GRID*   2862            102             15.3191176470588-8.1804976604596*
*       .1476330101307340                                               
GRID*   2863            102             15.3191176470588-8.3073506016361*
*       .1476470559630760                                               
GRID*   2864            102             15.3191176470588-8.4342035428126*
*       .1451277289140890                                               
GRID*   2865            102             15.3191176470588-8.561056483989 *
*       .1405528871867640                                               
GRID*   2866            102             15.3191176470588-8.6879094251655*
*       .1342431939919750                                               
GRID*   2867            102             15.3191176470588-8.814762366342 *
*       .1264727535355540                                               
GRID*   2868            102             15.3191176470588-8.9416153075184*
*       .1174446257732370                                               
GRID*   2869            102             15.3191176470588-9.0684682486949*
*       .1073223603595050                                               
GRID*   2870            102             15.3191176470588-7.7999388369302*
*       -0.12464173290370                                               
GRID*   2871            102             15.3191176470588-7.9267917781067*
*       -0.13730374433150                                               
GRID*   2872            102             15.3191176470588-8.0536447192832*
*       -0.14446893306780                                               
GRID*   2873            102             15.3191176470588-8.1804976604596*
*       -0.14763301013070                                               
GRID*   2874            102             15.3191176470588-8.3073506016361*
*       -0.14764705596310                                               
GRID*   2875            102             15.3191176470588-8.4342035428126*
*       -0.14512772891410                                               
GRID*   2876            102             15.3191176470588-8.561056483989 *
*       -0.14055288718680                                               
GRID*   2877            102             15.3191176470588-8.6879094251655*
*       -0.134243193992 0                                               
GRID*   2878            102             15.3191176470588-8.814762366342 *
*       -0.12647275353560                                               
GRID*   2879            102             15.3191176470588-8.9416153075184*
*       -0.11744462577320                                               
GRID*   2880            102             15.3191176470588-9.0684682486949*
*       -0.10732236035950                                               
GRID*   2881            102             15.3191176470588-7.7999388369302*
*       .0415472443012450                                               
GRID*   2882            102             15.3191176470588-7.7999388369302*
*       -0.04154724430120                                               
GRID*   2883            102             15.3191176470588-9.0684682486949*
*       .0357741201198350                                               
GRID*   2884            102             15.3191176470588-9.0684682486949*
*       -0.03577412011980                                               
GRID*   2885            102             15.4911764705882-7.9050858685408*
*       .1218958100865720                                               
GRID*   2886            102             15.4911764705882-8.0296152803055*
*       .1342788707545980                                               
GRID*   2887            102             15.4911764705882-8.1541446920702*
*       .1412862066210570                                               
GRID*   2888            102             15.4911764705882-8.2786741038349*
*       .1443805774050320                                               
GRID*   2889            102             15.4911764705882-8.4032035155996*
*       .1443943138003130                                               
GRID*   2890            102             15.4911764705882-8.5277329273643*
*       .14193048884895 0                                               
GRID*   2891            102             15.4911764705882-8.652262339129 *
*       .1374564332868310                                               
GRID*   2892            102             15.4911764705882-8.7767917508937*
*       .1312857459459340                                               
GRID*   2893            102             15.4911764705882-8.9013211626584*
*       .1236864923725220                                               
GRID*   2894            102             15.4911764705882-9.0258505744231*
*       .1148572590048940                                               
GRID*   2895            102             15.4911764705882-9.1503799861878*
*       .1049579924127720                                               
GRID*   2896            102             15.4911764705882-7.9050858685408*
*       -0.12189581008660                                               
GRID*   2897            102             15.4911764705882-8.0296152803055*
*       -0.13427887075460                                               
GRID*   2898            102             15.4911764705882-8.1541446920702*
*       -0.14128620662110                                               
GRID*   2899            102             15.4911764705882-8.2786741038349*
*       -0.144380577405 0                                               
GRID*   2900            102             15.4911764705882-8.4032035155996*
*       -0.14439431380030                                               
GRID*   2901            102             15.4911764705882-8.5277329273643*
*       -0.141930488849 0                                               
GRID*   2902            102             15.4911764705882-8.652262339129 *
*       -0.13745643328680                                               
GRID*   2903            102             15.4911764705882-8.7767917508937*
*       -0.13128574594590                                               
GRID*   2904            102             15.4911764705882-8.9013211626584*
*       -0.12368649237250                                               
GRID*   2905            102             15.4911764705882-9.0258505744231*
*       -0.11485725900490                                               
GRID*   2906            102             15.4911764705882-9.1503799861878*
*       -0.10495799241280                                               
GRID*   2907            102             15.4911764705882-7.9050858685408*
*       .0406319366955240                                               
GRID*   2908            102             15.4911764705882-7.9050858685408*
*       -0.04063193669550                                               
GRID*   2909            102             15.4911764705882-9.1503799861878*
*       .0349859974709240                                               
GRID*   2910            102             15.4911764705882-9.1503799861878*
*       -0.03498599747090                                               
GRID*   2911            102             15.6632352941176-8.0102329001513*
*       .1191671611206260                                               
GRID*   2912            102             15.6632352941176-8.1324387825043*
*       .1312730258320150                                               
GRID*   2913            102             15.6632352941176-8.2546446648572*
*       .1381235018379710                                               
GRID*   2914            102             15.6632352941176-8.3768505472102*
*       .14114860484618 0                                               
GRID*   2915            102             15.6632352941176-8.4990564295631*
*       .1411620337509840                                               
GRID*   2916            102             15.6632352941176-8.6212623119161*
*       .1387533617486930                                               
GRID*   2917            102             15.6632352941176-8.743468194269 *
*       .1343794583335140                                               
GRID*   2918            102             15.6632352941176-8.8656740766219*
*       .12834690239861 0                                               
GRID*   2919            102             15.6632352941176-8.9878799589749*
*       .1209177588182350                                               
GRID*   2920            102             15.6632352941176-9.1100858413278*
*       .1122861686549270                                               
GRID*   2921            102             15.6632352941176-9.2322917236808*
*       .1026084980596730                                               
GRID*   2922            102             15.6632352941176-8.0102329001513*
*       -0.11916716112060                                               
GRID*   2923            102             15.6632352941176-8.1324387825043*
*       -0.131273025832 0                                               
GRID*   2924            102             15.6632352941176-8.2546446648572*
*       -0.138123501838 0                                               
GRID*   2925            102             15.6632352941176-8.3768505472102*
*       -0.14114860484620                                               
GRID*   2926            102             15.6632352941176-8.4990564295631*
*       -0.141162033751 0                                               
GRID*   2927            102             15.6632352941176-8.6212623119161*
*       -0.13875336174870                                               
GRID*   2928            102             15.6632352941176-8.743468194269 *
*       -0.13437945833350                                               
GRID*   2929            102             15.6632352941176-8.8656740766219*
*       -0.12834690239860                                               
GRID*   2930            102             15.6632352941176-8.9878799589749*
*       -0.12091775881820                                               
GRID*   2931            102             15.6632352941176-9.1100858413278*
*       -0.11228616865490                                               
GRID*   2932            102             15.6632352941176-9.2322917236808*
*       -0.10260849805970                                               
GRID*   2933            102             15.6632352941176-8.0102329001513*
*       .0397223870402090                                               
GRID*   2934            102             15.6632352941176-8.0102329001513*
*       -0.03972238704020                                               
GRID*   2935            102             15.6632352941176-9.2322917236808*
*       .0342028326865580                                               
GRID*   2936            102             15.6632352941176-9.2322917236808*
*       -0.03420283268660                                               
GRID*   2937            102             15.8352941176471-8.1153799317619*
*       .1164557860058980                                               
GRID*   2938            102             15.8352941176471-8.2352622847031*
*       .1282862095637670                                               
GRID*   2939            102             15.8352941176471-8.3551446376443*
*       .1349808187185540                                               
GRID*   2940            102             15.8352941176471-8.4750269905854*
*       .1379370924541780                                               
GRID*   2941            102             15.8352941176471-8.5949093435266*
*       .1379502158150890                                               
GRID*   2942            102             15.8352941176471-8.7147916964678*
*       .1355963476133180                                               
GRID*   2943            102             15.8352941176471-8.834674049409 *
*       .1313219623268140                                               
GRID*   2944            102             15.8352941176471-8.9545564023502*
*       .1254266633500030                                               
GRID*   2945            102             15.8352941176471-9.0744387552913*
*       .1181665528726920                                               
GRID*   2946            102             15.8352941176471-9.1943211082325*
*       .1097313547233350                                               
GRID*   2947            102             15.8352941176471-9.3142034611737*
*       .1002738773002090                                               
GRID*   2948            102             15.8352941176471-8.1153799317619*
*       -0.11645578600590                                               
GRID*   2949            102             15.8352941176471-8.2352622847031*
*       -0.12828620956380                                               
GRID*   2950            102             15.8352941176471-8.3551446376443*
*       -0.13498081871860                                               
GRID*   2951            102             15.8352941176471-8.4750269905854*
*       -0.13793709245420                                               
GRID*   2952            102             15.8352941176471-8.5949093435266*
*       -0.13795021581510                                               
GRID*   2953            102             15.8352941176471-8.7147916964678*
*       -0.13559634761330                                               
GRID*   2954            102             15.8352941176471-8.834674049409 *
*       -0.13132196232680                                               
GRID*   2955            102             15.8352941176471-8.9545564023502*
*       -0.12542666335  0                                               
GRID*   2956            102             15.8352941176471-9.0744387552913*
*       -0.11816655287270                                               
GRID*   2957            102             15.8352941176471-9.1943211082325*
*       -0.10973135472330                                               
GRID*   2958            102             15.8352941176471-9.3142034611737*
*       -0.10027387730020                                               
GRID*   2959            102             15.8352941176471-8.1153799317619*
*       .0388185953352990                                               
GRID*   2960            102             15.8352941176471-8.1153799317619*
*       -0.03881859533530                                               
GRID*   2961            102             15.8352941176471-9.3142034611737*
*       .0334246257667360                                               
GRID*   2962            102             15.8352941176471-9.3142034611737*
*       -0.03342462576670                                               
GRID*   2963            102             15.8352941176471-8.2352622847031*
*       .0427620698545890                                               
GRID*   2964            102             15.8352941176471-8.2352622847031*
*       -0.04276206985460                                               
GRID*   2965            102             15.8352941176471-8.3551446376443*
*       .0449936062395180                                               
GRID*   2966            102             15.8352941176471-8.3551446376443*
*       -0.04499360623950                                               
GRID*   2967            102             15.8352941176471-8.4750269905854*
*       .0459790308180590                                               
GRID*   2968            102             15.8352941176471-8.4750269905854*
*       -0.04597903081810                                               
GRID*   2969            102             15.8352941176471-8.5949093435266*
*       .0459834052716960                                               
GRID*   2970            102             15.8352941176471-8.5949093435266*
*       -0.04598340527170                                               
GRID*   2971            102             15.8352941176471-8.7147916964678*
*       .0451987825377730                                               
GRID*   2972            102             15.8352941176471-8.7147916964678*
*       -0.04519878253780                                               
GRID*   2973            102             15.8352941176471-8.834674049409 *
*       .0437739874422710                                               
GRID*   2974            102             15.8352941176471-8.834674049409 *
*       -0.04377398744230                                               
GRID*   2975            102             15.8352941176471-8.9545564023502*
*       .0418088877833340                                               
GRID*   2976            102             15.8352941176471-8.9545564023502*
*       -0.04180888778330                                               
GRID*   2977            102             15.8352941176471-9.0744387552913*
*       .0393888509575640                                               
GRID*   2978            102             15.8352941176471-9.0744387552913*
*       -0.03938885095760                                               
GRID*   2979            102             15.8352941176471-9.1943211082325*
*       .0365771182411120                                               
GRID*   2980            102             15.8352941176471-9.1943211082325*
*       -0.03657711824110                                               
GRID*   2981            102             15.9729411764706-8.1994975570504*
*       .1142991230869910                                               
GRID*   2982            102             15.9729411764706-8.3175210864621*
*       .12591045718029 0                                               
GRID*   2983            102             15.9729411764706-8.4355446158739*
*       .1324810878208620                                               
GRID*   2984            102             15.9729411764706-8.5535681452857*
*       .1353826138607080                                               
GRID*   2985            102             15.9729411764706-8.6715916746974*
*       .1353954941880460                                               
GRID*   2986            102             15.9729411764706-8.7896152041092*
*       .1330852176397330                                               
GRID*   2987            102             15.9729411764706-8.907638733521 *
*       .1288899903630160                                               
GRID*   2988            102             15.9729411764706-9.0256622629327*
*       .1231038673501940                                               
GRID*   2989            102             15.9729411764706-9.1436857923445*
*       .1159782079945540                                               
GRID*   2990            102             15.9729411764706-9.2617093217563*
*       .1076992225992930                                               
GRID*   2991            102             15.9729411764706-9.379732851168 *
*       .0984168896800540                                               
GRID*   2992            102             15.9729411764706-8.1994975570504*
*       -0.114299123087 0                                               
GRID*   2993            102             15.9729411764706-8.3175210864621*
*       -0.12591045718030                                               
GRID*   2994            102             15.9729411764706-8.4355446158739*
*       -0.13248108782090                                               
GRID*   2995            102             15.9729411764706-8.5535681452857*
*       -0.13538261386070                                               
GRID*   2996            102             15.9729411764706-8.6715916746974*
*       -0.135395494188 0                                               
GRID*   2997            102             15.9729411764706-8.7896152041092*
*       -0.13308521763970                                               
GRID*   2998            102             15.9729411764706-8.907638733521 *
*       -0.128889990363 0                                               
GRID*   2999            102             15.9729411764706-9.0256622629327*
*       -0.12310386735020                                               
GRID*   3000            102             15.9729411764706-9.1436857923445*
*       -0.11597820799460                                               
GRID*   3001            102             15.9729411764706-9.2617093217563*
*       -0.10769922259930                                               
GRID*   3002            102             15.9729411764706-9.379732851168 *
*       -0.09841688968010                                               
GRID*   3003            102             15.9729411764706-8.1994975570504*
*       .0380997076956640                                               
GRID*   3004            102             15.9729411764706-8.1994975570504*
*       -0.03809970769570                                               
GRID*   3005            102             15.9729411764706-9.379732851168 *
*       .0328056298933510                                               
GRID*   3006            102             15.9729411764706-9.379732851168 *
*       -0.03280562989340                                               
GRID*   3007            102             16.1105882352941-8.2836151823388*
*       .1121535154328630                                               
GRID*   3008            102             16.1105882352941-8.3997798882212*
*       .1235468831355860                                               
GRID*   3009            102             16.1105882352941-8.5159445941035*
*       .1299941707879170                                               
GRID*   3010            102             16.1105882352941-8.6321092999859*
*       .1328412297740230                                               
GRID*   3011            102             16.1105882352941-8.7482740058682*
*       .1328538683136  0                                               
GRID*   3012            102             16.1105882352941-8.8644387117506*
*       .1305869599636720                                               
GRID*   3013            102             16.1105882352941-8.9806034176329*
*       .1264704849250530                                               
GRID*   3014            102             16.1105882352941-9.0967681235153*
*       .1207929782295640                                               
GRID*   3015            102             16.1105882352941-9.2129328293976*
*       .1138010807860120                                               
GRID*   3016            102             16.1105882352941-9.32909753528  *
*       .1056775073830110                                               
GRID*   3017            102             16.1105882352941-9.4452622411624*
*       .0965694211598250                                               
GRID*   3018            102             16.1105882352941-8.2836151823388*
*       -0.11215351543290                                               
GRID*   3019            102             16.1105882352941-8.3997798882212*
*       -0.12354688313560                                               
GRID*   3020            102             16.1105882352941-8.5159445941035*
*       -0.12999417078790                                               
GRID*   3021            102             16.1105882352941-8.6321092999859*
*       -0.132841229774 0                                               
GRID*   3022            102             16.1105882352941-8.7482740058682*
*       -0.13285386831360                                               
GRID*   3023            102             16.1105882352941-8.8644387117506*
*       -0.13058695996370                                               
GRID*   3024            102             16.1105882352941-8.9806034176329*
*       -0.12647048492510                                               
GRID*   3025            102             16.1105882352941-9.0967681235153*
*       -0.12079297822960                                               
GRID*   3026            102             16.1105882352941-9.2129328293976*
*       -0.113801080786 0                                               
GRID*   3027            102             16.1105882352941-9.32909753528  *
*       -0.105677507383 0                                               
GRID*   3028            102             16.1105882352941-9.4452622411624*
*       -0.09656942115980                                               
GRID*   3029            102             16.1105882352941-8.2836151823388*
*       .0373845051442880                                               
GRID*   3030            102             16.1105882352941-8.2836151823388*
*       -0.03738450514430                                               
GRID*   3031            102             16.1105882352941-9.4452622411624*
*       .0321898070532750                                               
GRID*   3032            102             16.1105882352941-9.4452622411624*
*       -0.03218980705330                                               
GRID*   3033            102             16.2482352941176-8.3677328076273*
*       .1100189630435140                                               
GRID*   3034            102             16.2482352941176-8.4820386899802*
*       .1211954874296570                                               
GRID*   3035            102             16.2482352941176-8.5963445723332*
*       .1275200676197210                                               
GRID*   3036            102             16.2482352941176-8.7106504546861*
*       .1303129401941210                                               
GRID*   3037            102             16.2482352941176-8.824956337039 *
*       .1303253381917530                                               
GRID*   3038            102             16.2482352941176-8.939262219392 *
*       .1281015745851360                                               
GRID*   3039            102             16.2482352941176-9.0535681017449*
*       .1240634460129250                                               
GRID*   3040            102             16.2482352941176-9.1678739840979*
*       .1184939959881120                                               
GRID*   3041            102             16.2482352941176-9.2821798664508*
*       .1116351712470670                                               
GRID*   3042            102             16.2482352941176-9.3964857488037*
*       .1036662090744890                                               
GRID*   3043            102             16.2482352941176-9.5107916311567*
*       .0947314717395220                                               
GRID*   3044            102             16.2482352941176-8.3677328076273*
*       -0.11001896304350                                               
GRID*   3045            102             16.2482352941176-8.4820386899802*
*       -0.12119548742970                                               
GRID*   3046            102             16.2482352941176-8.5963445723332*
*       -0.12752006761970                                               
GRID*   3047            102             16.2482352941176-8.7106504546861*
*       -0.13031294019410                                               
GRID*   3048            102             16.2482352941176-8.824956337039 *
*       -0.13032533819180                                               
GRID*   3049            102             16.2482352941176-8.939262219392 *
*       -0.12810157458510                                               
GRID*   3050            102             16.2482352941176-9.0535681017449*
*       -0.12406344601290                                               
GRID*   3051            102             16.2482352941176-9.1678739840979*
*       -0.11849399598810                                               
GRID*   3052            102             16.2482352941176-9.2821798664508*
*       -0.11163517124710                                               
GRID*   3053            102             16.2482352941176-9.3964857488037*
*       -0.10366620907450                                               
GRID*   3054            102             16.2482352941176-9.5107916311567*
*       -0.09473147173950                                               
GRID*   3055            102             16.2482352941176-8.3677328076273*
*       .0366729876811710                                               
GRID*   3056            102             16.2482352941176-8.3677328076273*
*       -0.03667298768120                                               
GRID*   3057            102             16.2482352941176-9.5107916311567*
*       .0315771572465070                                               
GRID*   3058            102             16.2482352941176-9.5107916311567*
*       -0.03157715724650                                               
GRID*   3059            102             16.3858823529412-8.4518504329157*
*       .1078954659189430                                               
GRID*   3060            102             16.3858823529412-8.5642974917393*
*       .1188562700625020                                               
GRID*   3061            102             16.3858823529412-8.6767445505628*
*       .1250587783162720                                               
GRID*   3062            102             16.3858823529412-8.7891916093863*
*       .1277977451210030                                               
GRID*   3063            102             16.3858823529412-8.9016386682099*
*       .1278099038225030                                               
GRID*   3064            102             16.3858823529412-9.0140857270334*
*       .1256290615041230                                               
GRID*   3065            102             16.3858823529412-9.1265327858569*
*       .12166887362663 0                                               
GRID*   3066            102             16.3858823529412-9.2389798446804*
*       .1162069206258390                                               
GRID*   3067            102             16.3858823529412-9.351426903504 *
*       .1094804793777170                                               
GRID*   3068            102             16.3858823529412-9.4638739623275*
*       .1016653276737280                                               
GRID*   3069            102             16.3858823529412-9.576321021151 *
*       .0929030414191450                                               
GRID*   3070            102             16.3858823529412-8.4518504329157*
*       -0.10789546591890                                               
GRID*   3071            102             16.3858823529412-8.5642974917393*
*       -0.11885627006250                                               
GRID*   3072            102             16.3858823529412-8.6767445505628*
*       -0.12505877831630                                               
GRID*   3073            102             16.3858823529412-8.7891916093863*
*       -0.127797745121 0                                               
GRID*   3074            102             16.3858823529412-8.9016386682099*
*       -0.12780990382250                                               
GRID*   3075            102             16.3858823529412-9.0140857270334*
*       -0.12562906150410                                               
GRID*   3076            102             16.3858823529412-9.1265327858569*
*       -0.12166887362660                                               
GRID*   3077            102             16.3858823529412-9.2389798446804*
*       -0.11620692062580                                               
GRID*   3078            102             16.3858823529412-9.351426903504 *
*       -0.10948047937770                                               
GRID*   3079            102             16.3858823529412-9.4638739623275*
*       -0.10166532767370                                               
GRID*   3080            102             16.3858823529412-9.576321021151 *
*       -0.09290304141910                                               
GRID*   3081            102             16.3858823529412-8.4518504329157*
*       .0359651553063140                                               
GRID*   3082            102             16.3858823529412-8.4518504329157*
*       -0.03596515530630                                               
GRID*   3083            102             16.3858823529412-9.576321021151 *
*       .0309676804730480                                               
GRID*   3084            102             16.3858823529412-9.576321021151 *
*       -0.030967680473 0                                               
GRID*   3085            102             16.5235294117647-8.5359680582042*
*       .1057830240591510                                               
GRID*   3086            102             16.5235294117647-8.6465562934983*
*       .11652923103412 0                                               
GRID*   3087            102             16.5235294117647-8.7571445287924*
*       .1226103028775720                                               
GRID*   3088            102             16.5235294117647-8.8677327640865*
*       .12529564455467 0                                               
GRID*   3089            102             16.5235294117647-8.9783209993807*
*       .1253075652058510                                               
GRID*   3090            102             16.5235294117647-9.0889092346748*
*       .1231694207206350                                               
GRID*   3091            102             16.5235294117647-9.1994974699689*
*       .11928676776617 0                                               
GRID*   3092            102             16.5235294117647-9.310085705263 *
*       .1139317521427450                                               
GRID*   3093            102             16.5235294117647-9.4206739405571*
*       .1073370051779650                                               
GRID*   3094            102             16.5235294117647-9.5312621758512*
*       .0996748631807270                                               
GRID*   3095            102             16.5235294117647-9.6418504111454*
*       .0910841301986940                                               
GRID*   3096            102             16.5235294117647-8.5359680582042*
*       -0.10578302405920                                               
GRID*   3097            102             16.5235294117647-8.6465562934983*
*       -0.11652923103410                                               
GRID*   3098            102             16.5235294117647-8.7571445287924*
*       -0.12261030287760                                               
GRID*   3099            102             16.5235294117647-8.8677327640865*
*       -0.12529564455470                                               
GRID*   3100            102             16.5235294117647-8.9783209993807*
*       -0.12530756520590                                               
GRID*   3101            102             16.5235294117647-9.0889092346748*
*       -0.12316942072060                                               
GRID*   3102            102             16.5235294117647-9.1994974699689*
*       -0.11928676776620                                               
GRID*   3103            102             16.5235294117647-9.310085705263 *
*       -0.11393175214270                                               
GRID*   3104            102             16.5235294117647-9.4206739405571*
*       -0.107337005178 0                                               
GRID*   3105            102             16.5235294117647-9.5312621758512*
*       -0.09967486318070                                               
GRID*   3106            102             16.5235294117647-9.6418504111454*
*       -0.09108413019870                                               
GRID*   3107            102             16.5235294117647-8.5359680582042*
*       .0352610080197170                                               
GRID*   3108            102             16.5235294117647-8.5359680582042*
*       -0.03526100801970                                               
GRID*   3109            102             16.5235294117647-9.6418504111454*
*       .0303613767328980                                               
GRID*   3110            102             16.5235294117647-9.6418504111454*
*       -0.03036137673290                                               
GRID*   3111            102             16.5235294117647-8.6465562934983*
*       .0388430770113730                                               
GRID*   3112            102             16.5235294117647-8.6465562934983*
*       -0.03884307701140                                               
GRID*   3113            102             16.5235294117647-8.7571445287924*
*       .0408701009591910                                               
GRID*   3114            102             16.5235294117647-8.7571445287924*
*       -0.04087010095920                                               
GRID*   3115            102             16.5235294117647-8.8677327640865*
*       .0417652148515570                                               
GRID*   3116            102             16.5235294117647-8.8677327640865*
*       -0.04176521485160                                               
GRID*   3117            102             16.5235294117647-8.9783209993807*
*       .04176918840195 0                                               
GRID*   3118            102             16.5235294117647-8.9783209993807*
*       -0.041769188402 0                                               
GRID*   3119            102             16.5235294117647-9.0889092346748*
*       .0410564735735450                                               
GRID*   3120            102             16.5235294117647-9.0889092346748*
*       -0.04105647357350                                               
GRID*   3121            102             16.5235294117647-9.1994974699689*
*       .0397622559220570                                               
GRID*   3122            102             16.5235294117647-9.1994974699689*
*       -0.03976225592210                                               
GRID*   3123            102             16.5235294117647-9.310085705263 *
*       .0379772507142480                                               
GRID*   3124            102             16.5235294117647-9.310085705263 *
*       -0.03797725071420                                               
GRID*   3125            102             16.5235294117647-9.4206739405571*
*       .0357790017259880                                               
GRID*   3126            102             16.5235294117647-9.4206739405571*
*       -0.035779001726 0                                               
GRID*   3127            102             16.5235294117647-9.5312621758512*
*       .0332249543935760                                               
GRID*   3128            102             16.5235294117647-9.5312621758512*
*       -0.03322495439360                                               
GRID*   3129            102             16.6611764705882-8.6200856834926*
*       .1036816374641380                                               
GRID*   3130            102             16.6611764705882-8.7288150952573*
*       .1142143703445140                                               
GRID*   3131            102             16.6611764705882-8.8375445070221*
*       .1201746413036190                                               
GRID*   3132            102             16.6611764705882-8.9462739187868*
*       .12280663849512 0                                               
GRID*   3133            102             16.6611764705882-9.0550033305515*
*       .1228183223417970                                               
GRID*   3134            102             16.6611764705882-9.1637327423162*
*       .1207226522346720                                               
GRID*   3135            102             16.6611764705882-9.2724621540809*
*       .1169171284315440                                               
GRID*   3136            102             16.6611764705882-9.3811915658456*
*       .11166849053883 0                                               
GRID*   3137            102             16.6611764705882-9.4899209776103*
*       .1052047486478080                                               
GRID*   3138            102             16.6611764705882-9.598650389375 *
*       .0976948155954870                                               
GRID*   3139            102             16.6611764705882-9.7073798011397*
*       .0892747380781680                                               
GRID*   3140            102             16.6611764705882-8.6200856834926*
*       -0.10368163746410                                               
GRID*   3141            102             16.6611764705882-8.7288150952573*
*       -0.11421437034450                                               
GRID*   3142            102             16.6611764705882-8.8375445070221*
*       -0.12017464130360                                               
GRID*   3143            102             16.6611764705882-8.9462739187868*
*       -0.12280663849510                                               
GRID*   3144            102             16.6611764705882-9.0550033305515*
*       -0.12281832234180                                               
GRID*   3145            102             16.6611764705882-9.1637327423162*
*       -0.12072265223470                                               
GRID*   3146            102             16.6611764705882-9.2724621540809*
*       -0.11691712843150                                               
GRID*   3147            102             16.6611764705882-9.3811915658456*
*       -0.11166849053880                                               
GRID*   3148            102             16.6611764705882-9.4899209776103*
*       -0.10520474864780                                               
GRID*   3149            102             16.6611764705882-9.598650389375 *
*       -0.09769481559550                                               
GRID*   3150            102             16.6611764705882-9.7073798011397*
*       -0.08927473807820                                               
GRID*   3151            102             16.6611764705882-8.6200856834926*
*       .0345605458213790                                               
GRID*   3152            102             16.6611764705882-8.6200856834926*
*       -0.03456054582140                                               
GRID*   3153            102             16.6611764705882-9.7073798011397*
*       .0297582460260560                                               
GRID*   3154            102             16.6611764705882-9.7073798011397*
*       -0.02975824602610                                               
GRID*   3155            102             16.7988235294118-8.7042033087811*
*       .1015913061339040                                               
GRID*   3156            102             16.7988235294118-8.8110738970164*
*       .1119116879936810                                               
GRID*   3157            102             16.7988235294118-8.9179444852517*
*       .1177517935944130                                               
GRID*   3158            102             16.7988235294118-9.024815073487 *
*       .1203307269423550                                               
GRID*   3159            102             16.7988235294118-9.1316856617223*
*       .1203421752303410                                               
GRID*   3160            102             16.7988235294118-9.2385562499576*
*       .1182887560462330                                               
GRID*   3161            102             16.7988235294118-9.3454268381929*
*       .1145599556227520                                               
GRID*   3162            102             16.7988235294118-9.4522974264282*
*       .1094171358140940                                               
GRID*   3163            102             16.7988235294118-9.5591680146634*
*       .1030837097872480                                               
GRID*   3164            102             16.7988235294118-9.6660386028987*
*       .0957251849180070                                               
GRID*   3165            102             16.7988235294118-9.772909191134 *
*       .0874748650575690                                               
GRID*   3166            102             16.7988235294118-8.7042033087811*
*       -0.10159130613390                                               
GRID*   3167            102             16.7988235294118-8.8110738970164*
*       -0.11191168799370                                               
GRID*   3168            102             16.7988235294118-8.9179444852517*
*       -0.11775179359440                                               
GRID*   3169            102             16.7988235294118-9.024815073487 *
*       -0.12033072694240                                               
GRID*   3170            102             16.7988235294118-9.1316856617223*
*       -0.12034217523030                                               
GRID*   3171            102             16.7988235294118-9.2385562499576*
*       -0.11828875604620                                               
GRID*   3172            102             16.7988235294118-9.3454268381929*
*       -0.11455995562280                                               
GRID*   3173            102             16.7988235294118-9.4522974264282*
*       -0.10941713581410                                               
GRID*   3174            102             16.7988235294118-9.5591680146634*
*       -0.10308370978720                                               
GRID*   3175            102             16.7988235294118-9.6660386028987*
*       -0.095725184918 0                                               
GRID*   3176            102             16.7988235294118-9.772909191134 *
*       -0.08747486505760                                               
GRID*   3177            102             16.7988235294118-8.7042033087811*
*       .0338637687113010                                               
GRID*   3178            102             16.7988235294118-8.7042033087811*
*       -0.03386376871130                                               
GRID*   3179            102             16.7988235294118-9.772909191134 *
*       .0291582883525230                                               
GRID*   3180            102             16.7988235294118-9.772909191134 *
*       -0.02915828835250                                               
GRID*   3181            102             16.9364705882353-8.7883209340696*
*       .0995120300684490                                               
GRID*   3182            102             16.9364705882353-8.8933326987754*
*       .1096211839816220                                               
GRID*   3183            102             16.9364705882353-8.9983444634813*
*       .1153417597499560                                               
GRID*   3184            102             16.9364705882353-9.1033562281872*
*       .1178679098963740                                               
GRID*   3185            102             16.9364705882353-9.2083679928931*
*       .1178791238714830                                               
GRID*   3186            102             16.9364705882353-9.313379757599 *
*       .1158677321553180                                               
GRID*   3187            102             16.9364705882353-9.4183915223048*
*       .1122152493397940                                               
GRID*   3188            102             16.9364705882353-9.5234032870107*
*       .1071776879685360                                               
GRID*   3189            102             16.9364705882353-9.6284150517166*
*       .1009738885962850                                               
GRID*   3190            102             16.9364705882353-9.7334268164225*
*       .0937659711482880                                               
GRID*   3191            102             16.9364705882353-9.8384385811284*
*       .0856845111368960                                               
GRID*   3192            102             16.9364705882353-8.7883209340696*
*       -0.09951203006840                                               
GRID*   3193            102             16.9364705882353-8.8933326987754*
*       -0.10962118398160                                               
GRID*   3194            102             16.9364705882353-8.9983444634813*
*       -0.11534175975  0                                               
GRID*   3195            102             16.9364705882353-9.1033562281872*
*       -0.11786790989640                                               
GRID*   3196            102             16.9364705882353-9.2083679928931*
*       -0.11787912387150                                               
GRID*   3197            102             16.9364705882353-9.313379757599 *
*       -0.11586773215530                                               
GRID*   3198            102             16.9364705882353-9.4183915223048*
*       -0.11221524933980                                               
GRID*   3199            102             16.9364705882353-9.5234032870107*
*       -0.10717768796850                                               
GRID*   3200            102             16.9364705882353-9.6284150517166*
*       -0.10097388859630                                               
GRID*   3201            102             16.9364705882353-9.7334268164225*
*       -0.09376597114830                                               
GRID*   3202            102             16.9364705882353-9.8384385811284*
*       -0.08568451113690                                               
GRID*   3203            102             16.9364705882353-8.7883209340696*
*       .0331706766894830                                               
GRID*   3204            102             16.9364705882353-8.7883209340696*
*       -0.03317067668950                                               
GRID*   3205            102             16.9364705882353-9.8384385811284*
*       .0285615037122990                                               
GRID*   3206            102             16.9364705882353-9.8384385811284*
*       -0.02856150371230                                               
GRID*   3207            102             17.0741176470588-8.872438559358 *
*       .0974438092677720                                               
GRID*   3208            102             17.0741176470588-8.9755915005345*
*       .1073428583083380                                               
GRID*   3209            102             17.0741176470588-9.0787444417109*
*       .1129445397702470                                               
GRID*   3210            102             17.0741176470588-9.1818973828874*
*       .1154181873571760                                               
GRID*   3211            102             17.0741176470588-9.2850503240639*
*       .1154291682652230                                               
GRID*   3212            102             17.0741176470588-9.3882032652404*
*       .1134595805619270                                               
GRID*   3213            102             17.0741176470588-9.4913562064168*
*       .1098830095826710                                               
GRID*   3214            102             17.0741176470588-9.5945091475933*
*       .1049501470021580                                               
GRID*   3215            102             17.0741176470588-9.6976620887698*
*       .0988752850749170                                               
GRID*   3216            102             17.0741176470588-9.8008150299462*
*       .0918171742863290                                               
GRID*   3217            102             17.0741176470588-9.9039679711227*
*       .0839036763161490                                               
GRID*   3218            102             17.0741176470588-8.872438559358 *
*       -0.09744380926780                                               
GRID*   3219            102             17.0741176470588-8.9755915005345*
*       -0.10734285830830                                               
GRID*   3220            102             17.0741176470588-9.0787444417109*
*       -0.11294453977020                                               
GRID*   3221            102             17.0741176470588-9.1818973828874*
*       -0.11541818735720                                               
GRID*   3222            102             17.0741176470588-9.2850503240639*
*       -0.11542916826520                                               
GRID*   3223            102             17.0741176470588-9.3882032652404*
*       -0.11345958056190                                               
GRID*   3224            102             17.0741176470588-9.4913562064168*
*       -0.10988300958270                                               
GRID*   3225            102             17.0741176470588-9.5945091475933*
*       -0.10495014700220                                               
GRID*   3226            102             17.0741176470588-9.6976620887698*
*       -0.09887528507490                                               
GRID*   3227            102             17.0741176470588-9.8008150299462*
*       -0.09181717428630                                               
GRID*   3228            102             17.0741176470588-9.9039679711227*
*       -0.08390367631610                                               
GRID*   3229            102             17.0741176470588-8.872438559358 *
*       .0324812697559240                                               
GRID*   3230            102             17.0741176470588-8.872438559358 *
*       -0.03248126975590                                               
GRID*   3231            102             17.0741176470588-9.9039679711227*
*       .0279678921053830                                               
GRID*   3232            102             17.0741176470588-9.9039679711227*
*       -0.02796789210540                                               
GRID*   3233            102             17.2117647058824-8.9565561846465*
*       .0953866437318740                                               
GRID*   3234            102             17.2117647058824-9.0578503022935*
*       .1050767109738270                                               
GRID*   3235            102             17.2117647058824-9.1591444199406*
*       .1105601336552860                                               
GRID*   3236            102             17.2117647058824-9.2604385375876*
*       .1129815593247630                                               
GRID*   3237            102             17.2117647058824-9.3617326552347*
*       .11299230841156 0                                               
GRID*   3238            102             17.2117647058824-9.4630267728818*
*       .1110643012660610                                               
GRID*   3239            102             17.2117647058824-9.5643208905288*
*       .1075632363513820                                               
GRID*   3240            102             17.2117647058824-9.6656150081759*
*       .1027345129149580                                               
GRID*   3241            102             17.2117647058824-9.7669091258229*
*       .0967878992231470                                               
GRID*   3242            102             17.2117647058824-9.86820324347  *
*       .08987879433213 0                                               
GRID*   3243            102             17.2117647058824-9.969497361117 *
*       .0821323605953270                                               
GRID*   3244            102             17.2117647058824-8.9565561846465*
*       -0.09538664373190                                               
GRID*   3245            102             17.2117647058824-9.0578503022935*
*       -0.10507671097380                                               
GRID*   3246            102             17.2117647058824-9.1591444199406*
*       -0.11056013365530                                               
GRID*   3247            102             17.2117647058824-9.2604385375876*
*       -0.11298155932480                                               
GRID*   3248            102             17.2117647058824-9.3617326552347*
*       -0.11299230841160                                               
GRID*   3249            102             17.2117647058824-9.4630267728818*
*       -0.11106430126610                                               
GRID*   3250            102             17.2117647058824-9.5643208905288*
*       -0.10756323635140                                               
GRID*   3251            102             17.2117647058824-9.6656150081759*
*       -0.102734512915 0                                               
GRID*   3252            102             17.2117647058824-9.7669091258229*
*       -0.09678789922310                                               
GRID*   3253            102             17.2117647058824-9.86820324347  *
*       -0.08987879433210                                               
GRID*   3254            102             17.2117647058824-9.969497361117 *
*       -0.08213236059530                                               
GRID*   3255            102             17.2117647058824-8.9565561846465*
*       .0317955479106250                                               
GRID*   3256            102             17.2117647058824-8.9565561846465*
*       -0.03179554791060                                               
GRID*   3257            102             17.2117647058824-9.969497361117 *
*       .0273774535317760                                               
GRID*   3258            102             17.2117647058824-9.969497361117 *
*       -0.02737745353180                                               
GRID*   3259            102             17.2117647058824-9.0578503022935*
*       .0350255703246090                                               
GRID*   3260            102             17.2117647058824-9.0578503022935*
*       -0.03502557032460                                               
GRID*   3261            102             17.2117647058824-9.1591444199406*
*       .0368533778850950                                               
GRID*   3262            102             17.2117647058824-9.1591444199406*
*       -0.03685337788510                                               
GRID*   3263            102             17.2117647058824-9.2604385375876*
*       .0376605197749210                                               
GRID*   3264            102             17.2117647058824-9.2604385375876*
*       -0.03766051977490                                               
GRID*   3265            102             17.2117647058824-9.3617326552347*
*       .0376641028038530                                               
GRID*   3266            102             17.2117647058824-9.3617326552347*
*       -0.03766410280390                                               
GRID*   3267            102             17.2117647058824-9.4630267728818*
*       .0370214337553540                                               
GRID*   3268            102             17.2117647058824-9.4630267728818*
*       -0.03702143375540                                               
GRID*   3269            102             17.2117647058824-9.5643208905288*
*       .0358544121171270                                               
GRID*   3270            102             17.2117647058824-9.5643208905288*
*       -0.03585441211710                                               
GRID*   3271            102             17.2117647058824-9.6656150081759*
*       .0342448376383190                                               
GRID*   3272            102             17.2117647058824-9.6656150081759*
*       -0.03424483763830                                               
GRID*   3273            102             17.2117647058824-9.7669091258229*
*       .0322626330743820                                               
GRID*   3274            102             17.2117647058824-9.7669091258229*
*       -0.03226263307440                                               
GRID*   3275            102             17.2117647058824-9.86820324347  *
*       .02995959811071 0                                               
GRID*   3276            102             17.2117647058824-9.86820324347  *
*       -0.02995959811070                                               
GRID*   3277            102             17.3264705882353-9.0266542057202*
*       .0936807841125540                                               
GRID*   3278            102             17.3264705882353-9.1263993037594*
*       .10319755775941 0                                               
GRID*   3279            102             17.3264705882353-9.2261444017986*
*       .1085829169283890                                               
GRID*   3280            102             17.3264705882353-9.3258894998378*
*       .1109610387126560                                               
GRID*   3281            102             17.3264705882353-9.425634597877 *
*       .1109715955667420                                               
GRID*   3282            102             17.3264705882353-9.5253796959162*
*       .1090780681912250                                               
GRID*   3283            102             17.3264705882353-9.6251247939555*
*       .1056396150325420                                               
GRID*   3284            102             17.3264705882353-9.7248698919947*
*       .1008972467083310                                               
GRID*   3285            102             17.3264705882353-9.8246149900339*
*       .0950569800665020                                               
GRID*   3286            102             17.3264705882353-9.9243600880731*
*       .0882714350637270                                               
GRID*   3287            102             17.3264705882353-10.024105186112*
*       .0806635356959750                                               
GRID*   3288            102             17.3264705882353-9.0266542057202*
*       -0.09368078411260                                               
GRID*   3289            102             17.3264705882353-9.1263993037594*
*       -0.10319755775940                                               
GRID*   3290            102             17.3264705882353-9.2261444017986*
*       -0.10858291692840                                               
GRID*   3291            102             17.3264705882353-9.3258894998378*
*       -0.11096103871270                                               
GRID*   3292            102             17.3264705882353-9.425634597877 *
*       -0.11097159556670                                               
GRID*   3293            102             17.3264705882353-9.5253796959162*
*       -0.10907806819120                                               
GRID*   3294            102             17.3264705882353-9.6251247939555*
*       -0.10563961503250                                               
GRID*   3295            102             17.3264705882353-9.7248698919947*
*       -0.10089724670830                                               
GRID*   3296            102             17.3264705882353-9.8246149900339*
*       -0.09505698006650                                               
GRID*   3297            102             17.3264705882353-9.9243600880731*
*       -0.08827143506370                                               
GRID*   3298            102             17.3264705882353-10.024105186112*
*       -0.080663535696 0                                               
GRID*   3299            102             17.3264705882353-9.0266542057202*
*       .0312269280375180                                               
GRID*   3300            102             17.3264705882353-9.0266542057202*
*       -0.03122692803750                                               
GRID*   3301            102             17.3264705882353-10.024105186112*
*       .0268878452319920                                               
GRID*   3302            102             17.3264705882353-10.024105186112*
*       -0.026887845232 0                                               
GRID*   3303            102             17.4411764705882-9.0967522267939*
*       .0919826017604410                                               
GRID*   3304            102             17.4411764705882-9.1949483052253*
*       .1013268617246970                                               
GRID*   3305            102             17.4411764705882-9.2931443836566*
*       .1066145987186790                                               
GRID*   3306            102             17.4411764705882-9.391340462088 *
*       .1089496115080380                                               
GRID*   3307            102             17.4411764705882-9.4895365405194*
*       .1089599769945620                                               
GRID*   3308            102             17.4411764705882-9.5877326189507*
*       .1071007742118930                                               
GRID*   3309            102             17.4411764705882-9.6859286973821*
*       .10372465102331 0                                               
GRID*   3310            102             17.4411764705882-9.7841247758135*
*       .0990682491678  0                                               
GRID*   3311            102             17.4411764705882-9.8823208542449*
*       .0933338509581870                                               
GRID*   3312            102             17.4411764705882-9.9805169326762*
*       .0866713097590450                                               
GRID*   3313            102             17.4411764705882-10.078713011108*
*       .0792013212826830                                               
GRID*   3314            102             17.4411764705882-9.0967522267939*
*       -0.09198260176040                                               
GRID*   3315            102             17.4411764705882-9.1949483052253*
*       -0.10132686172470                                               
GRID*   3316            102             17.4411764705882-9.2931443836566*
*       -0.10661459871870                                               
GRID*   3317            102             17.4411764705882-9.391340462088 *
*       -0.108949611508 0                                               
GRID*   3318            102             17.4411764705882-9.4895365405194*
*       -0.10895997699460                                               
GRID*   3319            102             17.4411764705882-9.5877326189507*
*       -0.10710077421190                                               
GRID*   3320            102             17.4411764705882-9.6859286973821*
*       -0.10372465102330                                               
GRID*   3321            102             17.4411764705882-9.7841247758135*
*       -0.09906824916780                                               
GRID*   3322            102             17.4411764705882-9.8823208542449*
*       -0.09333385095820                                               
GRID*   3323            102             17.4411764705882-9.9805169326762*
*       -0.086671309759 0                                               
GRID*   3324            102             17.4411764705882-10.078713011108*
*       -0.07920132128270                                               
GRID*   3325            102             17.4411764705882-9.0967522267939*
*       .03066086725348 0                                               
GRID*   3326            102             17.4411764705882-9.0967522267939*
*       -0.03066086725350                                               
GRID*   3327            102             17.4411764705882-10.078713011108*
*       .0264004404275610                                               
GRID*   3328            102             17.4411764705882-10.078713011108*
*       -0.02640044042760                                               
GRID*   3329            102             17.5558823529412-9.1668502478676*
*       .0902920966755360                                               
GRID*   3330            102             17.5558823529412-9.2634973066911*
*       .0994646228696880                                               
GRID*   3331            102             17.5558823529412-9.3601443655147*
*       .1046551790261540                                               
GRID*   3332            102             17.5558823529412-9.4567914243382*
*       .1069472777109090                                               
GRID*   3333            102             17.5558823529412-9.5534384831617*
*       .1069574526950190                                               
GRID*   3334            102             17.5558823529412-9.6500855419852*
*       .1051324193280640                                               
GRID*   3335            102             17.5558823529412-9.7467326008088*
*       .1018183443236840                                               
GRID*   3336            102             17.5558823529412-9.8433796596323*
*       .0972475202933660                                               
GRID*   3337            102             17.5558823529412-9.9400267184558*
*       .0916185118982040                                               
GRID*   3338            102             17.5558823529412-10.036673777279*
*       .0850784184180870                                               
GRID*   3339            102             17.5558823529412-10.133320836103*
*       .07774571735545 0                                               
GRID*   3340            102             17.5558823529412-9.1668502478676*
*       -0.09029209667550                                               
GRID*   3341            102             17.5558823529412-9.2634973066911*
*       -0.09946462286970                                               
GRID*   3342            102             17.5558823529412-9.3601443655147*
*       -0.10465517902620                                               
GRID*   3343            102             17.5558823529412-9.4567914243382*
*       -0.10694727771090                                               
GRID*   3344            102             17.5558823529412-9.5534384831617*
*       -0.106957452695 0                                               
GRID*   3345            102             17.5558823529412-9.6500855419852*
*       -0.10513241932810                                               
GRID*   3346            102             17.5558823529412-9.7467326008088*
*       -0.10181834432370                                               
GRID*   3347            102             17.5558823529412-9.8433796596323*
*       -0.09724752029340                                               
GRID*   3348            102             17.5558823529412-9.9400267184558*
*       -0.09161851189820                                               
GRID*   3349            102             17.5558823529412-10.036673777279*
*       -0.08507841841810                                               
GRID*   3350            102             17.5558823529412-10.133320836103*
*       -0.07774571735550                                               
GRID*   3351            102             17.5558823529412-9.1668502478676*
*       .0300973655585120                                               
GRID*   3352            102             17.5558823529412-9.1668502478676*
*       -0.03009736555850                                               
GRID*   3353            102             17.5558823529412-10.133320836103*
*       .0259152391184830                                               
GRID*   3354            102             17.5558823529412-10.133320836103*
*       -0.02591523911850                                               
GRID*   3355            102             17.6705882352941-9.2369482689413*
*       .0886092688578380                                               
GRID*   3356            102             17.6705882352941-9.332046308157 *
*       .0976108411943840                                               
GRID*   3357            102             17.6705882352941-9.4271443473727*
*       .1027046578508160                                               
GRID*   3358            102             17.6705882352941-9.5222423865884*
*       .1049540373212690                                               
GRID*   3359            102             17.6705882352941-9.6173404258041*
*       .1049640226681140                                               
GRID*   3360            102             17.6705882352941-9.7124384650197*
*       .1031730035397380                                               
GRID*   3361            102             17.6705882352941-9.8075365042354*
*       .0999206949336660                                               
GRID*   3362            102             17.6705882352941-9.9026345434511*
*       .0954350600850280                                               
GRID*   3363            102             17.6705882352941-9.9977325826668*
*       .0899109628865510                                               
GRID*   3364            102             17.6705882352941-10.092830621882*
*       .0834927610408510                                               
GRID*   3365            102             17.6705882352941-10.187928661098*
*       .0762967239142770                                               
GRID*   3366            102             17.6705882352941-9.2369482689413*
*       -0.08860926885780                                               
GRID*   3367            102             17.6705882352941-9.332046308157 *
*       -0.09761084119440                                               
GRID*   3368            102             17.6705882352941-9.4271443473727*
*       -0.10270465785080                                               
GRID*   3369            102             17.6705882352941-9.5222423865884*
*       -0.10495403732130                                               
GRID*   3370            102             17.6705882352941-9.6173404258041*
*       -0.10496402266810                                               
GRID*   3371            102             17.6705882352941-9.7124384650197*
*       -0.10317300353970                                               
GRID*   3372            102             17.6705882352941-9.8075365042354*
*       -0.09992069493370                                               
GRID*   3373            102             17.6705882352941-9.9026345434511*
*       -0.095435060085 0                                               
GRID*   3374            102             17.6705882352941-9.9977325826668*
*       -0.08991096288660                                               
GRID*   3375            102             17.6705882352941-10.092830621882*
*       -0.08349276104090                                               
GRID*   3376            102             17.6705882352941-10.187928661098*
*       -0.07629672391430                                               
GRID*   3377            102             17.6705882352941-9.2369482689413*
*       .0295364229526130                                               
GRID*   3378            102             17.6705882352941-9.2369482689413*
*       -0.02953642295260                                               
GRID*   3379            102             17.6705882352941-10.187928661098*
*       .0254322413047590                                               
GRID*   3380            102             17.6705882352941-10.187928661098*
*       -0.02543224130480                                               
GRID*   3381            102             17.7852941176471-9.307046290015 *
*       .0869341183073480                                               
GRID*   3382            102             17.7852941176471-9.4005953096229*
*       .0957655166987840                                               
GRID*   3383            102             17.7852941176471-9.4941443292307*
*       .1007630351926630                                               
GRID*   3384            102             17.7852941176471-9.5876933488385*
*       .1029698903391180                                               
GRID*   3385            102             17.7852941176471-9.6812423684464*
*       .1029796869138460                                               
GRID*   3386            102             17.7852941176471-9.7747913880542*
*       .1012225268469150                                               
GRID*   3387            102             17.7852941176471-9.8683404076621*
*       .0980317028532540                                               
GRID*   3388            102             17.7852941176471-9.9618894272699*
*       .0936308685427870                                               
GRID*   3389            102             17.7852941176471-10.055438446878*
*       .0882112039232290                                               
GRID*   3390            102             17.7852941176471-10.148987466486*
*       .0819143376273370                                               
GRID*   3391            102             17.7852941176471-10.242536486093*
*       .0748543409591640                                               
GRID*   3392            102             17.7852941176471-9.307046290015 *
*       -0.08693411830730                                               
GRID*   3393            102             17.7852941176471-9.4005953096229*
*       -0.09576551669880                                               
GRID*   3394            102             17.7852941176471-9.4941443292307*
*       -0.10076303519270                                               
GRID*   3395            102             17.7852941176471-9.5876933488385*
*       -0.10296989033910                                               
GRID*   3396            102             17.7852941176471-9.6812423684464*
*       -0.10297968691380                                               
GRID*   3397            102             17.7852941176471-9.7747913880542*
*       -0.10122252684690                                               
GRID*   3398            102             17.7852941176471-9.8683404076621*
*       -0.09803170285330                                               
GRID*   3399            102             17.7852941176471-9.9618894272699*
*       -0.09363086854280                                               
GRID*   3400            102             17.7852941176471-10.055438446878*
*       -0.08821120392320                                               
GRID*   3401            102             17.7852941176471-10.148987466486*
*       -0.08191433762730                                               
GRID*   3402            102             17.7852941176471-10.242536486093*
*       -0.07485434095920                                               
GRID*   3403            102             17.7852941176471-9.307046290015 *
*       .0289780394357830                                               
GRID*   3404            102             17.7852941176471-9.307046290015 *
*       -0.02897803943580                                               
GRID*   3405            102             17.7852941176471-10.242536486093*
*       .0249514469863880                                               
GRID*   3406            102             17.7852941176471-10.242536486093*
*       -0.02495144698640                                               
GRID*   3407            102             17.9            -9.3771443110887*
*       .0852666450240650                                               
GRID*   3408            102             17.9            -9.4691443110887*
*       .0939286493828880                                               
GRID*   3409            102             17.9            -9.5611443110887*
*       .0988303110516970                                               
GRID*   3410            102             17.9            -9.6531443110887*
*       .1009948367644560                                               
GRID*   3411            102             17.9            -9.7451443110887*
*       .1010044454322150                                               
GRID*   3412            102             17.9            -9.8371443110887*
*       .0992809892495940                                               
GRID*   3413            102             17.9            -9.9291443110887*
*       .09615136808245 0                                               
GRID*   3414            102             17.9            -10.021144311089*
*       .0918349456666420                                               
GRID*   3415            102             17.9            -10.113144311089*
*       .0865192350082380                                               
GRID*   3416            102             17.9            -10.205144311089*
*       .0803431481775460                                               
GRID*   3417            102             17.9            -10.297144311089*
*       .07341856849011 0                                               
GRID*   3418            102             17.9            -9.3771443110887*
*       -0.08526664502410                                               
GRID*   3419            102             17.9            -9.4691443110887*
*       -0.09392864938290                                               
GRID*   3420            102             17.9            -9.5611443110887*
*       -0.09883031105170                                               
GRID*   3421            102             17.9            -9.6531443110887*
*       -0.10099483676450                                               
GRID*   3422            102             17.9            -9.7451443110887*
*       -0.10100444543220                                               
GRID*   3423            102             17.9            -9.8371443110887*
*       -0.09928098924960                                               
GRID*   3424            102             17.9            -9.9291443110887*
*       -0.09615136808250                                               
GRID*   3425            102             17.9            -10.021144311089*
*       -0.09183494566660                                               
GRID*   3426            102             17.9            -10.113144311089*
*       -0.08651923500820                                               
GRID*   3427            102             17.9            -10.205144311089*
*       -0.08034314817750                                               
GRID*   3428            102             17.9            -10.297144311089*
*       -0.07341856849010                                               
GRID*   3429            102             17.9            -9.3771443110887*
*       .0284222150080220                                               
GRID*   3430            102             17.9            -9.3771443110887*
*       -0.028422215008 0                                               
GRID*   3431            102             17.9            -10.297144311089*
*       .02447285616337 0                                               
GRID*   3432            102             17.9            -10.297144311089*
*       -0.02447285616340                                               
GRID*   3433            102             17.9            -9.4691443110887*
*       .0313095497942960                                               
GRID*   3434            102             17.9            -9.4691443110887*
*       -0.03130954979430                                               
GRID*   3435            102             17.9            -9.5611443110887*
*       .0329434370172320                                               
GRID*   3436            102             17.9            -9.5611443110887*
*       -0.03294343701720                                               
GRID*   3437            102             17.9            -9.6531443110887*
*       .0336649455881520                                               
GRID*   3438            102             17.9            -9.6531443110887*
*       -0.03366494558820                                               
GRID*   3439            102             17.9            -9.7451443110887*
*       .0336681484774050                                               
GRID*   3440            102             17.9            -9.7451443110887*
*       -0.03366814847740                                               
GRID*   3441            102             17.9            -9.8371443110887*
*       .0330936630831980                                               
GRID*   3442            102             17.9            -9.8371443110887*
*       -0.03309366308320                                               
GRID*   3443            102             17.9            -9.9291443110887*
*       .0320504560274830                                               
GRID*   3444            102             17.9            -9.9291443110887*
*       -0.03205045602750                                               
GRID*   3445            102             17.9            -10.021144311089*
*       .0306116485555470                                               
GRID*   3446            102             17.9            -10.021144311089*
*       -0.03061164855550                                               
GRID*   3447            102             17.9            -10.113144311089*
*       .0288397450027460                                               
GRID*   3448            102             17.9            -10.113144311089*
*       -0.02883974500270                                               
GRID*   3449            102             17.9            -10.205144311089*
*       .0267810493925150                                               
GRID*   3450            102             17.9            -10.205144311089*
*       -0.02678104939250                                               
GRID*   3451            102             0.              0.              *
*       0.              0                                               
GRID*   3452            102             1.33333333333333-0.916897436728 *
*       0.              0                                               
GRID*   3453            102             4.              -2.7506923101839*
*       0.              0                                               
GRID*   3454            102             4.73333333333333-2.9928435939793*
*       0.              0                                               
GRID*   3455            102             5.46666666666667-3.2349948777747*
*       0.              0                                               
GRID*   3456            102             6.2             -3.4771461615701*
*       0.              0                                               
GRID*   3457            102             6.88823529411765-3.8512636997771*
*       0.              0                                               
GRID*   3458            102             7.57647058823529-4.2253812379841*
*       0.              0                                               
GRID*   3459            102             8.26470588235294-4.599498776191 *
*       0.              0                                               
GRID*   3460            102             8.95294117647059-4.973616314398 *
*       0.              0                                               
GRID*   3461            102             9.64117647058823-5.347733852605 *
*       0.              0                                               
GRID*   3462            102             10.3294117647059-5.721851390812 *
*       0.              0                                               
GRID*   3463            102             11.0176470588235-6.095968929019 *
*       0.              0                                               
GRID*   3464            102             11.7058823529412-6.4700864672259*
*       0.              0                                               
GRID*   3465            102             12.3941176470588-6.8442040054329*
*       0.              0                                               
GRID*   3466            102             13.0823529411765-7.2183215436399*
*       0.              0                                               
GRID*   3467            102             13.7705882352941-7.5924390818469*
*       0.              0                                               
GRID*   3468            102             14.4588235294118-7.9665566200538*
*       0.              0                                               
GRID*   3469            102             15.1470588235294-8.3406741582608*
*       0.              0                                               
GRID*   3470            102             15.8352941176471-8.7147916964678*
*       0.              0                                               
GRID*   3471            102             16.5235294117647-9.0889092346748*
*       0.              0                                               
GRID*   3472            102             17.2117647058824-9.4630267728817*
*       0.              0                                               
GRID*   3473            102             17.9            -9.8371443110887*
*       0.              0                                               
GRID*   3474            102             1.333333333333336.91620512654406*
*       0.              0                                               
GRID*   3475            102             1.33333333333333-7.7504615401226*
*       0.              0                                               
GRID*   3476            102             4.              2.24861537963219*
*       0.              0                                               
GRID*   3477            102             4.              -7.7513846203678*
*       0.              0                                               
GRID*   3478            102             4.73333333333333.965028199231421*
*       0.              0                                               
GRID*   3479            102             4.73333333333333-7.3683051341019*
*       0.              0                                               
GRID*   3480            102             5.46666666666667-0.3185589811693*
*       0.              0                                               
GRID*   3481            102             5.46666666666667-6.985225647836 *
*       0.              0                                               
GRID*   3482            102             6.2             -1.6021461615701*
*       0.              0                                               
GRID*   3483            102             6.2             -6.6021461615701*
*       0.              0                                               
GRID*   3484            102             6.88823529411764-2.0460252068959*
*       -0.00212422410630                                               
GRID*   3485            102             6.88823529411764-6.8599945212458*
*       .0035403735105520                                               
GRID*   3486            102             7.57647058823529-2.4899042522216*
*       -0.00424844821270                                               
GRID*   3487            102             7.57647058823529-7.1178428809214*
*       .0070807470211040                                               
GRID*   3488            102             8.26470588235294-2.9337832975474*
*       -0.006372672319 0                                               
GRID*   3489            102             8.26470588235294-7.3756912405971*
*       .0106211205316560                                               
GRID*   3490            102             8.95294117647058-3.3776623428732*
*       -0.00849689642530                                               
GRID*   3491            102             8.95294117647058-7.6335396002728*
*       .0141614940422080                                               
GRID*   3492            102             9.64117647058823-3.8215413881989*
*       -0.01062112053170                                               
GRID*   3493            102             9.64117647058823-7.8913879599485*
*       .01770186755276 0                                               
GRID*   3494            102             10.3294117647059-4.2654204335247*
*       -0.012745344638 0                                               
GRID*   3495            102             10.3294117647059-8.1492363196241*
*       .0212422410633120                                               
GRID*   3496            102             11.0176470588235-4.7092994788505*
*       -0.01486956874430                                               
GRID*   3497            102             11.0176470588235-8.4070846792998*
*       .0247826145738650                                               
GRID*   3498            102             11.7058823529412-5.1531785241762*
*       -0.01699379285060                                               
GRID*   3499            102             11.7058823529412-8.6649330389755*
*       .0283229880844170                                               
GRID*   3500            102             12.3941176470588-5.597057569502 *
*       -0.019118016957 0                                               
GRID*   3501            102             12.3941176470588-8.9227813986511*
*       .0318633615949690                                               
GRID*   3502            102             13.0823529411765-6.0409366148277*
*       -0.02124224106330                                               
GRID*   3503            102             13.0823529411765-9.1806297583268*
*       .0354037351055210                                               
GRID*   3504            102             13.7705882352941-6.4848156601535*
*       -0.02336646516960                                               
GRID*   3505            102             13.7705882352941-9.4384781180025*
*       .0389441086160730                                               
GRID*   3506            102             14.4588235294118-6.9286947054793*
*       -0.025490689276 0                                               
GRID*   3507            102             14.4588235294118-9.6963264776781*
*       .0424844821266250                                               
GRID*   3508            102             15.1470588235294-7.372573750805 *
*       -0.02761491338230                                               
GRID*   3509            102             15.1470588235294-9.9541748373538*
*       .0460248556371770                                               
GRID*   3510            102             15.8352941176471-7.8164527961308*
*       -0.02973913748860                                               
GRID*   3511            102             15.8352941176471-10.212023197029*
*       .0495652291477290                                               
GRID*   3512            102             16.5235294117647-8.2603318414565*
*       -0.031863361595 0                                               
GRID*   3513            102             16.5235294117647-10.469871556705*
*       .0531056026582810                                               
GRID*   3514            102             17.2117647058823-8.7042108867823*
*       -0.03398758570130                                               
GRID*   3515            102             17.2117647058823-10.727719916381*
*       .0566459761688330                                               
GRID*   3516            102             17.9            -9.1480899321081*
*       -0.03611180980760                                               
GRID*   3517            102             17.9            -10.985568276056*
*       .0601863496793850                                               
GRID*   3518            103             0.              0.              *
*       0.              0                                               
$ MAT1 : Linear isotropic.
$[1----][2-------------][3-------------][4-------------][5-------------][6-----]
MAT1*   1               56100000000.    21400000000.    .31             *
*       1578.                                                           *
*                                                                       
$ RBE2 : Defines a rigid body with independent DoFs that are specified at a
$ single grid point and with dependent DoFs that are specified at an arbitrary
$ number of grid points.
$[1----][2-----][3-----][4-----][5-----][6-----][7-----][8-----][9-----][10----]
RBE2    10001   3452    123456  3474            
RBE2    10002   3452    123456  3475            
RBE2    10003   3453    123456  3476            
RBE2    10004   3453    123456  3477            
RBE2    10005   3454    123456  3478            
RBE2    10006   3454    123456  3479            
RBE2    10007   3455    123456  3480            
RBE2    10008   3455    123456  3481            
RBE2    10009   3456    123456  3482            
RBE2    10010   3456    123456  3483            
RBE2    10011   3457    123456  3484            
RBE2    10012   3457    123456  3485            
RBE2    10013   3458    123456  3486            
RBE2    10014   3458    123456  3487            
RBE2    10015   3459    123456  3488            
RBE2    10016   3459    123456  3489            
RBE2    10017   3460    123456  3490            
RBE2    10018   3460    123456  3491            
RBE2    10019   3461    123456  3492            
RBE2    10020   3461    123456  3493            
RBE2    10021   3462    123456  3494            
RBE2    10022   3462    123456  3495            
RBE2    10023   3463    123456  3496            
RBE2    10024   3463    123456  3497            
RBE2    10025   3464    123456  3498            
RBE2    10026   3464    123456  3499            
RBE2    10027   3465    123456  3500            
RBE2    10028   3465    123456  3501            
RBE2    10029   3466    123456  3502            
RBE2    10030   3466    123456  3503            
RBE2    10031   3467    123456  3504            
RBE2    10032   3467    123456  3505            
RBE2    10033   3468    123456  3506            
RBE2    10034   3468    123456  3507            
RBE2    10035   3469    123456  3508            
RBE2    10036   3469    123456  3509            
RBE2    10037   3470    123456  3510            
RBE2    10038   3470    123456  3511            
RBE2    10039   3471    123456  3512            
RBE2    10040   3471    123456  3513            
RBE2    10041   3472    123456  3514            
RBE2    10042   3472    123456  3515            
RBE2    10043   3473    123456  3516            
RBE2    10044   3473    123456  3517            
RBE2    10045   3473    123456  3518            
$ SPC1 : Defines single-point constraints.
$[1----][2-----][3-----][4-----][5-----][6-----][7-----][8-----][9-----][10----]
SPC1    1       246     1001    
SPC1    2       246     1002    
SPC1    3       246     1003    
SPC1    4       246     1004    
SPC1    5       246     1005    
SPC1    6       246     1006    
SPC1    7       246     1007    
SPC1    8       246     1008    
SPC1    9       246     1009    
SPC1    10      246     1010    
SPC1    11      246     1011    
SPC1    12      246     1012    
SPC1    13      246     1013    
SPC1    14      246     1014    
SPC1    15      246     1015    
SPC1    16      246     1016    
SPC1    17      246     1017    
SPC1    18      246     1018    
SPC1    19      246     1019    
SPC1    20      246     1020    
SPC1    21      246     1021    
SPC1    22      246     1022    
SPC1    23      246     1023    
SPC1    24      246     1024    
SPC1    25      246     1025    
SPC1    26      246     1026    
SPC1    27      13      1024    
SPC1    28      3       1025    
$ MOMENT : Defines a monment at a point
$[1----][2-----][3-----][4-----][5-----][6-----][7-----][8-----][9-----][10----]
MOMENT  29      3473    102     100000. 6.123-17-1.     0.      
MOMENT  30      3473    102     100000. 1.      6.123-170.      
MOMENT  31      3473    102     100000. 0.      0.      1.      
$ FORCE : Defines a Force at a point
$[1----][2-----][3-----][4-----][5-----][6-----][7-----][8-----][9-----][10----]
FORCE   32      3473    102     10000.  6.123-17-1.     0.      
FORCE   33      3473    102     10000.  1.      6.123-170.      
FORCE   34      3473    102     10000.  0.      0.      1.      
$ CAERO1 : Defines Aerodyanmic Panels
$[1----][2-----][3-----][4-----][5-----][6-----][7-----][8-----][9-----][10----]
CAERO1  10046   101     102     2       34                      1       
        -5.2-16 9.25    0.      17.     1.      7.4416590.      15.25   
CAERO1  10117   101     102     8                       43      1       
        1.      7.4416590.      15.25   4.      2.2486150.      10.     
AEFACT  43      0.      .0325926.0651852.0977778.1303704.162963 .1955556
        .2281481.2607407.2933333.3259259.3585185.3911111.4237037.4562963
        .4888889.5214815.5540741.5866667.6192593.6518519.6844444.717037 
        .7496296.7822222.8148148.8474074.88     .91     .94     .97     
        1.      
CAERO1  10368   101     102     7                       48      1       
        4.      2.2486150.      10.     6.2     -1.602150.      5.      
AEFACT  48      0.      .05     .1      .15     .2      .25     .3      
        .35     .4      .45     .5      .55     .6      .65     .7      
        .75     .8      .85     .9      .95     1.      
CAERO1  10511   101     102     13                      53      1       
        6.2     -1.602150.      5.      12.05   -5.3745 .01119063.42    
AEFACT  53      0.      .09375  .1875   .28125  .375    .46875  .5625   
        .65625  .75     .8333333.91666671.      
CAERO1  10657   101     102     11                      58      1       
        12.05   -5.3745 .01119063.42    16.496  -8.24145.01277722.2192  
AEFACT  58      0.      .15     .3      .45     .6      .75     .875    
        1.      
CAERO1  10737   101     102     3       5                       1       
        16.496  -8.24145.01277722.2192  17.9    -9.14683.01203731.84    
DMI     W2GJ    0       2       1       0               691     1       
DMI     W2GJ    1       457     -0.00101THRU    467     468     -0.00302
        THRU    478     479     -0.00503THRU    489     490     -0.00705
        THRU    500     501     -0.00906THRU    511     512     -0.01108
        THRU    522     523     -0.01309THRU    533     534     -0.0151 
        THRU    544     545     -0.01712THRU    555     556     -0.01913
        THRU    566     567     -0.02115THRU    577     578     -0.02316
        THRU    588     589     -0.02517THRU    599     600     -0.02708
        THRU    606     607     -0.02889THRU    613     614     -0.0307 
        THRU    620     621     -0.03251THRU    627     628     -0.03432
        THRU    634     635     -0.03613THRU    641     642     -0.03794
        THRU    648     649     -0.03975THRU    655     656     -0.04155
        THRU    662     663     -0.04336THRU    669     670     -0.04517
        THRU    676     677     -0.04712THRU    681     682     -0.04922
        THRU    686     687     -0.05131THRU    691     
DMI     WKK     0       3       1       0               1382    1       
DMI     WKK     1       1       1.      THRU    1382    
$ PAERO1 : Defines Aerodyanmic Properties for panels
$[1----][2-----][3-----][4-----][5-----][6-----][7-----][8-----][9-----][10----]
PAERO1  101                                                     
$ Aerodynamic Splines: Defined by a SPLINE, AELIST and SET1 card
$[1----][2-----][3-----][4-----][5-----][6-----][7-----][8-----][9-----][10----]
SPLINE1 10114   10046   10046   10113   36                      BOTH    
                        
SET1    36      1001    THRU    1011    1027    THRU    1037            
        1053    THRU    1063    
$[1----][2-----][3-----][4-----][5-----][6-----][7-----][8-----][9-----][10----]
SPLINE1 10365   10117   10117   10364   41                      BOTH    
                        
SET1    41      1079    THRU    1089    1123    THRU    1133            
        1149    THRU    1159    1175    THRU    1185                    
        1201    THRU    1211    1227    THRU    1237                    
        1253    THRU    1263    
$[1----][2-----][3-----][4-----][5-----][6-----][7-----][8-----][9-----][10----]
SPLINE1 10508   10368   10368   10507   46                      BOTH    
                        
SET1    46      1253    THRU    1263    1297    THRU    1307            
        1323    THRU    1333    1367    THRU    1377                    
        1393    THRU    1403    1437    THRU    1447                    
        1463    THRU    1473    
$[1----][2-----][3-----][4-----][5-----][6-----][7-----][8-----][9-----][10----]
SPLINE1 10654   10511   10511   10653   51                      BOTH    
                        
SET1    51      1463    THRU    1473    1507    THRU    1517            
        1533    THRU    1543    1559    THRU    1569                    
        1603    THRU    1613    1629    THRU    1639                    
        1655    THRU    1665    1699    THRU    1709                    
        1725    THRU    1735    1751    THRU    1761                    
        1795    THRU    1805    1821    THRU    1831                    
        1847    THRU    1857    1891    THRU    1901                    
        1917    THRU    1927    1943    THRU    1953                    
        1987    THRU    1997    2013    THRU    2023                    
        2039    THRU    2049    2083    THRU    2093                    
        2109    THRU    2119    2135    THRU    2145                    
        2179    THRU    2189    2205    THRU    2215                    
        2231    THRU    2241    2275    THRU    2285    
$[1----][2-----][3-----][4-----][5-----][6-----][7-----][8-----][9-----][10----]
SPLINE1 10734   10657   10657   10733   56                      BOTH    
                        
SET1    56      2301    THRU    2311    2327    THRU    2337            
        2371    THRU    2381    2397    THRU    2407                    
        2423    THRU    2433    2449    THRU    2459                    
        2493    THRU    2503    2519    THRU    2529                    
        2545    THRU    2555    2571    THRU    2581                    
        2615    THRU    2625    2641    THRU    2651                    
        2667    THRU    2677    2693    THRU    2703                    
        2737    THRU    2747    2763    THRU    2773                    
        2789    THRU    2799    2815    THRU    2825                    
        2859    THRU    2869    2885    THRU    2895                    
        2911    THRU    2921    2937    THRU    2947                    
        2981    THRU    2991    3007    THRU    3017                    
        3033    THRU    3043    3059    THRU    3069    
$[1----][2-----][3-----][4-----][5-----][6-----][7-----][8-----][9-----][10----]
SPLINE1 10752   10737   10737   10751   61                      BOTH    
                        
SET1    61      3085    THRU    3095    3129    THRU    3139            
        3155    THRU    3165    3181    THRU    3191                    
        3207    THRU    3217    3233    THRU    3243                    
        3277    THRU    3287    3303    THRU    3313                    
        3329    THRU    3339    3355    THRU    3365                    
        3381    THRU    3391    3407    THRU    3417    
$[1----][2-----][3-----][4-----][5-----][6-----][7-----][8-----][9-----][10----]
$ CORD2R: Defines a rectangular coordinate system using the coordinates of three
$ points.
$[1----][2-------------][3-------------][4-------------][5-------------][6-----]
CORD2R* 105             102             1.              -5.9783414325683*
*       0.              1.              -5.97834143256831.              *
*       .812377778182079-6.96058269716680.              
CORD2R* 106             102             4.              -5.7513846203678*
*       0.              4.              -5.75138462036781.              *
*       4.06768012078942-6.74909169223310.              
CORD2R* 107             102             6.2             -5.3521461615701*
*       0.              6.2             -5.35214616157011.              *
*       5.79549410619862-6.26668155283710.              
CORD2R* 108             102             12.05           -7.9396452363294*
*       0.              12.05           -7.93964523632941.              *
*       11.6454941061986-8.85418062759650.              
$ SETS : Defines sets of structural points connected to each control surface
$[1----][2-----][3-----][4-----][5-----][6-----][7-----][8-----][9-----][10----]
$ AELIST : Defines lists of aero panel IDs for each control surface
$[1----][2-----][3-----][4-----][5-----][6-----][7-----][8-----][9-----][10----]
AELIST  65      10144   THRU    10147   10175   THRU    10178           
                10206   THRU    10209   10237   THRU    10240           
                10268   THRU    10271   10299   THRU    10302           
                10330   THRU    10333   10361   THRU    10364   
AELIST  67      10384   THRU    10387   10404   THRU    10407           
                10424   THRU    10427   10444   THRU    10447           
                10464   THRU    10467   10484   THRU    10487           
                10504   THRU    10507   
AELIST  69      10519   10520   10521   10530   10531   10532   10541   
        10542   10543   10552   10553   10554   10563   10564   10565   
        10574   10575   10576   10585   10586   10587   10596   10597   
        10598   10607   10608   10609   10618   10619   10620   10629   
        10630   10631   10640   10641   10642   10651   10652   10653   
AELIST  71      10662   10663   10669   10670   10676   10677   10683   
        10684   10690   10691   10697   10698   10704   10705   10711   
        10712   10718   10719   10725   10726   10732   10733   
$ AESURF : Defines control surfaces
$[1----][2-----][3-----][4-----][5-----][6-----][7-----][8-----][9-----][10----]
AESURF  1       ElevCB  105     65                                      
        1.515   4.545   -1.5708 1.570796                                
AESURF  2       ElevMS  106     67                                      
        1.5     3.3     -1.5708 1.570796                                
AESURF  3       ElevOW  107     69                                      
        1.0525  6.157125-1.5708 1.570796                                
AESURF  4       Ail     108     71                                      
        .7049   3.133985-1.5708 1.570796                                
$ AERO & AEROS : Defines Aero Properties
$[1----][2-----][3-----][4-----][5-----][6-----][7-----][8-----][9-----][10----]
AERO    104     100.    9.23187 1.      1       0       
AEROS   104     0       9.23187 35.8    110.514 1       0       
$ CQUAD4: Defines a QUADRILATERAL element.
$[1----][2-----][3-----][4-----][5-----][6-----][7-----][8-----][9-----][10----]
CQUAD4  10755   107     1001    1002    1028    1027    
CQUAD4  10756   108     1012    1038    1039    1013    
CQUAD4  10757   109     1002    1003    1029    1028    
CQUAD4  10758   110     1013    1039    1040    1014    
CQUAD4  10759   111     1003    1004    1030    1029    
CQUAD4  10760   112     1014    1040    1041    1015    
CQUAD4  10761   113     1004    1005    1031    1030    
CQUAD4  10762   114     1015    1041    1042    1016    
CQUAD4  10763   115     1005    1006    1032    1031    
CQUAD4  10764   116     1016    1042    1043    1017    
CQUAD4  10765   117     1006    1007    1033    1032    
CQUAD4  10766   118     1017    1043    1044    1018    
CQUAD4  10767   119     1007    1008    1034    1033    
CQUAD4  10768   120     1018    1044    1045    1019    
CQUAD4  10769   121     1008    1009    1035    1034    
CQUAD4  10770   122     1019    1045    1046    1020    
CQUAD4  10771   123     1009    1010    1036    1035    
CQUAD4  10772   124     1020    1046    1047    1021    
CQUAD4  10773   125     1010    1011    1037    1036    
CQUAD4  10774   126     1021    1047    1048    1022    
CQUAD4  10775   127     1001    1027    1049    1023    
CQUAD4  10776   128     1011    1025    1051    1037    
CQUAD4  10777   129     1023    1049    1050    1024    
CQUAD4  10778   130     1025    1026    1052    1051    
CQUAD4  10779   131     1024    1050    1038    1012    
CQUAD4  10780   132     1026    1022    1048    1052    
CQUAD4  10781   133     1027    1028    1054    1053    
CQUAD4  10782   134     1038    1064    1065    1039    
CQUAD4  10783   135     1028    1029    1055    1054    
CQUAD4  10784   136     1039    1065    1066    1040    
CQUAD4  10785   137     1029    1030    1056    1055    
CQUAD4  10786   138     1040    1066    1067    1041    
CQUAD4  10787   139     1030    1031    1057    1056    
CQUAD4  10788   140     1041    1067    1068    1042    
CQUAD4  10789   141     1031    1032    1058    1057    
CQUAD4  10790   142     1042    1068    1069    1043    
CQUAD4  10791   143     1032    1033    1059    1058    
CQUAD4  10792   144     1043    1069    1070    1044    
CQUAD4  10793   145     1033    1034    1060    1059    
CQUAD4  10794   146     1044    1070    1071    1045    
CQUAD4  10795   147     1034    1035    1061    1060    
CQUAD4  10796   148     1045    1071    1072    1046    
CQUAD4  10797   149     1035    1036    1062    1061    
CQUAD4  10798   150     1046    1072    1073    1047    
CQUAD4  10799   151     1036    1037    1063    1062    
CQUAD4  10800   152     1047    1073    1074    1048    
CQUAD4  10801   153     1027    1053    1075    1049    
CQUAD4  10802   154     1037    1051    1077    1063    
CQUAD4  10803   155     1049    1075    1076    1050    
CQUAD4  10804   156     1051    1052    1078    1077    
CQUAD4  10805   157     1050    1076    1064    1038    
CQUAD4  10806   158     1052    1048    1074    1078    
CQUAD4  10807   159     1053    1054    1080    1079    
CQUAD4  10808   160     1064    1090    1091    1065    
CQUAD4  10809   161     1054    1055    1081    1080    
CQUAD4  10810   162     1065    1091    1092    1066    
CQUAD4  10811   163     1055    1056    1082    1081    
CQUAD4  10812   164     1066    1092    1093    1067    
CQUAD4  10813   165     1056    1057    1083    1082    
CQUAD4  10814   166     1067    1093    1094    1068    
CQUAD4  10815   167     1057    1058    1084    1083    
CQUAD4  10816   168     1068    1094    1095    1069    
CQUAD4  10817   169     1058    1059    1085    1084    
CQUAD4  10818   170     1069    1095    1096    1070    
CQUAD4  10819   171     1059    1060    1086    1085    
CQUAD4  10820   172     1070    1096    1097    1071    
CQUAD4  10821   173     1060    1061    1087    1086    
CQUAD4  10822   174     1071    1097    1098    1072    
CQUAD4  10823   175     1061    1062    1088    1087    
CQUAD4  10824   176     1072    1098    1099    1073    
CQUAD4  10825   177     1062    1063    1089    1088    
CQUAD4  10826   178     1073    1099    1100    1074    
CQUAD4  10827   179     1053    1079    1101    1075    
CQUAD4  10828   180     1063    1077    1103    1089    
CQUAD4  10829   181     1075    1101    1102    1076    
CQUAD4  10830   182     1077    1078    1104    1103    
CQUAD4  10831   183     1076    1102    1090    1064    
CQUAD4  10832   184     1078    1074    1100    1104    
CQUAD4  10833   185     1079    1080    1124    1123    
CQUAD4  10834   186     1090    1134    1135    1091    
CQUAD4  10835   187     1080    1081    1125    1124    
CQUAD4  10836   188     1091    1135    1136    1092    
CQUAD4  10837   189     1081    1082    1126    1125    
CQUAD4  10838   190     1092    1136    1137    1093    
CQUAD4  10839   191     1082    1083    1127    1126    
CQUAD4  10840   192     1093    1137    1138    1094    
CQUAD4  10841   193     1083    1084    1128    1127    
CQUAD4  10842   194     1094    1138    1139    1095    
CQUAD4  10843   195     1084    1085    1129    1128    
CQUAD4  10844   196     1095    1139    1140    1096    
CQUAD4  10845   197     1085    1086    1130    1129    
CQUAD4  10846   198     1096    1140    1141    1097    
CQUAD4  10847   199     1086    1087    1131    1130    
CQUAD4  10848   200     1097    1141    1142    1098    
CQUAD4  10849   201     1087    1088    1132    1131    
CQUAD4  10850   202     1098    1142    1143    1099    
CQUAD4  10851   203     1088    1089    1133    1132    
CQUAD4  10852   204     1099    1143    1144    1100    
CQUAD4  10853   205     1079    1123    1145    1101    
CQUAD4  10854   206     1089    1103    1147    1133    
CQUAD4  10855   207     1101    1145    1146    1102    
CQUAD4  10856   208     1103    1104    1148    1147    
CQUAD4  10857   209     1102    1146    1134    1090    
CQUAD4  10858   210     1104    1100    1144    1148    
CQUAD4  10859   211     1123    1124    1150    1149    
CQUAD4  10860   212     1134    1160    1161    1135    
CQUAD4  10861   213     1124    1125    1151    1150    
CQUAD4  10862   214     1135    1161    1162    1136    
CQUAD4  10863   215     1125    1126    1152    1151    
CQUAD4  10864   216     1136    1162    1163    1137    
CQUAD4  10865   217     1126    1127    1153    1152    
CQUAD4  10866   218     1137    1163    1164    1138    
CQUAD4  10867   219     1127    1128    1154    1153    
CQUAD4  10868   220     1138    1164    1165    1139    
CQUAD4  10869   221     1128    1129    1155    1154    
CQUAD4  10870   222     1139    1165    1166    1140    
CQUAD4  10871   223     1129    1130    1156    1155    
CQUAD4  10872   224     1140    1166    1167    1141    
CQUAD4  10873   225     1130    1131    1157    1156    
CQUAD4  10874   226     1141    1167    1168    1142    
CQUAD4  10875   227     1131    1132    1158    1157    
CQUAD4  10876   228     1142    1168    1169    1143    
CQUAD4  10877   229     1132    1133    1159    1158    
CQUAD4  10878   230     1143    1169    1170    1144    
CQUAD4  10879   231     1123    1149    1171    1145    
CQUAD4  10880   232     1133    1147    1173    1159    
CQUAD4  10881   233     1145    1171    1172    1146    
CQUAD4  10882   234     1147    1148    1174    1173    
CQUAD4  10883   235     1146    1172    1160    1134    
CQUAD4  10884   236     1148    1144    1170    1174    
CQUAD4  10885   237     1149    1150    1176    1175    
CQUAD4  10886   238     1160    1186    1187    1161    
CQUAD4  10887   239     1150    1151    1177    1176    
CQUAD4  10888   240     1161    1187    1188    1162    
CQUAD4  10889   241     1151    1152    1178    1177    
CQUAD4  10890   242     1162    1188    1189    1163    
CQUAD4  10891   243     1152    1153    1179    1178    
CQUAD4  10892   244     1163    1189    1190    1164    
CQUAD4  10893   245     1153    1154    1180    1179    
CQUAD4  10894   246     1164    1190    1191    1165    
CQUAD4  10895   247     1154    1155    1181    1180    
CQUAD4  10896   248     1165    1191    1192    1166    
CQUAD4  10897   249     1155    1156    1182    1181    
CQUAD4  10898   250     1166    1192    1193    1167    
CQUAD4  10899   251     1156    1157    1183    1182    
CQUAD4  10900   252     1167    1193    1194    1168    
CQUAD4  10901   253     1157    1158    1184    1183    
CQUAD4  10902   254     1168    1194    1195    1169    
CQUAD4  10903   255     1158    1159    1185    1184    
CQUAD4  10904   256     1169    1195    1196    1170    
CQUAD4  10905   257     1149    1175    1197    1171    
CQUAD4  10906   258     1159    1173    1199    1185    
CQUAD4  10907   259     1171    1197    1198    1172    
CQUAD4  10908   260     1173    1174    1200    1199    
CQUAD4  10909   261     1172    1198    1186    1160    
CQUAD4  10910   262     1174    1170    1196    1200    
CQUAD4  10911   263     1175    1176    1202    1201    
CQUAD4  10912   264     1186    1212    1213    1187    
CQUAD4  10913   265     1176    1177    1203    1202    
CQUAD4  10914   266     1187    1213    1214    1188    
CQUAD4  10915   267     1177    1178    1204    1203    
CQUAD4  10916   268     1188    1214    1215    1189    
CQUAD4  10917   269     1178    1179    1205    1204    
CQUAD4  10918   270     1189    1215    1216    1190    
CQUAD4  10919   271     1179    1180    1206    1205    
CQUAD4  10920   272     1190    1216    1217    1191    
CQUAD4  10921   273     1180    1181    1207    1206    
CQUAD4  10922   274     1191    1217    1218    1192    
CQUAD4  10923   275     1181    1182    1208    1207    
CQUAD4  10924   276     1192    1218    1219    1193    
CQUAD4  10925   277     1182    1183    1209    1208    
CQUAD4  10926   278     1193    1219    1220    1194    
CQUAD4  10927   279     1183    1184    1210    1209    
CQUAD4  10928   280     1194    1220    1221    1195    
CQUAD4  10929   281     1184    1185    1211    1210    
CQUAD4  10930   282     1195    1221    1222    1196    
CQUAD4  10931   283     1175    1201    1223    1197    
CQUAD4  10932   284     1185    1199    1225    1211    
CQUAD4  10933   285     1197    1223    1224    1198    
CQUAD4  10934   286     1199    1200    1226    1225    
CQUAD4  10935   287     1198    1224    1212    1186    
CQUAD4  10936   288     1200    1196    1222    1226    
CQUAD4  10937   289     1201    1202    1228    1227    
CQUAD4  10938   290     1212    1238    1239    1213    
CQUAD4  10939   291     1202    1203    1229    1228    
CQUAD4  10940   292     1213    1239    1240    1214    
CQUAD4  10941   293     1203    1204    1230    1229    
CQUAD4  10942   294     1214    1240    1241    1215    
CQUAD4  10943   295     1204    1205    1231    1230    
CQUAD4  10944   296     1215    1241    1242    1216    
CQUAD4  10945   297     1205    1206    1232    1231    
CQUAD4  10946   298     1216    1242    1243    1217    
CQUAD4  10947   299     1206    1207    1233    1232    
CQUAD4  10948   300     1217    1243    1244    1218    
CQUAD4  10949   301     1207    1208    1234    1233    
CQUAD4  10950   302     1218    1244    1245    1219    
CQUAD4  10951   303     1208    1209    1235    1234    
CQUAD4  10952   304     1219    1245    1246    1220    
CQUAD4  10953   305     1209    1210    1236    1235    
CQUAD4  10954   306     1220    1246    1247    1221    
CQUAD4  10955   307     1210    1211    1237    1236    
CQUAD4  10956   308     1221    1247    1248    1222    
CQUAD4  10957   309     1201    1227    1249    1223    
CQUAD4  10958   310     1211    1225    1251    1237    
CQUAD4  10959   311     1223    1249    1250    1224    
CQUAD4  10960   312     1225    1226    1252    1251    
CQUAD4  10961   313     1224    1250    1238    1212    
CQUAD4  10962   314     1226    1222    1248    1252    
CQUAD4  10963   315     1227    1228    1254    1253    
CQUAD4  10964   316     1238    1264    1265    1239    
CQUAD4  10965   317     1228    1229    1255    1254    
CQUAD4  10966   318     1239    1265    1266    1240    
CQUAD4  10967   319     1229    1230    1256    1255    
CQUAD4  10968   320     1240    1266    1267    1241    
CQUAD4  10969   321     1230    1231    1257    1256    
CQUAD4  10970   322     1241    1267    1268    1242    
CQUAD4  10971   323     1231    1232    1258    1257    
CQUAD4  10972   324     1242    1268    1269    1243    
CQUAD4  10973   325     1232    1233    1259    1258    
CQUAD4  10974   326     1243    1269    1270    1244    
CQUAD4  10975   327     1233    1234    1260    1259    
CQUAD4  10976   328     1244    1270    1271    1245    
CQUAD4  10977   329     1234    1235    1261    1260    
CQUAD4  10978   330     1245    1271    1272    1246    
CQUAD4  10979   331     1235    1236    1262    1261    
CQUAD4  10980   332     1246    1272    1273    1247    
CQUAD4  10981   333     1236    1237    1263    1262    
CQUAD4  10982   334     1247    1273    1274    1248    
CQUAD4  10983   335     1227    1253    1275    1249    
CQUAD4  10984   336     1237    1251    1277    1263    
CQUAD4  10985   337     1249    1275    1276    1250    
CQUAD4  10986   338     1251    1252    1278    1277    
CQUAD4  10987   339     1250    1276    1264    1238    
CQUAD4  10988   340     1252    1248    1274    1278    
CQUAD4  10989   341     1253    1254    1298    1297    
CQUAD4  10990   342     1264    1308    1309    1265    
CQUAD4  10991   343     1254    1255    1299    1298    
CQUAD4  10992   344     1265    1309    1310    1266    
CQUAD4  10993   345     1255    1256    1300    1299    
CQUAD4  10994   346     1266    1310    1311    1267    
CQUAD4  10995   347     1256    1257    1301    1300    
CQUAD4  10996   348     1267    1311    1312    1268    
CQUAD4  10997   349     1257    1258    1302    1301    
CQUAD4  10998   350     1268    1312    1313    1269    
CQUAD4  10999   351     1258    1259    1303    1302    
CQUAD4  11000   352     1269    1313    1314    1270    
CQUAD4  11001   353     1259    1260    1304    1303    
CQUAD4  11002   354     1270    1314    1315    1271    
CQUAD4  11003   355     1260    1261    1305    1304    
CQUAD4  11004   356     1271    1315    1316    1272    
CQUAD4  11005   357     1261    1262    1306    1305    
CQUAD4  11006   358     1272    1316    1317    1273    
CQUAD4  11007   359     1262    1263    1307    1306    
CQUAD4  11008   360     1273    1317    1318    1274    
CQUAD4  11009   361     1253    1297    1319    1275    
CQUAD4  11010   362     1263    1277    1321    1307    
CQUAD4  11011   363     1275    1319    1320    1276    
CQUAD4  11012   364     1277    1278    1322    1321    
CQUAD4  11013   365     1276    1320    1308    1264    
CQUAD4  11014   366     1278    1274    1318    1322    
CQUAD4  11015   367     1297    1298    1324    1323    
CQUAD4  11016   368     1308    1334    1335    1309    
CQUAD4  11017   369     1298    1299    1325    1324    
CQUAD4  11018   370     1309    1335    1336    1310    
CQUAD4  11019   371     1299    1300    1326    1325    
CQUAD4  11020   372     1310    1336    1337    1311    
CQUAD4  11021   373     1300    1301    1327    1326    
CQUAD4  11022   374     1311    1337    1338    1312    
CQUAD4  11023   375     1301    1302    1328    1327    
CQUAD4  11024   376     1312    1338    1339    1313    
CQUAD4  11025   377     1302    1303    1329    1328    
CQUAD4  11026   378     1313    1339    1340    1314    
CQUAD4  11027   379     1303    1304    1330    1329    
CQUAD4  11028   380     1314    1340    1341    1315    
CQUAD4  11029   381     1304    1305    1331    1330    
CQUAD4  11030   382     1315    1341    1342    1316    
CQUAD4  11031   383     1305    1306    1332    1331    
CQUAD4  11032   384     1316    1342    1343    1317    
CQUAD4  11033   385     1306    1307    1333    1332    
CQUAD4  11034   386     1317    1343    1344    1318    
CQUAD4  11035   387     1297    1323    1345    1319    
CQUAD4  11036   388     1307    1321    1347    1333    
CQUAD4  11037   389     1319    1345    1346    1320    
CQUAD4  11038   390     1321    1322    1348    1347    
CQUAD4  11039   391     1320    1346    1334    1308    
CQUAD4  11040   392     1322    1318    1344    1348    
CQUAD4  11041   393     1323    1324    1368    1367    
CQUAD4  11042   394     1334    1378    1379    1335    
CQUAD4  11043   395     1324    1325    1369    1368    
CQUAD4  11044   396     1335    1379    1380    1336    
CQUAD4  11045   397     1325    1326    1370    1369    
CQUAD4  11046   398     1336    1380    1381    1337    
CQUAD4  11047   399     1326    1327    1371    1370    
CQUAD4  11048   400     1337    1381    1382    1338    
CQUAD4  11049   401     1327    1328    1372    1371    
CQUAD4  11050   402     1338    1382    1383    1339    
CQUAD4  11051   403     1328    1329    1373    1372    
CQUAD4  11052   404     1339    1383    1384    1340    
CQUAD4  11053   405     1329    1330    1374    1373    
CQUAD4  11054   406     1340    1384    1385    1341    
CQUAD4  11055   407     1330    1331    1375    1374    
CQUAD4  11056   408     1341    1385    1386    1342    
CQUAD4  11057   409     1331    1332    1376    1375    
CQUAD4  11058   410     1342    1386    1387    1343    
CQUAD4  11059   411     1332    1333    1377    1376    
CQUAD4  11060   412     1343    1387    1388    1344    
CQUAD4  11061   413     1323    1367    1389    1345    
CQUAD4  11062   414     1333    1347    1391    1377    
CQUAD4  11063   415     1345    1389    1390    1346    
CQUAD4  11064   416     1347    1348    1392    1391    
CQUAD4  11065   417     1346    1390    1378    1334    
CQUAD4  11066   418     1348    1344    1388    1392    
CQUAD4  11067   419     1367    1368    1394    1393    
CQUAD4  11068   420     1378    1404    1405    1379    
CQUAD4  11069   421     1368    1369    1395    1394    
CQUAD4  11070   422     1379    1405    1406    1380    
CQUAD4  11071   423     1369    1370    1396    1395    
CQUAD4  11072   424     1380    1406    1407    1381    
CQUAD4  11073   425     1370    1371    1397    1396    
CQUAD4  11074   426     1381    1407    1408    1382    
CQUAD4  11075   427     1371    1372    1398    1397    
CQUAD4  11076   428     1382    1408    1409    1383    
CQUAD4  11077   429     1372    1373    1399    1398    
CQUAD4  11078   430     1383    1409    1410    1384    
CQUAD4  11079   431     1373    1374    1400    1399    
CQUAD4  11080   432     1384    1410    1411    1385    
CQUAD4  11081   433     1374    1375    1401    1400    
CQUAD4  11082   434     1385    1411    1412    1386    
CQUAD4  11083   435     1375    1376    1402    1401    
CQUAD4  11084   436     1386    1412    1413    1387    
CQUAD4  11085   437     1376    1377    1403    1402    
CQUAD4  11086   438     1387    1413    1414    1388    
CQUAD4  11087   439     1367    1393    1415    1389    
CQUAD4  11088   440     1377    1391    1417    1403    
CQUAD4  11089   441     1389    1415    1416    1390    
CQUAD4  11090   442     1391    1392    1418    1417    
CQUAD4  11091   443     1390    1416    1404    1378    
CQUAD4  11092   444     1392    1388    1414    1418    
CQUAD4  11093   445     1393    1394    1438    1437    
CQUAD4  11094   446     1404    1448    1449    1405    
CQUAD4  11095   447     1394    1395    1439    1438    
CQUAD4  11096   448     1405    1449    1450    1406    
CQUAD4  11097   449     1395    1396    1440    1439    
CQUAD4  11098   450     1406    1450    1451    1407    
CQUAD4  11099   451     1396    1397    1441    1440    
CQUAD4  11100   452     1407    1451    1452    1408    
CQUAD4  11101   453     1397    1398    1442    1441    
CQUAD4  11102   454     1408    1452    1453    1409    
CQUAD4  11103   455     1398    1399    1443    1442    
CQUAD4  11104   456     1409    1453    1454    1410    
CQUAD4  11105   457     1399    1400    1444    1443    
CQUAD4  11106   458     1410    1454    1455    1411    
CQUAD4  11107   459     1400    1401    1445    1444    
CQUAD4  11108   460     1411    1455    1456    1412    
CQUAD4  11109   461     1401    1402    1446    1445    
CQUAD4  11110   462     1412    1456    1457    1413    
CQUAD4  11111   463     1402    1403    1447    1446    
CQUAD4  11112   464     1413    1457    1458    1414    
CQUAD4  11113   465     1393    1437    1459    1415    
CQUAD4  11114   466     1403    1417    1461    1447    
CQUAD4  11115   467     1415    1459    1460    1416    
CQUAD4  11116   468     1417    1418    1462    1461    
CQUAD4  11117   469     1416    1460    1448    1404    
CQUAD4  11118   470     1418    1414    1458    1462    
CQUAD4  11119   471     1437    1438    1464    1463    
CQUAD4  11120   472     1448    1474    1475    1449    
CQUAD4  11121   473     1438    1439    1465    1464    
CQUAD4  11122   474     1449    1475    1476    1450    
CQUAD4  11123   475     1439    1440    1466    1465    
CQUAD4  11124   476     1450    1476    1477    1451    
CQUAD4  11125   477     1440    1441    1467    1466    
CQUAD4  11126   478     1451    1477    1478    1452    
CQUAD4  11127   479     1441    1442    1468    1467    
CQUAD4  11128   480     1452    1478    1479    1453    
CQUAD4  11129   481     1442    1443    1469    1468    
CQUAD4  11130   482     1453    1479    1480    1454    
CQUAD4  11131   483     1443    1444    1470    1469    
CQUAD4  11132   484     1454    1480    1481    1455    
CQUAD4  11133   485     1444    1445    1471    1470    
CQUAD4  11134   486     1455    1481    1482    1456    
CQUAD4  11135   487     1445    1446    1472    1471    
CQUAD4  11136   488     1456    1482    1483    1457    
CQUAD4  11137   489     1446    1447    1473    1472    
CQUAD4  11138   490     1457    1483    1484    1458    
CQUAD4  11139   491     1437    1463    1485    1459    
CQUAD4  11140   492     1447    1461    1487    1473    
CQUAD4  11141   493     1459    1485    1486    1460    
CQUAD4  11142   494     1461    1462    1488    1487    
CQUAD4  11143   495     1460    1486    1474    1448    
CQUAD4  11144   496     1462    1458    1484    1488    
CQUAD4  11145   497     1463    1464    1508    1507    
CQUAD4  11146   498     1474    1518    1519    1475    
CQUAD4  11147   499     1464    1465    1509    1508    
CQUAD4  11148   500     1475    1519    1520    1476    
CQUAD4  11149   501     1465    1466    1510    1509    
CQUAD4  11150   502     1476    1520    1521    1477    
CQUAD4  11151   503     1466    1467    1511    1510    
CQUAD4  11152   504     1477    1521    1522    1478    
CQUAD4  11153   505     1467    1468    1512    1511    
CQUAD4  11154   506     1478    1522    1523    1479    
CQUAD4  11155   507     1468    1469    1513    1512    
CQUAD4  11156   508     1479    1523    1524    1480    
CQUAD4  11157   509     1469    1470    1514    1513    
CQUAD4  11158   510     1480    1524    1525    1481    
CQUAD4  11159   511     1470    1471    1515    1514    
CQUAD4  11160   512     1481    1525    1526    1482    
CQUAD4  11161   513     1471    1472    1516    1515    
CQUAD4  11162   514     1482    1526    1527    1483    
CQUAD4  11163   515     1472    1473    1517    1516    
CQUAD4  11164   516     1483    1527    1528    1484    
CQUAD4  11165   517     1463    1507    1529    1485    
CQUAD4  11166   518     1473    1487    1531    1517    
CQUAD4  11167   519     1485    1529    1530    1486    
CQUAD4  11168   520     1487    1488    1532    1531    
CQUAD4  11169   521     1486    1530    1518    1474    
CQUAD4  11170   522     1488    1484    1528    1532    
CQUAD4  11171   523     1507    1508    1534    1533    
CQUAD4  11172   524     1518    1544    1545    1519    
CQUAD4  11173   525     1508    1509    1535    1534    
CQUAD4  11174   526     1519    1545    1546    1520    
CQUAD4  11175   527     1509    1510    1536    1535    
CQUAD4  11176   528     1520    1546    1547    1521    
CQUAD4  11177   529     1510    1511    1537    1536    
CQUAD4  11178   530     1521    1547    1548    1522    
CQUAD4  11179   531     1511    1512    1538    1537    
CQUAD4  11180   532     1522    1548    1549    1523    
CQUAD4  11181   533     1512    1513    1539    1538    
CQUAD4  11182   534     1523    1549    1550    1524    
CQUAD4  11183   535     1513    1514    1540    1539    
CQUAD4  11184   536     1524    1550    1551    1525    
CQUAD4  11185   537     1514    1515    1541    1540    
CQUAD4  11186   538     1525    1551    1552    1526    
CQUAD4  11187   539     1515    1516    1542    1541    
CQUAD4  11188   540     1526    1552    1553    1527    
CQUAD4  11189   541     1516    1517    1543    1542    
CQUAD4  11190   542     1527    1553    1554    1528    
CQUAD4  11191   543     1507    1533    1555    1529    
CQUAD4  11192   544     1517    1531    1557    1543    
CQUAD4  11193   545     1529    1555    1556    1530    
CQUAD4  11194   546     1531    1532    1558    1557    
CQUAD4  11195   547     1530    1556    1544    1518    
CQUAD4  11196   548     1532    1528    1554    1558    
CQUAD4  11197   549     1533    1534    1560    1559    
CQUAD4  11198   550     1544    1570    1571    1545    
CQUAD4  11199   551     1534    1535    1561    1560    
CQUAD4  11200   552     1545    1571    1572    1546    
CQUAD4  11201   553     1535    1536    1562    1561    
CQUAD4  11202   554     1546    1572    1573    1547    
CQUAD4  11203   555     1536    1537    1563    1562    
CQUAD4  11204   556     1547    1573    1574    1548    
CQUAD4  11205   557     1537    1538    1564    1563    
CQUAD4  11206   558     1548    1574    1575    1549    
CQUAD4  11207   559     1538    1539    1565    1564    
CQUAD4  11208   560     1549    1575    1576    1550    
CQUAD4  11209   561     1539    1540    1566    1565    
CQUAD4  11210   562     1550    1576    1577    1551    
CQUAD4  11211   563     1540    1541    1567    1566    
CQUAD4  11212   564     1551    1577    1578    1552    
CQUAD4  11213   565     1541    1542    1568    1567    
CQUAD4  11214   566     1552    1578    1579    1553    
CQUAD4  11215   567     1542    1543    1569    1568    
CQUAD4  11216   568     1553    1579    1580    1554    
CQUAD4  11217   569     1533    1559    1581    1555    
CQUAD4  11218   570     1543    1557    1583    1569    
CQUAD4  11219   571     1555    1581    1582    1556    
CQUAD4  11220   572     1557    1558    1584    1583    
CQUAD4  11221   573     1556    1582    1570    1544    
CQUAD4  11222   574     1558    1554    1580    1584    
CQUAD4  11223   575     1559    1560    1604    1603    
CQUAD4  11224   576     1570    1614    1615    1571    
CQUAD4  11225   577     1560    1561    1605    1604    
CQUAD4  11226   578     1571    1615    1616    1572    
CQUAD4  11227   579     1561    1562    1606    1605    
CQUAD4  11228   580     1572    1616    1617    1573    
CQUAD4  11229   581     1562    1563    1607    1606    
CQUAD4  11230   582     1573    1617    1618    1574    
CQUAD4  11231   583     1563    1564    1608    1607    
CQUAD4  11232   584     1574    1618    1619    1575    
CQUAD4  11233   585     1564    1565    1609    1608    
CQUAD4  11234   586     1575    1619    1620    1576    
CQUAD4  11235   587     1565    1566    1610    1609    
CQUAD4  11236   588     1576    1620    1621    1577    
CQUAD4  11237   589     1566    1567    1611    1610    
CQUAD4  11238   590     1577    1621    1622    1578    
CQUAD4  11239   591     1567    1568    1612    1611    
CQUAD4  11240   592     1578    1622    1623    1579    
CQUAD4  11241   593     1568    1569    1613    1612    
CQUAD4  11242   594     1579    1623    1624    1580    
CQUAD4  11243   595     1559    1603    1625    1581    
CQUAD4  11244   596     1569    1583    1627    1613    
CQUAD4  11245   597     1581    1625    1626    1582    
CQUAD4  11246   598     1583    1584    1628    1627    
CQUAD4  11247   599     1582    1626    1614    1570    
CQUAD4  11248   600     1584    1580    1624    1628    
CQUAD4  11249   601     1603    1604    1630    1629    
CQUAD4  11250   602     1614    1640    1641    1615    
CQUAD4  11251   603     1604    1605    1631    1630    
CQUAD4  11252   604     1615    1641    1642    1616    
CQUAD4  11253   605     1605    1606    1632    1631    
CQUAD4  11254   606     1616    1642    1643    1617    
CQUAD4  11255   607     1606    1607    1633    1632    
CQUAD4  11256   608     1617    1643    1644    1618    
CQUAD4  11257   609     1607    1608    1634    1633    
CQUAD4  11258   610     1618    1644    1645    1619    
CQUAD4  11259   611     1608    1609    1635    1634    
CQUAD4  11260   612     1619    1645    1646    1620    
CQUAD4  11261   613     1609    1610    1636    1635    
CQUAD4  11262   614     1620    1646    1647    1621    
CQUAD4  11263   615     1610    1611    1637    1636    
CQUAD4  11264   616     1621    1647    1648    1622    
CQUAD4  11265   617     1611    1612    1638    1637    
CQUAD4  11266   618     1622    1648    1649    1623    
CQUAD4  11267   619     1612    1613    1639    1638    
CQUAD4  11268   620     1623    1649    1650    1624    
CQUAD4  11269   621     1603    1629    1651    1625    
CQUAD4  11270   622     1613    1627    1653    1639    
CQUAD4  11271   623     1625    1651    1652    1626    
CQUAD4  11272   624     1627    1628    1654    1653    
CQUAD4  11273   625     1626    1652    1640    1614    
CQUAD4  11274   626     1628    1624    1650    1654    
CQUAD4  11275   627     1629    1630    1656    1655    
CQUAD4  11276   628     1640    1666    1667    1641    
CQUAD4  11277   629     1630    1631    1657    1656    
CQUAD4  11278   630     1641    1667    1668    1642    
CQUAD4  11279   631     1631    1632    1658    1657    
CQUAD4  11280   632     1642    1668    1669    1643    
CQUAD4  11281   633     1632    1633    1659    1658    
CQUAD4  11282   634     1643    1669    1670    1644    
CQUAD4  11283   635     1633    1634    1660    1659    
CQUAD4  11284   636     1644    1670    1671    1645    
CQUAD4  11285   637     1634    1635    1661    1660    
CQUAD4  11286   638     1645    1671    1672    1646    
CQUAD4  11287   639     1635    1636    1662    1661    
CQUAD4  11288   640     1646    1672    1673    1647    
CQUAD4  11289   641     1636    1637    1663    1662    
CQUAD4  11290   642     1647    1673    1674    1648    
CQUAD4  11291   643     1637    1638    1664    1663    
CQUAD4  11292   644     1648    1674    1675    1649    
CQUAD4  11293   645     1638    1639    1665    1664    
CQUAD4  11294   646     1649    1675    1676    1650    
CQUAD4  11295   647     1629    1655    1677    1651    
CQUAD4  11296   648     1639    1653    1679    1665    
CQUAD4  11297   649     1651    1677    1678    1652    
CQUAD4  11298   650     1653    1654    1680    1679    
CQUAD4  11299   651     1652    1678    1666    1640    
CQUAD4  11300   652     1654    1650    1676    1680    
CQUAD4  11301   653     1655    1656    1700    1699    
CQUAD4  11302   654     1666    1710    1711    1667    
CQUAD4  11303   655     1656    1657    1701    1700    
CQUAD4  11304   656     1667    1711    1712    1668    
CQUAD4  11305   657     1657    1658    1702    1701    
CQUAD4  11306   658     1668    1712    1713    1669    
CQUAD4  11307   659     1658    1659    1703    1702    
CQUAD4  11308   660     1669    1713    1714    1670    
CQUAD4  11309   661     1659    1660    1704    1703    
CQUAD4  11310   662     1670    1714    1715    1671    
CQUAD4  11311   663     1660    1661    1705    1704    
CQUAD4  11312   664     1671    1715    1716    1672    
CQUAD4  11313   665     1661    1662    1706    1705    
CQUAD4  11314   666     1672    1716    1717    1673    
CQUAD4  11315   667     1662    1663    1707    1706    
CQUAD4  11316   668     1673    1717    1718    1674    
CQUAD4  11317   669     1663    1664    1708    1707    
CQUAD4  11318   670     1674    1718    1719    1675    
CQUAD4  11319   671     1664    1665    1709    1708    
CQUAD4  11320   672     1675    1719    1720    1676    
CQUAD4  11321   673     1655    1699    1721    1677    
CQUAD4  11322   674     1665    1679    1723    1709    
CQUAD4  11323   675     1677    1721    1722    1678    
CQUAD4  11324   676     1679    1680    1724    1723    
CQUAD4  11325   677     1678    1722    1710    1666    
CQUAD4  11326   678     1680    1676    1720    1724    
CQUAD4  11327   679     1699    1700    1726    1725    
CQUAD4  11328   680     1710    1736    1737    1711    
CQUAD4  11329   681     1700    1701    1727    1726    
CQUAD4  11330   682     1711    1737    1738    1712    
CQUAD4  11331   683     1701    1702    1728    1727    
CQUAD4  11332   684     1712    1738    1739    1713    
CQUAD4  11333   685     1702    1703    1729    1728    
CQUAD4  11334   686     1713    1739    1740    1714    
CQUAD4  11335   687     1703    1704    1730    1729    
CQUAD4  11336   688     1714    1740    1741    1715    
CQUAD4  11337   689     1704    1705    1731    1730    
CQUAD4  11338   690     1715    1741    1742    1716    
CQUAD4  11339   691     1705    1706    1732    1731    
CQUAD4  11340   692     1716    1742    1743    1717    
CQUAD4  11341   693     1706    1707    1733    1732    
CQUAD4  11342   694     1717    1743    1744    1718    
CQUAD4  11343   695     1707    1708    1734    1733    
CQUAD4  11344   696     1718    1744    1745    1719    
CQUAD4  11345   697     1708    1709    1735    1734    
CQUAD4  11346   698     1719    1745    1746    1720    
CQUAD4  11347   699     1699    1725    1747    1721    
CQUAD4  11348   700     1709    1723    1749    1735    
CQUAD4  11349   701     1721    1747    1748    1722    
CQUAD4  11350   702     1723    1724    1750    1749    
CQUAD4  11351   703     1722    1748    1736    1710    
CQUAD4  11352   704     1724    1720    1746    1750    
CQUAD4  11353   705     1725    1726    1752    1751    
CQUAD4  11354   706     1736    1762    1763    1737    
CQUAD4  11355   707     1726    1727    1753    1752    
CQUAD4  11356   708     1737    1763    1764    1738    
CQUAD4  11357   709     1727    1728    1754    1753    
CQUAD4  11358   710     1738    1764    1765    1739    
CQUAD4  11359   711     1728    1729    1755    1754    
CQUAD4  11360   712     1739    1765    1766    1740    
CQUAD4  11361   713     1729    1730    1756    1755    
CQUAD4  11362   714     1740    1766    1767    1741    
CQUAD4  11363   715     1730    1731    1757    1756    
CQUAD4  11364   716     1741    1767    1768    1742    
CQUAD4  11365   717     1731    1732    1758    1757    
CQUAD4  11366   718     1742    1768    1769    1743    
CQUAD4  11367   719     1732    1733    1759    1758    
CQUAD4  11368   720     1743    1769    1770    1744    
CQUAD4  11369   721     1733    1734    1760    1759    
CQUAD4  11370   722     1744    1770    1771    1745    
CQUAD4  11371   723     1734    1735    1761    1760    
CQUAD4  11372   724     1745    1771    1772    1746    
CQUAD4  11373   725     1725    1751    1773    1747    
CQUAD4  11374   726     1735    1749    1775    1761    
CQUAD4  11375   727     1747    1773    1774    1748    
CQUAD4  11376   728     1749    1750    1776    1775    
CQUAD4  11377   729     1748    1774    1762    1736    
CQUAD4  11378   730     1750    1746    1772    1776    
CQUAD4  11379   731     1751    1752    1796    1795    
CQUAD4  11380   732     1762    1806    1807    1763    
CQUAD4  11381   733     1752    1753    1797    1796    
CQUAD4  11382   734     1763    1807    1808    1764    
CQUAD4  11383   735     1753    1754    1798    1797    
CQUAD4  11384   736     1764    1808    1809    1765    
CQUAD4  11385   737     1754    1755    1799    1798    
CQUAD4  11386   738     1765    1809    1810    1766    
CQUAD4  11387   739     1755    1756    1800    1799    
CQUAD4  11388   740     1766    1810    1811    1767    
CQUAD4  11389   741     1756    1757    1801    1800    
CQUAD4  11390   742     1767    1811    1812    1768    
CQUAD4  11391   743     1757    1758    1802    1801    
CQUAD4  11392   744     1768    1812    1813    1769    
CQUAD4  11393   745     1758    1759    1803    1802    
CQUAD4  11394   746     1769    1813    1814    1770    
CQUAD4  11395   747     1759    1760    1804    1803    
CQUAD4  11396   748     1770    1814    1815    1771    
CQUAD4  11397   749     1760    1761    1805    1804    
CQUAD4  11398   750     1771    1815    1816    1772    
CQUAD4  11399   751     1751    1795    1817    1773    
CQUAD4  11400   752     1761    1775    1819    1805    
CQUAD4  11401   753     1773    1817    1818    1774    
CQUAD4  11402   754     1775    1776    1820    1819    
CQUAD4  11403   755     1774    1818    1806    1762    
CQUAD4  11404   756     1776    1772    1816    1820    
CQUAD4  11405   757     1795    1796    1822    1821    
CQUAD4  11406   758     1806    1832    1833    1807    
CQUAD4  11407   759     1796    1797    1823    1822    
CQUAD4  11408   760     1807    1833    1834    1808    
CQUAD4  11409   761     1797    1798    1824    1823    
CQUAD4  11410   762     1808    1834    1835    1809    
CQUAD4  11411   763     1798    1799    1825    1824    
CQUAD4  11412   764     1809    1835    1836    1810    
CQUAD4  11413   765     1799    1800    1826    1825    
CQUAD4  11414   766     1810    1836    1837    1811    
CQUAD4  11415   767     1800    1801    1827    1826    
CQUAD4  11416   768     1811    1837    1838    1812    
CQUAD4  11417   769     1801    1802    1828    1827    
CQUAD4  11418   770     1812    1838    1839    1813    
CQUAD4  11419   771     1802    1803    1829    1828    
CQUAD4  11420   772     1813    1839    1840    1814    
CQUAD4  11421   773     1803    1804    1830    1829    
CQUAD4  11422   774     1814    1840    1841    1815    
CQUAD4  11423   775     1804    1805    1831    1830    
CQUAD4  11424   776     1815    1841    1842    1816    
CQUAD4  11425   777     1795    1821    1843    1817    
CQUAD4  11426   778     1805    1819    1845    1831    
CQUAD4  11427   779     1817    1843    1844    1818    
CQUAD4  11428   780     1819    1820    1846    1845    
CQUAD4  11429   781     1818    1844    1832    1806    
CQUAD4  11430   782     1820    1816    1842    1846    
CQUAD4  11431   783     1821    1822    1848    1847    
CQUAD4  11432   784     1832    1858    1859    1833    
CQUAD4  11433   785     1822    1823    1849    1848    
CQUAD4  11434   786     1833    1859    1860    1834    
CQUAD4  11435   787     1823    1824    1850    1849    
CQUAD4  11436   788     1834    1860    1861    1835    
CQUAD4  11437   789     1824    1825    1851    1850    
CQUAD4  11438   790     1835    1861    1862    1836    
CQUAD4  11439   791     1825    1826    1852    1851    
CQUAD4  11440   792     1836    1862    1863    1837    
CQUAD4  11441   793     1826    1827    1853    1852    
CQUAD4  11442   794     1837    1863    1864    1838    
CQUAD4  11443   795     1827    1828    1854    1853    
CQUAD4  11444   796     1838    1864    1865    1839    
CQUAD4  11445   797     1828    1829    1855    1854    
CQUAD4  11446   798     1839    1865    1866    1840    
CQUAD4  11447   799     1829    1830    1856    1855    
CQUAD4  11448   800     1840    1866    1867    1841    
CQUAD4  11449   801     1830    1831    1857    1856    
CQUAD4  11450   802     1841    1867    1868    1842    
CQUAD4  11451   803     1821    1847    1869    1843    
CQUAD4  11452   804     1831    1845    1871    1857    
CQUAD4  11453   805     1843    1869    1870    1844    
CQUAD4  11454   806     1845    1846    1872    1871    
CQUAD4  11455   807     1844    1870    1858    1832    
CQUAD4  11456   808     1846    1842    1868    1872    
CQUAD4  11457   809     1847    1848    1892    1891    
CQUAD4  11458   810     1858    1902    1903    1859    
CQUAD4  11459   811     1848    1849    1893    1892    
CQUAD4  11460   812     1859    1903    1904    1860    
CQUAD4  11461   813     1849    1850    1894    1893    
CQUAD4  11462   814     1860    1904    1905    1861    
CQUAD4  11463   815     1850    1851    1895    1894    
CQUAD4  11464   816     1861    1905    1906    1862    
CQUAD4  11465   817     1851    1852    1896    1895    
CQUAD4  11466   818     1862    1906    1907    1863    
CQUAD4  11467   819     1852    1853    1897    1896    
CQUAD4  11468   820     1863    1907    1908    1864    
CQUAD4  11469   821     1853    1854    1898    1897    
CQUAD4  11470   822     1864    1908    1909    1865    
CQUAD4  11471   823     1854    1855    1899    1898    
CQUAD4  11472   824     1865    1909    1910    1866    
CQUAD4  11473   825     1855    1856    1900    1899    
CQUAD4  11474   826     1866    1910    1911    1867    
CQUAD4  11475   827     1856    1857    1901    1900    
CQUAD4  11476   828     1867    1911    1912    1868    
CQUAD4  11477   829     1847    1891    1913    1869    
CQUAD4  11478   830     1857    1871    1915    1901    
CQUAD4  11479   831     1869    1913    1914    1870    
CQUAD4  11480   832     1871    1872    1916    1915    
CQUAD4  11481   833     1870    1914    1902    1858    
CQUAD4  11482   834     1872    1868    1912    1916    
CQUAD4  11483   835     1891    1892    1918    1917    
CQUAD4  11484   836     1902    1928    1929    1903    
CQUAD4  11485   837     1892    1893    1919    1918    
CQUAD4  11486   838     1903    1929    1930    1904    
CQUAD4  11487   839     1893    1894    1920    1919    
CQUAD4  11488   840     1904    1930    1931    1905    
CQUAD4  11489   841     1894    1895    1921    1920    
CQUAD4  11490   842     1905    1931    1932    1906    
CQUAD4  11491   843     1895    1896    1922    1921    
CQUAD4  11492   844     1906    1932    1933    1907    
CQUAD4  11493   845     1896    1897    1923    1922    
CQUAD4  11494   846     1907    1933    1934    1908    
CQUAD4  11495   847     1897    1898    1924    1923    
CQUAD4  11496   848     1908    1934    1935    1909    
CQUAD4  11497   849     1898    1899    1925    1924    
CQUAD4  11498   850     1909    1935    1936    1910    
CQUAD4  11499   851     1899    1900    1926    1925    
CQUAD4  11500   852     1910    1936    1937    1911    
CQUAD4  11501   853     1900    1901    1927    1926    
CQUAD4  11502   854     1911    1937    1938    1912    
CQUAD4  11503   855     1891    1917    1939    1913    
CQUAD4  11504   856     1901    1915    1941    1927    
CQUAD4  11505   857     1913    1939    1940    1914    
CQUAD4  11506   858     1915    1916    1942    1941    
CQUAD4  11507   859     1914    1940    1928    1902    
CQUAD4  11508   860     1916    1912    1938    1942    
CQUAD4  11509   861     1917    1918    1944    1943    
CQUAD4  11510   862     1928    1954    1955    1929    
CQUAD4  11511   863     1918    1919    1945    1944    
CQUAD4  11512   864     1929    1955    1956    1930    
CQUAD4  11513   865     1919    1920    1946    1945    
CQUAD4  11514   866     1930    1956    1957    1931    
CQUAD4  11515   867     1920    1921    1947    1946    
CQUAD4  11516   868     1931    1957    1958    1932    
CQUAD4  11517   869     1921    1922    1948    1947    
CQUAD4  11518   870     1932    1958    1959    1933    
CQUAD4  11519   871     1922    1923    1949    1948    
CQUAD4  11520   872     1933    1959    1960    1934    
CQUAD4  11521   873     1923    1924    1950    1949    
CQUAD4  11522   874     1934    1960    1961    1935    
CQUAD4  11523   875     1924    1925    1951    1950    
CQUAD4  11524   876     1935    1961    1962    1936    
CQUAD4  11525   877     1925    1926    1952    1951    
CQUAD4  11526   878     1936    1962    1963    1937    
CQUAD4  11527   879     1926    1927    1953    1952    
CQUAD4  11528   880     1937    1963    1964    1938    
CQUAD4  11529   881     1917    1943    1965    1939    
CQUAD4  11530   882     1927    1941    1967    1953    
CQUAD4  11531   883     1939    1965    1966    1940    
CQUAD4  11532   884     1941    1942    1968    1967    
CQUAD4  11533   885     1940    1966    1954    1928    
CQUAD4  11534   886     1942    1938    1964    1968    
CQUAD4  11535   887     1943    1944    1988    1987    
CQUAD4  11536   888     1954    1998    1999    1955    
CQUAD4  11537   889     1944    1945    1989    1988    
CQUAD4  11538   890     1955    1999    2000    1956    
CQUAD4  11539   891     1945    1946    1990    1989    
CQUAD4  11540   892     1956    2000    2001    1957    
CQUAD4  11541   893     1946    1947    1991    1990    
CQUAD4  11542   894     1957    2001    2002    1958    
CQUAD4  11543   895     1947    1948    1992    1991    
CQUAD4  11544   896     1958    2002    2003    1959    
CQUAD4  11545   897     1948    1949    1993    1992    
CQUAD4  11546   898     1959    2003    2004    1960    
CQUAD4  11547   899     1949    1950    1994    1993    
CQUAD4  11548   900     1960    2004    2005    1961    
CQUAD4  11549   901     1950    1951    1995    1994    
CQUAD4  11550   902     1961    2005    2006    1962    
CQUAD4  11551   903     1951    1952    1996    1995    
CQUAD4  11552   904     1962    2006    2007    1963    
CQUAD4  11553   905     1952    1953    1997    1996    
CQUAD4  11554   906     1963    2007    2008    1964    
CQUAD4  11555   907     1943    1987    2009    1965    
CQUAD4  11556   908     1953    1967    2011    1997    
CQUAD4  11557   909     1965    2009    2010    1966    
CQUAD4  11558   910     1967    1968    2012    2011    
CQUAD4  11559   911     1966    2010    1998    1954    
CQUAD4  11560   912     1968    1964    2008    2012    
CQUAD4  11561   913     1987    1988    2014    2013    
CQUAD4  11562   914     1998    2024    2025    1999    
CQUAD4  11563   915     1988    1989    2015    2014    
CQUAD4  11564   916     1999    2025    2026    2000    
CQUAD4  11565   917     1989    1990    2016    2015    
CQUAD4  11566   918     2000    2026    2027    2001    
CQUAD4  11567   919     1990    1991    2017    2016    
CQUAD4  11568   920     2001    2027    2028    2002    
CQUAD4  11569   921     1991    1992    2018    2017    
CQUAD4  11570   922     2002    2028    2029    2003    
CQUAD4  11571   923     1992    1993    2019    2018    
CQUAD4  11572   924     2003    2029    2030    2004    
CQUAD4  11573   925     1993    1994    2020    2019    
CQUAD4  11574   926     2004    2030    2031    2005    
CQUAD4  11575   927     1994    1995    2021    2020    
CQUAD4  11576   928     2005    2031    2032    2006    
CQUAD4  11577   929     1995    1996    2022    2021    
CQUAD4  11578   930     2006    2032    2033    2007    
CQUAD4  11579   931     1996    1997    2023    2022    
CQUAD4  11580   932     2007    2033    2034    2008    
CQUAD4  11581   933     1987    2013    2035    2009    
CQUAD4  11582   934     1997    2011    2037    2023    
CQUAD4  11583   935     2009    2035    2036    2010    
CQUAD4  11584   936     2011    2012    2038    2037    
CQUAD4  11585   937     2010    2036    2024    1998    
CQUAD4  11586   938     2012    2008    2034    2038    
CQUAD4  11587   939     2013    2014    2040    2039    
CQUAD4  11588   940     2024    2050    2051    2025    
CQUAD4  11589   941     2014    2015    2041    2040    
CQUAD4  11590   942     2025    2051    2052    2026    
CQUAD4  11591   943     2015    2016    2042    2041    
CQUAD4  11592   944     2026    2052    2053    2027    
CQUAD4  11593   945     2016    2017    2043    2042    
CQUAD4  11594   946     2027    2053    2054    2028    
CQUAD4  11595   947     2017    2018    2044    2043    
CQUAD4  11596   948     2028    2054    2055    2029    
CQUAD4  11597   949     2018    2019    2045    2044    
CQUAD4  11598   950     2029    2055    2056    2030    
CQUAD4  11599   951     2019    2020    2046    2045    
CQUAD4  11600   952     2030    2056    2057    2031    
CQUAD4  11601   953     2020    2021    2047    2046    
CQUAD4  11602   954     2031    2057    2058    2032    
CQUAD4  11603   955     2021    2022    2048    2047    
CQUAD4  11604   956     2032    2058    2059    2033    
CQUAD4  11605   957     2022    2023    2049    2048    
CQUAD4  11606   958     2033    2059    2060    2034    
CQUAD4  11607   959     2013    2039    2061    2035    
CQUAD4  11608   960     2023    2037    2063    2049    
CQUAD4  11609   961     2035    2061    2062    2036    
CQUAD4  11610   962     2037    2038    2064    2063    
CQUAD4  11611   963     2036    2062    2050    2024    
CQUAD4  11612   964     2038    2034    2060    2064    
CQUAD4  11613   965     2039    2040    2084    2083    
CQUAD4  11614   966     2050    2094    2095    2051    
CQUAD4  11615   967     2040    2041    2085    2084    
CQUAD4  11616   968     2051    2095    2096    2052    
CQUAD4  11617   969     2041    2042    2086    2085    
CQUAD4  11618   970     2052    2096    2097    2053    
CQUAD4  11619   971     2042    2043    2087    2086    
CQUAD4  11620   972     2053    2097    2098    2054    
CQUAD4  11621   973     2043    2044    2088    2087    
CQUAD4  11622   974     2054    2098    2099    2055    
CQUAD4  11623   975     2044    2045    2089    2088    
CQUAD4  11624   976     2055    2099    2100    2056    
CQUAD4  11625   977     2045    2046    2090    2089    
CQUAD4  11626   978     2056    2100    2101    2057    
CQUAD4  11627   979     2046    2047    2091    2090    
CQUAD4  11628   980     2057    2101    2102    2058    
CQUAD4  11629   981     2047    2048    2092    2091    
CQUAD4  11630   982     2058    2102    2103    2059    
CQUAD4  11631   983     2048    2049    2093    2092    
CQUAD4  11632   984     2059    2103    2104    2060    
CQUAD4  11633   985     2039    2083    2105    2061    
CQUAD4  11634   986     2049    2063    2107    2093    
CQUAD4  11635   987     2061    2105    2106    2062    
CQUAD4  11636   988     2063    2064    2108    2107    
CQUAD4  11637   989     2062    2106    2094    2050    
CQUAD4  11638   990     2064    2060    2104    2108    
CQUAD4  11639   991     2083    2084    2110    2109    
CQUAD4  11640   992     2094    2120    2121    2095    
CQUAD4  11641   993     2084    2085    2111    2110    
CQUAD4  11642   994     2095    2121    2122    2096    
CQUAD4  11643   995     2085    2086    2112    2111    
CQUAD4  11644   996     2096    2122    2123    2097    
CQUAD4  11645   997     2086    2087    2113    2112    
CQUAD4  11646   998     2097    2123    2124    2098    
CQUAD4  11647   999     2087    2088    2114    2113    
CQUAD4  11648   1000    2098    2124    2125    2099    
CQUAD4  11649   1001    2088    2089    2115    2114    
CQUAD4  11650   1002    2099    2125    2126    2100    
CQUAD4  11651   1003    2089    2090    2116    2115    
CQUAD4  11652   1004    2100    2126    2127    2101    
CQUAD4  11653   1005    2090    2091    2117    2116    
CQUAD4  11654   1006    2101    2127    2128    2102    
CQUAD4  11655   1007    2091    2092    2118    2117    
CQUAD4  11656   1008    2102    2128    2129    2103    
CQUAD4  11657   1009    2092    2093    2119    2118    
CQUAD4  11658   1010    2103    2129    2130    2104    
CQUAD4  11659   1011    2083    2109    2131    2105    
CQUAD4  11660   1012    2093    2107    2133    2119    
CQUAD4  11661   1013    2105    2131    2132    2106    
CQUAD4  11662   1014    2107    2108    2134    2133    
CQUAD4  11663   1015    2106    2132    2120    2094    
CQUAD4  11664   1016    2108    2104    2130    2134    
CQUAD4  11665   1017    2109    2110    2136    2135    
CQUAD4  11666   1018    2120    2146    2147    2121    
CQUAD4  11667   1019    2110    2111    2137    2136    
CQUAD4  11668   1020    2121    2147    2148    2122    
CQUAD4  11669   1021    2111    2112    2138    2137    
CQUAD4  11670   1022    2122    2148    2149    2123    
CQUAD4  11671   1023    2112    2113    2139    2138    
CQUAD4  11672   1024    2123    2149    2150    2124    
CQUAD4  11673   1025    2113    2114    2140    2139    
CQUAD4  11674   1026    2124    2150    2151    2125    
CQUAD4  11675   1027    2114    2115    2141    2140    
CQUAD4  11676   1028    2125    2151    2152    2126    
CQUAD4  11677   1029    2115    2116    2142    2141    
CQUAD4  11678   1030    2126    2152    2153    2127    
CQUAD4  11679   1031    2116    2117    2143    2142    
CQUAD4  11680   1032    2127    2153    2154    2128    
CQUAD4  11681   1033    2117    2118    2144    2143    
CQUAD4  11682   1034    2128    2154    2155    2129    
CQUAD4  11683   1035    2118    2119    2145    2144    
CQUAD4  11684   1036    2129    2155    2156    2130    
CQUAD4  11685   1037    2109    2135    2157    2131    
CQUAD4  11686   1038    2119    2133    2159    2145    
CQUAD4  11687   1039    2131    2157    2158    2132    
CQUAD4  11688   1040    2133    2134    2160    2159    
CQUAD4  11689   1041    2132    2158    2146    2120    
CQUAD4  11690   1042    2134    2130    2156    2160    
CQUAD4  11691   1043    2135    2136    2180    2179    
CQUAD4  11692   1044    2146    2190    2191    2147    
CQUAD4  11693   1045    2136    2137    2181    2180    
CQUAD4  11694   1046    2147    2191    2192    2148    
CQUAD4  11695   1047    2137    2138    2182    2181    
CQUAD4  11696   1048    2148    2192    2193    2149    
CQUAD4  11697   1049    2138    2139    2183    2182    
CQUAD4  11698   1050    2149    2193    2194    2150    
CQUAD4  11699   1051    2139    2140    2184    2183    
CQUAD4  11700   1052    2150    2194    2195    2151    
CQUAD4  11701   1053    2140    2141    2185    2184    
CQUAD4  11702   1054    2151    2195    2196    2152    
CQUAD4  11703   1055    2141    2142    2186    2185    
CQUAD4  11704   1056    2152    2196    2197    2153    
CQUAD4  11705   1057    2142    2143    2187    2186    
CQUAD4  11706   1058    2153    2197    2198    2154    
CQUAD4  11707   1059    2143    2144    2188    2187    
CQUAD4  11708   1060    2154    2198    2199    2155    
CQUAD4  11709   1061    2144    2145    2189    2188    
CQUAD4  11710   1062    2155    2199    2200    2156    
CQUAD4  11711   1063    2135    2179    2201    2157    
CQUAD4  11712   1064    2145    2159    2203    2189    
CQUAD4  11713   1065    2157    2201    2202    2158    
CQUAD4  11714   1066    2159    2160    2204    2203    
CQUAD4  11715   1067    2158    2202    2190    2146    
CQUAD4  11716   1068    2160    2156    2200    2204    
CQUAD4  11717   1069    2179    2180    2206    2205    
CQUAD4  11718   1070    2190    2216    2217    2191    
CQUAD4  11719   1071    2180    2181    2207    2206    
CQUAD4  11720   1072    2191    2217    2218    2192    
CQUAD4  11721   1073    2181    2182    2208    2207    
CQUAD4  11722   1074    2192    2218    2219    2193    
CQUAD4  11723   1075    2182    2183    2209    2208    
CQUAD4  11724   1076    2193    2219    2220    2194    
CQUAD4  11725   1077    2183    2184    2210    2209    
CQUAD4  11726   1078    2194    2220    2221    2195    
CQUAD4  11727   1079    2184    2185    2211    2210    
CQUAD4  11728   1080    2195    2221    2222    2196    
CQUAD4  11729   1081    2185    2186    2212    2211    
CQUAD4  11730   1082    2196    2222    2223    2197    
CQUAD4  11731   1083    2186    2187    2213    2212    
CQUAD4  11732   1084    2197    2223    2224    2198    
CQUAD4  11733   1085    2187    2188    2214    2213    
CQUAD4  11734   1086    2198    2224    2225    2199    
CQUAD4  11735   1087    2188    2189    2215    2214    
CQUAD4  11736   1088    2199    2225    2226    2200    
CQUAD4  11737   1089    2179    2205    2227    2201    
CQUAD4  11738   1090    2189    2203    2229    2215    
CQUAD4  11739   1091    2201    2227    2228    2202    
CQUAD4  11740   1092    2203    2204    2230    2229    
CQUAD4  11741   1093    2202    2228    2216    2190    
CQUAD4  11742   1094    2204    2200    2226    2230    
CQUAD4  11743   1095    2205    2206    2232    2231    
CQUAD4  11744   1096    2216    2242    2243    2217    
CQUAD4  11745   1097    2206    2207    2233    2232    
CQUAD4  11746   1098    2217    2243    2244    2218    
CQUAD4  11747   1099    2207    2208    2234    2233    
CQUAD4  11748   1100    2218    2244    2245    2219    
CQUAD4  11749   1101    2208    2209    2235    2234    
CQUAD4  11750   1102    2219    2245    2246    2220    
CQUAD4  11751   1103    2209    2210    2236    2235    
CQUAD4  11752   1104    2220    2246    2247    2221    
CQUAD4  11753   1105    2210    2211    2237    2236    
CQUAD4  11754   1106    2221    2247    2248    2222    
CQUAD4  11755   1107    2211    2212    2238    2237    
CQUAD4  11756   1108    2222    2248    2249    2223    
CQUAD4  11757   1109    2212    2213    2239    2238    
CQUAD4  11758   1110    2223    2249    2250    2224    
CQUAD4  11759   1111    2213    2214    2240    2239    
CQUAD4  11760   1112    2224    2250    2251    2225    
CQUAD4  11761   1113    2214    2215    2241    2240    
CQUAD4  11762   1114    2225    2251    2252    2226    
CQUAD4  11763   1115    2205    2231    2253    2227    
CQUAD4  11764   1116    2215    2229    2255    2241    
CQUAD4  11765   1117    2227    2253    2254    2228    
CQUAD4  11766   1118    2229    2230    2256    2255    
CQUAD4  11767   1119    2228    2254    2242    2216    
CQUAD4  11768   1120    2230    2226    2252    2256    
CQUAD4  11769   1121    2231    2232    2276    2275    
CQUAD4  11770   1122    2242    2286    2287    2243    
CQUAD4  11771   1123    2232    2233    2277    2276    
CQUAD4  11772   1124    2243    2287    2288    2244    
CQUAD4  11773   1125    2233    2234    2278    2277    
CQUAD4  11774   1126    2244    2288    2289    2245    
CQUAD4  11775   1127    2234    2235    2279    2278    
CQUAD4  11776   1128    2245    2289    2290    2246    
CQUAD4  11777   1129    2235    2236    2280    2279    
CQUAD4  11778   1130    2246    2290    2291    2247    
CQUAD4  11779   1131    2236    2237    2281    2280    
CQUAD4  11780   1132    2247    2291    2292    2248    
CQUAD4  11781   1133    2237    2238    2282    2281    
CQUAD4  11782   1134    2248    2292    2293    2249    
CQUAD4  11783   1135    2238    2239    2283    2282    
CQUAD4  11784   1136    2249    2293    2294    2250    
CQUAD4  11785   1137    2239    2240    2284    2283    
CQUAD4  11786   1138    2250    2294    2295    2251    
CQUAD4  11787   1139    2240    2241    2285    2284    
CQUAD4  11788   1140    2251    2295    2296    2252    
CQUAD4  11789   1141    2231    2275    2297    2253    
CQUAD4  11790   1142    2241    2255    2299    2285    
CQUAD4  11791   1143    2253    2297    2298    2254    
CQUAD4  11792   1144    2255    2256    2300    2299    
CQUAD4  11793   1145    2254    2298    2286    2242    
CQUAD4  11794   1146    2256    2252    2296    2300    
CQUAD4  11795   1147    2275    2276    2302    2301    
CQUAD4  11796   1148    2286    2312    2313    2287    
CQUAD4  11797   1149    2276    2277    2303    2302    
CQUAD4  11798   1150    2287    2313    2314    2288    
CQUAD4  11799   1151    2277    2278    2304    2303    
CQUAD4  11800   1152    2288    2314    2315    2289    
CQUAD4  11801   1153    2278    2279    2305    2304    
CQUAD4  11802   1154    2289    2315    2316    2290    
CQUAD4  11803   1155    2279    2280    2306    2305    
CQUAD4  11804   1156    2290    2316    2317    2291    
CQUAD4  11805   1157    2280    2281    2307    2306    
CQUAD4  11806   1158    2291    2317    2318    2292    
CQUAD4  11807   1159    2281    2282    2308    2307    
CQUAD4  11808   1160    2292    2318    2319    2293    
CQUAD4  11809   1161    2282    2283    2309    2308    
CQUAD4  11810   1162    2293    2319    2320    2294    
CQUAD4  11811   1163    2283    2284    2310    2309    
CQUAD4  11812   1164    2294    2320    2321    2295    
CQUAD4  11813   1165    2284    2285    2311    2310    
CQUAD4  11814   1166    2295    2321    2322    2296    
CQUAD4  11815   1167    2275    2301    2323    2297    
CQUAD4  11816   1168    2285    2299    2325    2311    
CQUAD4  11817   1169    2297    2323    2324    2298    
CQUAD4  11818   1170    2299    2300    2326    2325    
CQUAD4  11819   1171    2298    2324    2312    2286    
CQUAD4  11820   1172    2300    2296    2322    2326    
CQUAD4  11821   1173    2301    2302    2328    2327    
CQUAD4  11822   1174    2312    2338    2339    2313    
CQUAD4  11823   1175    2302    2303    2329    2328    
CQUAD4  11824   1176    2313    2339    2340    2314    
CQUAD4  11825   1177    2303    2304    2330    2329    
CQUAD4  11826   1178    2314    2340    2341    2315    
CQUAD4  11827   1179    2304    2305    2331    2330    
CQUAD4  11828   1180    2315    2341    2342    2316    
CQUAD4  11829   1181    2305    2306    2332    2331    
CQUAD4  11830   1182    2316    2342    2343    2317    
CQUAD4  11831   1183    2306    2307    2333    2332    
CQUAD4  11832   1184    2317    2343    2344    2318    
CQUAD4  11833   1185    2307    2308    2334    2333    
CQUAD4  11834   1186    2318    2344    2345    2319    
CQUAD4  11835   1187    2308    2309    2335    2334    
CQUAD4  11836   1188    2319    2345    2346    2320    
CQUAD4  11837   1189    2309    2310    2336    2335    
CQUAD4  11838   1190    2320    2346    2347    2321    
CQUAD4  11839   1191    2310    2311    2337    2336    
CQUAD4  11840   1192    2321    2347    2348    2322    
CQUAD4  11841   1193    2301    2327    2349    2323    
CQUAD4  11842   1194    2311    2325    2351    2337    
CQUAD4  11843   1195    2323    2349    2350    2324    
CQUAD4  11844   1196    2325    2326    2352    2351    
CQUAD4  11845   1197    2324    2350    2338    2312    
CQUAD4  11846   1198    2326    2322    2348    2352    
CQUAD4  11847   1199    2327    2328    2372    2371    
CQUAD4  11848   1200    2338    2382    2383    2339    
CQUAD4  11849   1201    2328    2329    2373    2372    
CQUAD4  11850   1202    2339    2383    2384    2340    
CQUAD4  11851   1203    2329    2330    2374    2373    
CQUAD4  11852   1204    2340    2384    2385    2341    
CQUAD4  11853   1205    2330    2331    2375    2374    
CQUAD4  11854   1206    2341    2385    2386    2342    
CQUAD4  11855   1207    2331    2332    2376    2375    
CQUAD4  11856   1208    2342    2386    2387    2343    
CQUAD4  11857   1209    2332    2333    2377    2376    
CQUAD4  11858   1210    2343    2387    2388    2344    
CQUAD4  11859   1211    2333    2334    2378    2377    
CQUAD4  11860   1212    2344    2388    2389    2345    
CQUAD4  11861   1213    2334    2335    2379    2378    
CQUAD4  11862   1214    2345    2389    2390    2346    
CQUAD4  11863   1215    2335    2336    2380    2379    
CQUAD4  11864   1216    2346    2390    2391    2347    
CQUAD4  11865   1217    2336    2337    2381    2380    
CQUAD4  11866   1218    2347    2391    2392    2348    
CQUAD4  11867   1219    2327    2371    2393    2349    
CQUAD4  11868   1220    2337    2351    2395    2381    
CQUAD4  11869   1221    2349    2393    2394    2350    
CQUAD4  11870   1222    2351    2352    2396    2395    
CQUAD4  11871   1223    2350    2394    2382    2338    
CQUAD4  11872   1224    2352    2348    2392    2396    
CQUAD4  11873   1225    2371    2372    2398    2397    
CQUAD4  11874   1226    2382    2408    2409    2383    
CQUAD4  11875   1227    2372    2373    2399    2398    
CQUAD4  11876   1228    2383    2409    2410    2384    
CQUAD4  11877   1229    2373    2374    2400    2399    
CQUAD4  11878   1230    2384    2410    2411    2385    
CQUAD4  11879   1231    2374    2375    2401    2400    
CQUAD4  11880   1232    2385    2411    2412    2386    
CQUAD4  11881   1233    2375    2376    2402    2401    
CQUAD4  11882   1234    2386    2412    2413    2387    
CQUAD4  11883   1235    2376    2377    2403    2402    
CQUAD4  11884   1236    2387    2413    2414    2388    
CQUAD4  11885   1237    2377    2378    2404    2403    
CQUAD4  11886   1238    2388    2414    2415    2389    
CQUAD4  11887   1239    2378    2379    2405    2404    
CQUAD4  11888   1240    2389    2415    2416    2390    
CQUAD4  11889   1241    2379    2380    2406    2405    
CQUAD4  11890   1242    2390    2416    2417    2391    
CQUAD4  11891   1243    2380    2381    2407    2406    
CQUAD4  11892   1244    2391    2417    2418    2392    
CQUAD4  11893   1245    2371    2397    2419    2393    
CQUAD4  11894   1246    2381    2395    2421    2407    
CQUAD4  11895   1247    2393    2419    2420    2394    
CQUAD4  11896   1248    2395    2396    2422    2421    
CQUAD4  11897   1249    2394    2420    2408    2382    
CQUAD4  11898   1250    2396    2392    2418    2422    
CQUAD4  11899   1251    2397    2398    2424    2423    
CQUAD4  11900   1252    2408    2434    2435    2409    
CQUAD4  11901   1253    2398    2399    2425    2424    
CQUAD4  11902   1254    2409    2435    2436    2410    
CQUAD4  11903   1255    2399    2400    2426    2425    
CQUAD4  11904   1256    2410    2436    2437    2411    
CQUAD4  11905   1257    2400    2401    2427    2426    
CQUAD4  11906   1258    2411    2437    2438    2412    
CQUAD4  11907   1259    2401    2402    2428    2427    
CQUAD4  11908   1260    2412    2438    2439    2413    
CQUAD4  11909   1261    2402    2403    2429    2428    
CQUAD4  11910   1262    2413    2439    2440    2414    
CQUAD4  11911   1263    2403    2404    2430    2429    
CQUAD4  11912   1264    2414    2440    2441    2415    
CQUAD4  11913   1265    2404    2405    2431    2430    
CQUAD4  11914   1266    2415    2441    2442    2416    
CQUAD4  11915   1267    2405    2406    2432    2431    
CQUAD4  11916   1268    2416    2442    2443    2417    
CQUAD4  11917   1269    2406    2407    2433    2432    
CQUAD4  11918   1270    2417    2443    2444    2418    
CQUAD4  11919   1271    2397    2423    2445    2419    
CQUAD4  11920   1272    2407    2421    2447    2433    
CQUAD4  11921   1273    2419    2445    2446    2420    
CQUAD4  11922   1274    2421    2422    2448    2447    
CQUAD4  11923   1275    2420    2446    2434    2408    
CQUAD4  11924   1276    2422    2418    2444    2448    
CQUAD4  11925   1277    2423    2424    2450    2449    
CQUAD4  11926   1278    2434    2460    2461    2435    
CQUAD4  11927   1279    2424    2425    2451    2450    
CQUAD4  11928   1280    2435    2461    2462    2436    
CQUAD4  11929   1281    2425    2426    2452    2451    
CQUAD4  11930   1282    2436    2462    2463    2437    
CQUAD4  11931   1283    2426    2427    2453    2452    
CQUAD4  11932   1284    2437    2463    2464    2438    
CQUAD4  11933   1285    2427    2428    2454    2453    
CQUAD4  11934   1286    2438    2464    2465    2439    
CQUAD4  11935   1287    2428    2429    2455    2454    
CQUAD4  11936   1288    2439    2465    2466    2440    
CQUAD4  11937   1289    2429    2430    2456    2455    
CQUAD4  11938   1290    2440    2466    2467    2441    
CQUAD4  11939   1291    2430    2431    2457    2456    
CQUAD4  11940   1292    2441    2467    2468    2442    
CQUAD4  11941   1293    2431    2432    2458    2457    
CQUAD4  11942   1294    2442    2468    2469    2443    
CQUAD4  11943   1295    2432    2433    2459    2458    
CQUAD4  11944   1296    2443    2469    2470    2444    
CQUAD4  11945   1297    2423    2449    2471    2445    
CQUAD4  11946   1298    2433    2447    2473    2459    
CQUAD4  11947   1299    2445    2471    2472    2446    
CQUAD4  11948   1300    2447    2448    2474    2473    
CQUAD4  11949   1301    2446    2472    2460    2434    
CQUAD4  11950   1302    2448    2444    2470    2474    
CQUAD4  11951   1303    2449    2450    2494    2493    
CQUAD4  11952   1304    2460    2504    2505    2461    
CQUAD4  11953   1305    2450    2451    2495    2494    
CQUAD4  11954   1306    2461    2505    2506    2462    
CQUAD4  11955   1307    2451    2452    2496    2495    
CQUAD4  11956   1308    2462    2506    2507    2463    
CQUAD4  11957   1309    2452    2453    2497    2496    
CQUAD4  11958   1310    2463    2507    2508    2464    
CQUAD4  11959   1311    2453    2454    2498    2497    
CQUAD4  11960   1312    2464    2508    2509    2465    
CQUAD4  11961   1313    2454    2455    2499    2498    
CQUAD4  11962   1314    2465    2509    2510    2466    
CQUAD4  11963   1315    2455    2456    2500    2499    
CQUAD4  11964   1316    2466    2510    2511    2467    
CQUAD4  11965   1317    2456    2457    2501    2500    
CQUAD4  11966   1318    2467    2511    2512    2468    
CQUAD4  11967   1319    2457    2458    2502    2501    
CQUAD4  11968   1320    2468    2512    2513    2469    
CQUAD4  11969   1321    2458    2459    2503    2502    
CQUAD4  11970   1322    2469    2513    2514    2470    
CQUAD4  11971   1323    2449    2493    2515    2471    
CQUAD4  11972   1324    2459    2473    2517    2503    
CQUAD4  11973   1325    2471    2515    2516    2472    
CQUAD4  11974   1326    2473    2474    2518    2517    
CQUAD4  11975   1327    2472    2516    2504    2460    
CQUAD4  11976   1328    2474    2470    2514    2518    
CQUAD4  11977   1329    2493    2494    2520    2519    
CQUAD4  11978   1330    2504    2530    2531    2505    
CQUAD4  11979   1331    2494    2495    2521    2520    
CQUAD4  11980   1332    2505    2531    2532    2506    
CQUAD4  11981   1333    2495    2496    2522    2521    
CQUAD4  11982   1334    2506    2532    2533    2507    
CQUAD4  11983   1335    2496    2497    2523    2522    
CQUAD4  11984   1336    2507    2533    2534    2508    
CQUAD4  11985   1337    2497    2498    2524    2523    
CQUAD4  11986   1338    2508    2534    2535    2509    
CQUAD4  11987   1339    2498    2499    2525    2524    
CQUAD4  11988   1340    2509    2535    2536    2510    
CQUAD4  11989   1341    2499    2500    2526    2525    
CQUAD4  11990   1342    2510    2536    2537    2511    
CQUAD4  11991   1343    2500    2501    2527    2526    
CQUAD4  11992   1344    2511    2537    2538    2512    
CQUAD4  11993   1345    2501    2502    2528    2527    
CQUAD4  11994   1346    2512    2538    2539    2513    
CQUAD4  11995   1347    2502    2503    2529    2528    
CQUAD4  11996   1348    2513    2539    2540    2514    
CQUAD4  11997   1349    2493    2519    2541    2515    
CQUAD4  11998   1350    2503    2517    2543    2529    
CQUAD4  11999   1351    2515    2541    2542    2516    
CQUAD4  12000   1352    2517    2518    2544    2543    
CQUAD4  12001   1353    2516    2542    2530    2504    
CQUAD4  12002   1354    2518    2514    2540    2544    
CQUAD4  12003   1355    2519    2520    2546    2545    
CQUAD4  12004   1356    2530    2556    2557    2531    
CQUAD4  12005   1357    2520    2521    2547    2546    
CQUAD4  12006   1358    2531    2557    2558    2532    
CQUAD4  12007   1359    2521    2522    2548    2547    
CQUAD4  12008   1360    2532    2558    2559    2533    
CQUAD4  12009   1361    2522    2523    2549    2548    
CQUAD4  12010   1362    2533    2559    2560    2534    
CQUAD4  12011   1363    2523    2524    2550    2549    
CQUAD4  12012   1364    2534    2560    2561    2535    
CQUAD4  12013   1365    2524    2525    2551    2550    
CQUAD4  12014   1366    2535    2561    2562    2536    
CQUAD4  12015   1367    2525    2526    2552    2551    
CQUAD4  12016   1368    2536    2562    2563    2537    
CQUAD4  12017   1369    2526    2527    2553    2552    
CQUAD4  12018   1370    2537    2563    2564    2538    
CQUAD4  12019   1371    2527    2528    2554    2553    
CQUAD4  12020   1372    2538    2564    2565    2539    
CQUAD4  12021   1373    2528    2529    2555    2554    
CQUAD4  12022   1374    2539    2565    2566    2540    
CQUAD4  12023   1375    2519    2545    2567    2541    
CQUAD4  12024   1376    2529    2543    2569    2555    
CQUAD4  12025   1377    2541    2567    2568    2542    
CQUAD4  12026   1378    2543    2544    2570    2569    
CQUAD4  12027   1379    2542    2568    2556    2530    
CQUAD4  12028   1380    2544    2540    2566    2570    
CQUAD4  12029   1381    2545    2546    2572    2571    
CQUAD4  12030   1382    2556    2582    2583    2557    
CQUAD4  12031   1383    2546    2547    2573    2572    
CQUAD4  12032   1384    2557    2583    2584    2558    
CQUAD4  12033   1385    2547    2548    2574    2573    
CQUAD4  12034   1386    2558    2584    2585    2559    
CQUAD4  12035   1387    2548    2549    2575    2574    
CQUAD4  12036   1388    2559    2585    2586    2560    
CQUAD4  12037   1389    2549    2550    2576    2575    
CQUAD4  12038   1390    2560    2586    2587    2561    
CQUAD4  12039   1391    2550    2551    2577    2576    
CQUAD4  12040   1392    2561    2587    2588    2562    
CQUAD4  12041   1393    2551    2552    2578    2577    
CQUAD4  12042   1394    2562    2588    2589    2563    
CQUAD4  12043   1395    2552    2553    2579    2578    
CQUAD4  12044   1396    2563    2589    2590    2564    
CQUAD4  12045   1397    2553    2554    2580    2579    
CQUAD4  12046   1398    2564    2590    2591    2565    
CQUAD4  12047   1399    2554    2555    2581    2580    
CQUAD4  12048   1400    2565    2591    2592    2566    
CQUAD4  12049   1401    2545    2571    2593    2567    
CQUAD4  12050   1402    2555    2569    2595    2581    
CQUAD4  12051   1403    2567    2593    2594    2568    
CQUAD4  12052   1404    2569    2570    2596    2595    
CQUAD4  12053   1405    2568    2594    2582    2556    
CQUAD4  12054   1406    2570    2566    2592    2596    
CQUAD4  12055   1407    2571    2572    2616    2615    
CQUAD4  12056   1408    2582    2626    2627    2583    
CQUAD4  12057   1409    2572    2573    2617    2616    
CQUAD4  12058   1410    2583    2627    2628    2584    
CQUAD4  12059   1411    2573    2574    2618    2617    
CQUAD4  12060   1412    2584    2628    2629    2585    
CQUAD4  12061   1413    2574    2575    2619    2618    
CQUAD4  12062   1414    2585    2629    2630    2586    
CQUAD4  12063   1415    2575    2576    2620    2619    
CQUAD4  12064   1416    2586    2630    2631    2587    
CQUAD4  12065   1417    2576    2577    2621    2620    
CQUAD4  12066   1418    2587    2631    2632    2588    
CQUAD4  12067   1419    2577    2578    2622    2621    
CQUAD4  12068   1420    2588    2632    2633    2589    
CQUAD4  12069   1421    2578    2579    2623    2622    
CQUAD4  12070   1422    2589    2633    2634    2590    
CQUAD4  12071   1423    2579    2580    2624    2623    
CQUAD4  12072   1424    2590    2634    2635    2591    
CQUAD4  12073   1425    2580    2581    2625    2624    
CQUAD4  12074   1426    2591    2635    2636    2592    
CQUAD4  12075   1427    2571    2615    2637    2593    
CQUAD4  12076   1428    2581    2595    2639    2625    
CQUAD4  12077   1429    2593    2637    2638    2594    
CQUAD4  12078   1430    2595    2596    2640    2639    
CQUAD4  12079   1431    2594    2638    2626    2582    
CQUAD4  12080   1432    2596    2592    2636    2640    
CQUAD4  12081   1433    2615    2616    2642    2641    
CQUAD4  12082   1434    2626    2652    2653    2627    
CQUAD4  12083   1435    2616    2617    2643    2642    
CQUAD4  12084   1436    2627    2653    2654    2628    
CQUAD4  12085   1437    2617    2618    2644    2643    
CQUAD4  12086   1438    2628    2654    2655    2629    
CQUAD4  12087   1439    2618    2619    2645    2644    
CQUAD4  12088   1440    2629    2655    2656    2630    
CQUAD4  12089   1441    2619    2620    2646    2645    
CQUAD4  12090   1442    2630    2656    2657    2631    
CQUAD4  12091   1443    2620    2621    2647    2646    
CQUAD4  12092   1444    2631    2657    2658    2632    
CQUAD4  12093   1445    2621    2622    2648    2647    
CQUAD4  12094   1446    2632    2658    2659    2633    
CQUAD4  12095   1447    2622    2623    2649    2648    
CQUAD4  12096   1448    2633    2659    2660    2634    
CQUAD4  12097   1449    2623    2624    2650    2649    
CQUAD4  12098   1450    2634    2660    2661    2635    
CQUAD4  12099   1451    2624    2625    2651    2650    
CQUAD4  12100   1452    2635    2661    2662    2636    
CQUAD4  12101   1453    2615    2641    2663    2637    
CQUAD4  12102   1454    2625    2639    2665    2651    
CQUAD4  12103   1455    2637    2663    2664    2638    
CQUAD4  12104   1456    2639    2640    2666    2665    
CQUAD4  12105   1457    2638    2664    2652    2626    
CQUAD4  12106   1458    2640    2636    2662    2666    
CQUAD4  12107   1459    2641    2642    2668    2667    
CQUAD4  12108   1460    2652    2678    2679    2653    
CQUAD4  12109   1461    2642    2643    2669    2668    
CQUAD4  12110   1462    2653    2679    2680    2654    
CQUAD4  12111   1463    2643    2644    2670    2669    
CQUAD4  12112   1464    2654    2680    2681    2655    
CQUAD4  12113   1465    2644    2645    2671    2670    
CQUAD4  12114   1466    2655    2681    2682    2656    
CQUAD4  12115   1467    2645    2646    2672    2671    
CQUAD4  12116   1468    2656    2682    2683    2657    
CQUAD4  12117   1469    2646    2647    2673    2672    
CQUAD4  12118   1470    2657    2683    2684    2658    
CQUAD4  12119   1471    2647    2648    2674    2673    
CQUAD4  12120   1472    2658    2684    2685    2659    
CQUAD4  12121   1473    2648    2649    2675    2674    
CQUAD4  12122   1474    2659    2685    2686    2660    
CQUAD4  12123   1475    2649    2650    2676    2675    
CQUAD4  12124   1476    2660    2686    2687    2661    
CQUAD4  12125   1477    2650    2651    2677    2676    
CQUAD4  12126   1478    2661    2687    2688    2662    
CQUAD4  12127   1479    2641    2667    2689    2663    
CQUAD4  12128   1480    2651    2665    2691    2677    
CQUAD4  12129   1481    2663    2689    2690    2664    
CQUAD4  12130   1482    2665    2666    2692    2691    
CQUAD4  12131   1483    2664    2690    2678    2652    
CQUAD4  12132   1484    2666    2662    2688    2692    
CQUAD4  12133   1485    2667    2668    2694    2693    
CQUAD4  12134   1486    2678    2704    2705    2679    
CQUAD4  12135   1487    2668    2669    2695    2694    
CQUAD4  12136   1488    2679    2705    2706    2680    
CQUAD4  12137   1489    2669    2670    2696    2695    
CQUAD4  12138   1490    2680    2706    2707    2681    
CQUAD4  12139   1491    2670    2671    2697    2696    
CQUAD4  12140   1492    2681    2707    2708    2682    
CQUAD4  12141   1493    2671    2672    2698    2697    
CQUAD4  12142   1494    2682    2708    2709    2683    
CQUAD4  12143   1495    2672    2673    2699    2698    
CQUAD4  12144   1496    2683    2709    2710    2684    
CQUAD4  12145   1497    2673    2674    2700    2699    
CQUAD4  12146   1498    2684    2710    2711    2685    
CQUAD4  12147   1499    2674    2675    2701    2700    
CQUAD4  12148   1500    2685    2711    2712    2686    
CQUAD4  12149   1501    2675    2676    2702    2701    
CQUAD4  12150   1502    2686    2712    2713    2687    
CQUAD4  12151   1503    2676    2677    2703    2702    
CQUAD4  12152   1504    2687    2713    2714    2688    
CQUAD4  12153   1505    2667    2693    2715    2689    
CQUAD4  12154   1506    2677    2691    2717    2703    
CQUAD4  12155   1507    2689    2715    2716    2690    
CQUAD4  12156   1508    2691    2692    2718    2717    
CQUAD4  12157   1509    2690    2716    2704    2678    
CQUAD4  12158   1510    2692    2688    2714    2718    
CQUAD4  12159   1511    2693    2694    2738    2737    
CQUAD4  12160   1512    2704    2748    2749    2705    
CQUAD4  12161   1513    2694    2695    2739    2738    
CQUAD4  12162   1514    2705    2749    2750    2706    
CQUAD4  12163   1515    2695    2696    2740    2739    
CQUAD4  12164   1516    2706    2750    2751    2707    
CQUAD4  12165   1517    2696    2697    2741    2740    
CQUAD4  12166   1518    2707    2751    2752    2708    
CQUAD4  12167   1519    2697    2698    2742    2741    
CQUAD4  12168   1520    2708    2752    2753    2709    
CQUAD4  12169   1521    2698    2699    2743    2742    
CQUAD4  12170   1522    2709    2753    2754    2710    
CQUAD4  12171   1523    2699    2700    2744    2743    
CQUAD4  12172   1524    2710    2754    2755    2711    
CQUAD4  12173   1525    2700    2701    2745    2744    
CQUAD4  12174   1526    2711    2755    2756    2712    
CQUAD4  12175   1527    2701    2702    2746    2745    
CQUAD4  12176   1528    2712    2756    2757    2713    
CQUAD4  12177   1529    2702    2703    2747    2746    
CQUAD4  12178   1530    2713    2757    2758    2714    
CQUAD4  12179   1531    2693    2737    2759    2715    
CQUAD4  12180   1532    2703    2717    2761    2747    
CQUAD4  12181   1533    2715    2759    2760    2716    
CQUAD4  12182   1534    2717    2718    2762    2761    
CQUAD4  12183   1535    2716    2760    2748    2704    
CQUAD4  12184   1536    2718    2714    2758    2762    
CQUAD4  12185   1537    2737    2738    2764    2763    
CQUAD4  12186   1538    2748    2774    2775    2749    
CQUAD4  12187   1539    2738    2739    2765    2764    
CQUAD4  12188   1540    2749    2775    2776    2750    
CQUAD4  12189   1541    2739    2740    2766    2765    
CQUAD4  12190   1542    2750    2776    2777    2751    
CQUAD4  12191   1543    2740    2741    2767    2766    
CQUAD4  12192   1544    2751    2777    2778    2752    
CQUAD4  12193   1545    2741    2742    2768    2767    
CQUAD4  12194   1546    2752    2778    2779    2753    
CQUAD4  12195   1547    2742    2743    2769    2768    
CQUAD4  12196   1548    2753    2779    2780    2754    
CQUAD4  12197   1549    2743    2744    2770    2769    
CQUAD4  12198   1550    2754    2780    2781    2755    
CQUAD4  12199   1551    2744    2745    2771    2770    
CQUAD4  12200   1552    2755    2781    2782    2756    
CQUAD4  12201   1553    2745    2746    2772    2771    
CQUAD4  12202   1554    2756    2782    2783    2757    
CQUAD4  12203   1555    2746    2747    2773    2772    
CQUAD4  12204   1556    2757    2783    2784    2758    
CQUAD4  12205   1557    2737    2763    2785    2759    
CQUAD4  12206   1558    2747    2761    2787    2773    
CQUAD4  12207   1559    2759    2785    2786    2760    
CQUAD4  12208   1560    2761    2762    2788    2787    
CQUAD4  12209   1561    2760    2786    2774    2748    
CQUAD4  12210   1562    2762    2758    2784    2788    
CQUAD4  12211   1563    2763    2764    2790    2789    
CQUAD4  12212   1564    2774    2800    2801    2775    
CQUAD4  12213   1565    2764    2765    2791    2790    
CQUAD4  12214   1566    2775    2801    2802    2776    
CQUAD4  12215   1567    2765    2766    2792    2791    
CQUAD4  12216   1568    2776    2802    2803    2777    
CQUAD4  12217   1569    2766    2767    2793    2792    
CQUAD4  12218   1570    2777    2803    2804    2778    
CQUAD4  12219   1571    2767    2768    2794    2793    
CQUAD4  12220   1572    2778    2804    2805    2779    
CQUAD4  12221   1573    2768    2769    2795    2794    
CQUAD4  12222   1574    2779    2805    2806    2780    
CQUAD4  12223   1575    2769    2770    2796    2795    
CQUAD4  12224   1576    2780    2806    2807    2781    
CQUAD4  12225   1577    2770    2771    2797    2796    
CQUAD4  12226   1578    2781    2807    2808    2782    
CQUAD4  12227   1579    2771    2772    2798    2797    
CQUAD4  12228   1580    2782    2808    2809    2783    
CQUAD4  12229   1581    2772    2773    2799    2798    
CQUAD4  12230   1582    2783    2809    2810    2784    
CQUAD4  12231   1583    2763    2789    2811    2785    
CQUAD4  12232   1584    2773    2787    2813    2799    
CQUAD4  12233   1585    2785    2811    2812    2786    
CQUAD4  12234   1586    2787    2788    2814    2813    
CQUAD4  12235   1587    2786    2812    2800    2774    
CQUAD4  12236   1588    2788    2784    2810    2814    
CQUAD4  12237   1589    2789    2790    2816    2815    
CQUAD4  12238   1590    2800    2826    2827    2801    
CQUAD4  12239   1591    2790    2791    2817    2816    
CQUAD4  12240   1592    2801    2827    2828    2802    
CQUAD4  12241   1593    2791    2792    2818    2817    
CQUAD4  12242   1594    2802    2828    2829    2803    
CQUAD4  12243   1595    2792    2793    2819    2818    
CQUAD4  12244   1596    2803    2829    2830    2804    
CQUAD4  12245   1597    2793    2794    2820    2819    
CQUAD4  12246   1598    2804    2830    2831    2805    
CQUAD4  12247   1599    2794    2795    2821    2820    
CQUAD4  12248   1600    2805    2831    2832    2806    
CQUAD4  12249   1601    2795    2796    2822    2821    
CQUAD4  12250   1602    2806    2832    2833    2807    
CQUAD4  12251   1603    2796    2797    2823    2822    
CQUAD4  12252   1604    2807    2833    2834    2808    
CQUAD4  12253   1605    2797    2798    2824    2823    
CQUAD4  12254   1606    2808    2834    2835    2809    
CQUAD4  12255   1607    2798    2799    2825    2824    
CQUAD4  12256   1608    2809    2835    2836    2810    
CQUAD4  12257   1609    2789    2815    2837    2811    
CQUAD4  12258   1610    2799    2813    2839    2825    
CQUAD4  12259   1611    2811    2837    2838    2812    
CQUAD4  12260   1612    2813    2814    2840    2839    
CQUAD4  12261   1613    2812    2838    2826    2800    
CQUAD4  12262   1614    2814    2810    2836    2840    
CQUAD4  12263   1615    2815    2816    2860    2859    
CQUAD4  12264   1616    2826    2870    2871    2827    
CQUAD4  12265   1617    2816    2817    2861    2860    
CQUAD4  12266   1618    2827    2871    2872    2828    
CQUAD4  12267   1619    2817    2818    2862    2861    
CQUAD4  12268   1620    2828    2872    2873    2829    
CQUAD4  12269   1621    2818    2819    2863    2862    
CQUAD4  12270   1622    2829    2873    2874    2830    
CQUAD4  12271   1623    2819    2820    2864    2863    
CQUAD4  12272   1624    2830    2874    2875    2831    
CQUAD4  12273   1625    2820    2821    2865    2864    
CQUAD4  12274   1626    2831    2875    2876    2832    
CQUAD4  12275   1627    2821    2822    2866    2865    
CQUAD4  12276   1628    2832    2876    2877    2833    
CQUAD4  12277   1629    2822    2823    2867    2866    
CQUAD4  12278   1630    2833    2877    2878    2834    
CQUAD4  12279   1631    2823    2824    2868    2867    
CQUAD4  12280   1632    2834    2878    2879    2835    
CQUAD4  12281   1633    2824    2825    2869    2868    
CQUAD4  12282   1634    2835    2879    2880    2836    
CQUAD4  12283   1635    2815    2859    2881    2837    
CQUAD4  12284   1636    2825    2839    2883    2869    
CQUAD4  12285   1637    2837    2881    2882    2838    
CQUAD4  12286   1638    2839    2840    2884    2883    
CQUAD4  12287   1639    2838    2882    2870    2826    
CQUAD4  12288   1640    2840    2836    2880    2884    
CQUAD4  12289   1641    2859    2860    2886    2885    
CQUAD4  12290   1642    2870    2896    2897    2871    
CQUAD4  12291   1643    2860    2861    2887    2886    
CQUAD4  12292   1644    2871    2897    2898    2872    
CQUAD4  12293   1645    2861    2862    2888    2887    
CQUAD4  12294   1646    2872    2898    2899    2873    
CQUAD4  12295   1647    2862    2863    2889    2888    
CQUAD4  12296   1648    2873    2899    2900    2874    
CQUAD4  12297   1649    2863    2864    2890    2889    
CQUAD4  12298   1650    2874    2900    2901    2875    
CQUAD4  12299   1651    2864    2865    2891    2890    
CQUAD4  12300   1652    2875    2901    2902    2876    
CQUAD4  12301   1653    2865    2866    2892    2891    
CQUAD4  12302   1654    2876    2902    2903    2877    
CQUAD4  12303   1655    2866    2867    2893    2892    
CQUAD4  12304   1656    2877    2903    2904    2878    
CQUAD4  12305   1657    2867    2868    2894    2893    
CQUAD4  12306   1658    2878    2904    2905    2879    
CQUAD4  12307   1659    2868    2869    2895    2894    
CQUAD4  12308   1660    2879    2905    2906    2880    
CQUAD4  12309   1661    2859    2885    2907    2881    
CQUAD4  12310   1662    2869    2883    2909    2895    
CQUAD4  12311   1663    2881    2907    2908    2882    
CQUAD4  12312   1664    2883    2884    2910    2909    
CQUAD4  12313   1665    2882    2908    2896    2870    
CQUAD4  12314   1666    2884    2880    2906    2910    
CQUAD4  12315   1667    2885    2886    2912    2911    
CQUAD4  12316   1668    2896    2922    2923    2897    
CQUAD4  12317   1669    2886    2887    2913    2912    
CQUAD4  12318   1670    2897    2923    2924    2898    
CQUAD4  12319   1671    2887    2888    2914    2913    
CQUAD4  12320   1672    2898    2924    2925    2899    
CQUAD4  12321   1673    2888    2889    2915    2914    
CQUAD4  12322   1674    2899    2925    2926    2900    
CQUAD4  12323   1675    2889    2890    2916    2915    
CQUAD4  12324   1676    2900    2926    2927    2901    
CQUAD4  12325   1677    2890    2891    2917    2916    
CQUAD4  12326   1678    2901    2927    2928    2902    
CQUAD4  12327   1679    2891    2892    2918    2917    
CQUAD4  12328   1680    2902    2928    2929    2903    
CQUAD4  12329   1681    2892    2893    2919    2918    
CQUAD4  12330   1682    2903    2929    2930    2904    
CQUAD4  12331   1683    2893    2894    2920    2919    
CQUAD4  12332   1684    2904    2930    2931    2905    
CQUAD4  12333   1685    2894    2895    2921    2920    
CQUAD4  12334   1686    2905    2931    2932    2906    
CQUAD4  12335   1687    2885    2911    2933    2907    
CQUAD4  12336   1688    2895    2909    2935    2921    
CQUAD4  12337   1689    2907    2933    2934    2908    
CQUAD4  12338   1690    2909    2910    2936    2935    
CQUAD4  12339   1691    2908    2934    2922    2896    
CQUAD4  12340   1692    2910    2906    2932    2936    
CQUAD4  12341   1693    2911    2912    2938    2937    
CQUAD4  12342   1694    2922    2948    2949    2923    
CQUAD4  12343   1695    2912    2913    2939    2938    
CQUAD4  12344   1696    2923    2949    2950    2924    
CQUAD4  12345   1697    2913    2914    2940    2939    
CQUAD4  12346   1698    2924    2950    2951    2925    
CQUAD4  12347   1699    2914    2915    2941    2940    
CQUAD4  12348   1700    2925    2951    2952    2926    
CQUAD4  12349   1701    2915    2916    2942    2941    
CQUAD4  12350   1702    2926    2952    2953    2927    
CQUAD4  12351   1703    2916    2917    2943    2942    
CQUAD4  12352   1704    2927    2953    2954    2928    
CQUAD4  12353   1705    2917    2918    2944    2943    
CQUAD4  12354   1706    2928    2954    2955    2929    
CQUAD4  12355   1707    2918    2919    2945    2944    
CQUAD4  12356   1708    2929    2955    2956    2930    
CQUAD4  12357   1709    2919    2920    2946    2945    
CQUAD4  12358   1710    2930    2956    2957    2931    
CQUAD4  12359   1711    2920    2921    2947    2946    
CQUAD4  12360   1712    2931    2957    2958    2932    
CQUAD4  12361   1713    2911    2937    2959    2933    
CQUAD4  12362   1714    2921    2935    2961    2947    
CQUAD4  12363   1715    2933    2959    2960    2934    
CQUAD4  12364   1716    2935    2936    2962    2961    
CQUAD4  12365   1717    2934    2960    2948    2922    
CQUAD4  12366   1718    2936    2932    2958    2962    
CQUAD4  12367   1719    2937    2938    2982    2981    
CQUAD4  12368   1720    2948    2992    2993    2949    
CQUAD4  12369   1721    2938    2939    2983    2982    
CQUAD4  12370   1722    2949    2993    2994    2950    
CQUAD4  12371   1723    2939    2940    2984    2983    
CQUAD4  12372   1724    2950    2994    2995    2951    
CQUAD4  12373   1725    2940    2941    2985    2984    
CQUAD4  12374   1726    2951    2995    2996    2952    
CQUAD4  12375   1727    2941    2942    2986    2985    
CQUAD4  12376   1728    2952    2996    2997    2953    
CQUAD4  12377   1729    2942    2943    2987    2986    
CQUAD4  12378   1730    2953    2997    2998    2954    
CQUAD4  12379   1731    2943    2944    2988    2987    
CQUAD4  12380   1732    2954    2998    2999    2955    
CQUAD4  12381   1733    2944    2945    2989    2988    
CQUAD4  12382   1734    2955    2999    3000    2956    
CQUAD4  12383   1735    2945    2946    2990    2989    
CQUAD4  12384   1736    2956    3000    3001    2957    
CQUAD4  12385   1737    2946    2947    2991    2990    
CQUAD4  12386   1738    2957    3001    3002    2958    
CQUAD4  12387   1739    2937    2981    3003    2959    
CQUAD4  12388   1740    2947    2961    3005    2991    
CQUAD4  12389   1741    2959    3003    3004    2960    
CQUAD4  12390   1742    2961    2962    3006    3005    
CQUAD4  12391   1743    2960    3004    2992    2948    
CQUAD4  12392   1744    2962    2958    3002    3006    
CQUAD4  12393   1745    2981    2982    3008    3007    
CQUAD4  12394   1746    2992    3018    3019    2993    
CQUAD4  12395   1747    2982    2983    3009    3008    
CQUAD4  12396   1748    2993    3019    3020    2994    
CQUAD4  12397   1749    2983    2984    3010    3009    
CQUAD4  12398   1750    2994    3020    3021    2995    
CQUAD4  12399   1751    2984    2985    3011    3010    
CQUAD4  12400   1752    2995    3021    3022    2996    
CQUAD4  12401   1753    2985    2986    3012    3011    
CQUAD4  12402   1754    2996    3022    3023    2997    
CQUAD4  12403   1755    2986    2987    3013    3012    
CQUAD4  12404   1756    2997    3023    3024    2998    
CQUAD4  12405   1757    2987    2988    3014    3013    
CQUAD4  12406   1758    2998    3024    3025    2999    
CQUAD4  12407   1759    2988    2989    3015    3014    
CQUAD4  12408   1760    2999    3025    3026    3000    
CQUAD4  12409   1761    2989    2990    3016    3015    
CQUAD4  12410   1762    3000    3026    3027    3001    
CQUAD4  12411   1763    2990    2991    3017    3016    
CQUAD4  12412   1764    3001    3027    3028    3002    
CQUAD4  12413   1765    2981    3007    3029    3003    
CQUAD4  12414   1766    2991    3005    3031    3017    
CQUAD4  12415   1767    3003    3029    3030    3004    
CQUAD4  12416   1768    3005    3006    3032    3031    
CQUAD4  12417   1769    3004    3030    3018    2992    
CQUAD4  12418   1770    3006    3002    3028    3032    
CQUAD4  12419   1771    3007    3008    3034    3033    
CQUAD4  12420   1772    3018    3044    3045    3019    
CQUAD4  12421   1773    3008    3009    3035    3034    
CQUAD4  12422   1774    3019    3045    3046    3020    
CQUAD4  12423   1775    3009    3010    3036    3035    
CQUAD4  12424   1776    3020    3046    3047    3021    
CQUAD4  12425   1777    3010    3011    3037    3036    
CQUAD4  12426   1778    3021    3047    3048    3022    
CQUAD4  12427   1779    3011    3012    3038    3037    
CQUAD4  12428   1780    3022    3048    3049    3023    
CQUAD4  12429   1781    3012    3013    3039    3038    
CQUAD4  12430   1782    3023    3049    3050    3024    
CQUAD4  12431   1783    3013    3014    3040    3039    
CQUAD4  12432   1784    3024    3050    3051    3025    
CQUAD4  12433   1785    3014    3015    3041    3040    
CQUAD4  12434   1786    3025    3051    3052    3026    
CQUAD4  12435   1787    3015    3016    3042    3041    
CQUAD4  12436   1788    3026    3052    3053    3027    
CQUAD4  12437   1789    3016    3017    3043    3042    
CQUAD4  12438   1790    3027    3053    3054    3028    
CQUAD4  12439   1791    3007    3033    3055    3029    
CQUAD4  12440   1792    3017    3031    3057    3043    
CQUAD4  12441   1793    3029    3055    3056    3030    
CQUAD4  12442   1794    3031    3032    3058    3057    
CQUAD4  12443   1795    3030    3056    3044    3018    
CQUAD4  12444   1796    3032    3028    3054    3058    
CQUAD4  12445   1797    3033    3034    3060    3059    
CQUAD4  12446   1798    3044    3070    3071    3045    
CQUAD4  12447   1799    3034    3035    3061    3060    
CQUAD4  12448   1800    3045    3071    3072    3046    
CQUAD4  12449   1801    3035    3036    3062    3061    
CQUAD4  12450   1802    3046    3072    3073    3047    
CQUAD4  12451   1803    3036    3037    3063    3062    
CQUAD4  12452   1804    3047    3073    3074    3048    
CQUAD4  12453   1805    3037    3038    3064    3063    
CQUAD4  12454   1806    3048    3074    3075    3049    
CQUAD4  12455   1807    3038    3039    3065    3064    
CQUAD4  12456   1808    3049    3075    3076    3050    
CQUAD4  12457   1809    3039    3040    3066    3065    
CQUAD4  12458   1810    3050    3076    3077    3051    
CQUAD4  12459   1811    3040    3041    3067    3066    
CQUAD4  12460   1812    3051    3077    3078    3052    
CQUAD4  12461   1813    3041    3042    3068    3067    
CQUAD4  12462   1814    3052    3078    3079    3053    
CQUAD4  12463   1815    3042    3043    3069    3068    
CQUAD4  12464   1816    3053    3079    3080    3054    
CQUAD4  12465   1817    3033    3059    3081    3055    
CQUAD4  12466   1818    3043    3057    3083    3069    
CQUAD4  12467   1819    3055    3081    3082    3056    
CQUAD4  12468   1820    3057    3058    3084    3083    
CQUAD4  12469   1821    3056    3082    3070    3044    
CQUAD4  12470   1822    3058    3054    3080    3084    
CQUAD4  12471   1823    3059    3060    3086    3085    
CQUAD4  12472   1824    3070    3096    3097    3071    
CQUAD4  12473   1825    3060    3061    3087    3086    
CQUAD4  12474   1826    3071    3097    3098    3072    
CQUAD4  12475   1827    3061    3062    3088    3087    
CQUAD4  12476   1828    3072    3098    3099    3073    
CQUAD4  12477   1829    3062    3063    3089    3088    
CQUAD4  12478   1830    3073    3099    3100    3074    
CQUAD4  12479   1831    3063    3064    3090    3089    
CQUAD4  12480   1832    3074    3100    3101    3075    
CQUAD4  12481   1833    3064    3065    3091    3090    
CQUAD4  12482   1834    3075    3101    3102    3076    
CQUAD4  12483   1835    3065    3066    3092    3091    
CQUAD4  12484   1836    3076    3102    3103    3077    
CQUAD4  12485   1837    3066    3067    3093    3092    
CQUAD4  12486   1838    3077    3103    3104    3078    
CQUAD4  12487   1839    3067    3068    3094    3093    
CQUAD4  12488   1840    3078    3104    3105    3079    
CQUAD4  12489   1841    3068    3069    3095    3094    
CQUAD4  12490   1842    3079    3105    3106    3080    
CQUAD4  12491   1843    3059    3085    3107    3081    
CQUAD4  12492   1844    3069    3083    3109    3095    
CQUAD4  12493   1845    3081    3107    3108    3082    
CQUAD4  12494   1846    3083    3084    3110    3109    
CQUAD4  12495   1847    3082    3108    3096    3070    
CQUAD4  12496   1848    3084    3080    3106    3110    
CQUAD4  12497   1849    3085    3086    3130    3129    
CQUAD4  12498   1850    3096    3140    3141    3097    
CQUAD4  12499   1851    3086    3087    3131    3130    
CQUAD4  12500   1852    3097    3141    3142    3098    
CQUAD4  12501   1853    3087    3088    3132    3131    
CQUAD4  12502   1854    3098    3142    3143    3099    
CQUAD4  12503   1855    3088    3089    3133    3132    
CQUAD4  12504   1856    3099    3143    3144    3100    
CQUAD4  12505   1857    3089    3090    3134    3133    
CQUAD4  12506   1858    3100    3144    3145    3101    
CQUAD4  12507   1859    3090    3091    3135    3134    
CQUAD4  12508   1860    3101    3145    3146    3102    
CQUAD4  12509   1861    3091    3092    3136    3135    
CQUAD4  12510   1862    3102    3146    3147    3103    
CQUAD4  12511   1863    3092    3093    3137    3136    
CQUAD4  12512   1864    3103    3147    3148    3104    
CQUAD4  12513   1865    3093    3094    3138    3137    
CQUAD4  12514   1866    3104    3148    3149    3105    
CQUAD4  12515   1867    3094    3095    3139    3138    
CQUAD4  12516   1868    3105    3149    3150    3106    
CQUAD4  12517   1869    3085    3129    3151    3107    
CQUAD4  12518   1870    3095    3109    3153    3139    
CQUAD4  12519   1871    3107    3151    3152    3108    
CQUAD4  12520   1872    3109    3110    3154    3153    
CQUAD4  12521   1873    3108    3152    3140    3096    
CQUAD4  12522   1874    3110    3106    3150    3154    
CQUAD4  12523   1875    3129    3130    3156    3155    
CQUAD4  12524   1876    3140    3166    3167    3141    
CQUAD4  12525   1877    3130    3131    3157    3156    
CQUAD4  12526   1878    3141    3167    3168    3142    
CQUAD4  12527   1879    3131    3132    3158    3157    
CQUAD4  12528   1880    3142    3168    3169    3143    
CQUAD4  12529   1881    3132    3133    3159    3158    
CQUAD4  12530   1882    3143    3169    3170    3144    
CQUAD4  12531   1883    3133    3134    3160    3159    
CQUAD4  12532   1884    3144    3170    3171    3145    
CQUAD4  12533   1885    3134    3135    3161    3160    
CQUAD4  12534   1886    3145    3171    3172    3146    
CQUAD4  12535   1887    3135    3136    3162    3161    
CQUAD4  12536   1888    3146    3172    3173    3147    
CQUAD4  12537   1889    3136    3137    3163    3162    
CQUAD4  12538   1890    3147    3173    3174    3148    
CQUAD4  12539   1891    3137    3138    3164    3163    
CQUAD4  12540   1892    3148    3174    3175    3149    
CQUAD4  12541   1893    3138    3139    3165    3164    
CQUAD4  12542   1894    3149    3175    3176    3150    
CQUAD4  12543   1895    3129    3155    3177    3151    
CQUAD4  12544   1896    3139    3153    3179    3165    
CQUAD4  12545   1897    3151    3177    3178    3152    
CQUAD4  12546   1898    3153    3154    3180    3179    
CQUAD4  12547   1899    3152    3178    3166    3140    
CQUAD4  12548   1900    3154    3150    3176    3180    
CQUAD4  12549   1901    3155    3156    3182    3181    
CQUAD4  12550   1902    3166    3192    3193    3167    
CQUAD4  12551   1903    3156    3157    3183    3182    
CQUAD4  12552   1904    3167    3193    3194    3168    
CQUAD4  12553   1905    3157    3158    3184    3183    
CQUAD4  12554   1906    3168    3194    3195    3169    
CQUAD4  12555   1907    3158    3159    3185    3184    
CQUAD4  12556   1908    3169    3195    3196    3170    
CQUAD4  12557   1909    3159    3160    3186    3185    
CQUAD4  12558   1910    3170    3196    3197    3171    
CQUAD4  12559   1911    3160    3161    3187    3186    
CQUAD4  12560   1912    3171    3197    3198    3172    
CQUAD4  12561   1913    3161    3162    3188    3187    
CQUAD4  12562   1914    3172    3198    3199    3173    
CQUAD4  12563   1915    3162    3163    3189    3188    
CQUAD4  12564   1916    3173    3199    3200    3174    
CQUAD4  12565   1917    3163    3164    3190    3189    
CQUAD4  12566   1918    3174    3200    3201    3175    
CQUAD4  12567   1919    3164    3165    3191    3190    
CQUAD4  12568   1920    3175    3201    3202    3176    
CQUAD4  12569   1921    3155    3181    3203    3177    
CQUAD4  12570   1922    3165    3179    3205    3191    
CQUAD4  12571   1923    3177    3203    3204    3178    
CQUAD4  12572   1924    3179    3180    3206    3205    
CQUAD4  12573   1925    3178    3204    3192    3166    
CQUAD4  12574   1926    3180    3176    3202    3206    
CQUAD4  12575   1927    3181    3182    3208    3207    
CQUAD4  12576   1928    3192    3218    3219    3193    
CQUAD4  12577   1929    3182    3183    3209    3208    
CQUAD4  12578   1930    3193    3219    3220    3194    
CQUAD4  12579   1931    3183    3184    3210    3209    
CQUAD4  12580   1932    3194    3220    3221    3195    
CQUAD4  12581   1933    3184    3185    3211    3210    
CQUAD4  12582   1934    3195    3221    3222    3196    
CQUAD4  12583   1935    3185    3186    3212    3211    
CQUAD4  12584   1936    3196    3222    3223    3197    
CQUAD4  12585   1937    3186    3187    3213    3212    
CQUAD4  12586   1938    3197    3223    3224    3198    
CQUAD4  12587   1939    3187    3188    3214    3213    
CQUAD4  12588   1940    3198    3224    3225    3199    
CQUAD4  12589   1941    3188    3189    3215    3214    
CQUAD4  12590   1942    3199    3225    3226    3200    
CQUAD4  12591   1943    3189    3190    3216    3215    
CQUAD4  12592   1944    3200    3226    3227    3201    
CQUAD4  12593   1945    3190    3191    3217    3216    
CQUAD4  12594   1946    3201    3227    3228    3202    
CQUAD4  12595   1947    3181    3207    3229    3203    
CQUAD4  12596   1948    3191    3205    3231    3217    
CQUAD4  12597   1949    3203    3229    3230    3204    
CQUAD4  12598   1950    3205    3206    3232    3231    
CQUAD4  12599   1951    3204    3230    3218    3192    
CQUAD4  12600   1952    3206    3202    3228    3232    
CQUAD4  12601   1953    3207    3208    3234    3233    
CQUAD4  12602   1954    3218    3244    3245    3219    
CQUAD4  12603   1955    3208    3209    3235    3234    
CQUAD4  12604   1956    3219    3245    3246    3220    
CQUAD4  12605   1957    3209    3210    3236    3235    
CQUAD4  12606   1958    3220    3246    3247    3221    
CQUAD4  12607   1959    3210    3211    3237    3236    
CQUAD4  12608   1960    3221    3247    3248    3222    
CQUAD4  12609   1961    3211    3212    3238    3237    
CQUAD4  12610   1962    3222    3248    3249    3223    
CQUAD4  12611   1963    3212    3213    3239    3238    
CQUAD4  12612   1964    3223    3249    3250    3224    
CQUAD4  12613   1965    3213    3214    3240    3239    
CQUAD4  12614   1966    3224    3250    3251    3225    
CQUAD4  12615   1967    3214    3215    3241    3240    
CQUAD4  12616   1968    3225    3251    3252    3226    
CQUAD4  12617   1969    3215    3216    3242    3241    
CQUAD4  12618   1970    3226    3252    3253    3227    
CQUAD4  12619   1971    3216    3217    3243    3242    
CQUAD4  12620   1972    3227    3253    3254    3228    
CQUAD4  12621   1973    3207    3233    3255    3229    
CQUAD4  12622   1974    3217    3231    3257    3243    
CQUAD4  12623   1975    3229    3255    3256    3230    
CQUAD4  12624   1976    3231    3232    3258    3257    
CQUAD4  12625   1977    3230    3256    3244    3218    
CQUAD4  12626   1978    3232    3228    3254    3258    
CQUAD4  12627   1979    3233    3234    3278    3277    
CQUAD4  12628   1980    3244    3288    3289    3245    
CQUAD4  12629   1981    3234    3235    3279    3278    
CQUAD4  12630   1982    3245    3289    3290    3246    
CQUAD4  12631   1983    3235    3236    3280    3279    
CQUAD4  12632   1984    3246    3290    3291    3247    
CQUAD4  12633   1985    3236    3237    3281    3280    
CQUAD4  12634   1986    3247    3291    3292    3248    
CQUAD4  12635   1987    3237    3238    3282    3281    
CQUAD4  12636   1988    3248    3292    3293    3249    
CQUAD4  12637   1989    3238    3239    3283    3282    
CQUAD4  12638   1990    3249    3293    3294    3250    
CQUAD4  12639   1991    3239    3240    3284    3283    
CQUAD4  12640   1992    3250    3294    3295    3251    
CQUAD4  12641   1993    3240    3241    3285    3284    
CQUAD4  12642   1994    3251    3295    3296    3252    
CQUAD4  12643   1995    3241    3242    3286    3285    
CQUAD4  12644   1996    3252    3296    3297    3253    
CQUAD4  12645   1997    3242    3243    3287    3286    
CQUAD4  12646   1998    3253    3297    3298    3254    
CQUAD4  12647   1999    3233    3277    3299    3255    
CQUAD4  12648   2000    3243    3257    3301    3287    
CQUAD4  12649   2001    3255    3299    3300    3256    
CQUAD4  12650   2002    3257    3258    3302    3301    
CQUAD4  12651   2003    3256    3300    3288    3244    
CQUAD4  12652   2004    3258    3254    3298    3302    
CQUAD4  12653   2005    3277    3278    3304    3303    
CQUAD4  12654   2006    3288    3314    3315    3289    
CQUAD4  12655   2007    3278    3279    3305    3304    
CQUAD4  12656   2008    3289    3315    3316    3290    
CQUAD4  12657   2009    3279    3280    3306    3305    
CQUAD4  12658   2010    3290    3316    3317    3291    
CQUAD4  12659   2011    3280    3281    3307    3306    
CQUAD4  12660   2012    3291    3317    3318    3292    
CQUAD4  12661   2013    3281    3282    3308    3307    
CQUAD4  12662   2014    3292    3318    3319    3293    
CQUAD4  12663   2015    3282    3283    3309    3308    
CQUAD4  12664   2016    3293    3319    3320    3294    
CQUAD4  12665   2017    3283    3284    3310    3309    
CQUAD4  12666   2018    3294    3320    3321    3295    
CQUAD4  12667   2019    3284    3285    3311    3310    
CQUAD4  12668   2020    3295    3321    3322    3296    
CQUAD4  12669   2021    3285    3286    3312    3311    
CQUAD4  12670   2022    3296    3322    3323    3297    
CQUAD4  12671   2023    3286    3287    3313    3312    
CQUAD4  12672   2024    3297    3323    3324    3298    
CQUAD4  12673   2025    3277    3303    3325    3299    
CQUAD4  12674   2026    3287    3301    3327    3313    
CQUAD4  12675   2027    3299    3325    3326    3300    
CQUAD4  12676   2028    3301    3302    3328    3327    
CQUAD4  12677   2029    3300    3326    3314    3288    
CQUAD4  12678   2030    3302    3298    3324    3328    
CQUAD4  12679   2031    3303    3304    3330    3329    
CQUAD4  12680   2032    3314    3340    3341    3315    
CQUAD4  12681   2033    3304    3305    3331    3330    
CQUAD4  12682   2034    3315    3341    3342    3316    
CQUAD4  12683   2035    3305    3306    3332    3331    
CQUAD4  12684   2036    3316    3342    3343    3317    
CQUAD4  12685   2037    3306    3307    3333    3332    
CQUAD4  12686   2038    3317    3343    3344    3318    
CQUAD4  12687   2039    3307    3308    3334    3333    
CQUAD4  12688   2040    3318    3344    3345    3319    
CQUAD4  12689   2041    3308    3309    3335    3334    
CQUAD4  12690   2042    3319    3345    3346    3320    
CQUAD4  12691   2043    3309    3310    3336    3335    
CQUAD4  12692   2044    3320    3346    3347    3321    
CQUAD4  12693   2045    3310    3311    3337    3336    
CQUAD4  12694   2046    3321    3347    3348    3322    
CQUAD4  12695   2047    3311    3312    3338    3337    
CQUAD4  12696   2048    3322    3348    3349    3323    
CQUAD4  12697   2049    3312    3313    3339    3338    
CQUAD4  12698   2050    3323    3349    3350    3324    
CQUAD4  12699   2051    3303    3329    3351    3325    
CQUAD4  12700   2052    3313    3327    3353    3339    
CQUAD4  12701   2053    3325    3351    3352    3326    
CQUAD4  12702   2054    3327    3328    3354    3353    
CQUAD4  12703   2055    3326    3352    3340    3314    
CQUAD4  12704   2056    3328    3324    3350    3354    
CQUAD4  12705   2057    3329    3330    3356    3355    
CQUAD4  12706   2058    3340    3366    3367    3341    
CQUAD4  12707   2059    3330    3331    3357    3356    
CQUAD4  12708   2060    3341    3367    3368    3342    
CQUAD4  12709   2061    3331    3332    3358    3357    
CQUAD4  12710   2062    3342    3368    3369    3343    
CQUAD4  12711   2063    3332    3333    3359    3358    
CQUAD4  12712   2064    3343    3369    3370    3344    
CQUAD4  12713   2065    3333    3334    3360    3359    
CQUAD4  12714   2066    3344    3370    3371    3345    
CQUAD4  12715   2067    3334    3335    3361    3360    
CQUAD4  12716   2068    3345    3371    3372    3346    
CQUAD4  12717   2069    3335    3336    3362    3361    
CQUAD4  12718   2070    3346    3372    3373    3347    
CQUAD4  12719   2071    3336    3337    3363    3362    
CQUAD4  12720   2072    3347    3373    3374    3348    
CQUAD4  12721   2073    3337    3338    3364    3363    
CQUAD4  12722   2074    3348    3374    3375    3349    
CQUAD4  12723   2075    3338    3339    3365    3364    
CQUAD4  12724   2076    3349    3375    3376    3350    
CQUAD4  12725   2077    3329    3355    3377    3351    
CQUAD4  12726   2078    3339    3353    3379    3365    
CQUAD4  12727   2079    3351    3377    3378    3352    
CQUAD4  12728   2080    3353    3354    3380    3379    
CQUAD4  12729   2081    3352    3378    3366    3340    
CQUAD4  12730   2082    3354    3350    3376    3380    
CQUAD4  12731   2083    3355    3356    3382    3381    
CQUAD4  12732   2084    3366    3392    3393    3367    
CQUAD4  12733   2085    3356    3357    3383    3382    
CQUAD4  12734   2086    3367    3393    3394    3368    
CQUAD4  12735   2087    3357    3358    3384    3383    
CQUAD4  12736   2088    3368    3394    3395    3369    
CQUAD4  12737   2089    3358    3359    3385    3384    
CQUAD4  12738   2090    3369    3395    3396    3370    
CQUAD4  12739   2091    3359    3360    3386    3385    
CQUAD4  12740   2092    3370    3396    3397    3371    
CQUAD4  12741   2093    3360    3361    3387    3386    
CQUAD4  12742   2094    3371    3397    3398    3372    
CQUAD4  12743   2095    3361    3362    3388    3387    
CQUAD4  12744   2096    3372    3398    3399    3373    
CQUAD4  12745   2097    3362    3363    3389    3388    
CQUAD4  12746   2098    3373    3399    3400    3374    
CQUAD4  12747   2099    3363    3364    3390    3389    
CQUAD4  12748   2100    3374    3400    3401    3375    
CQUAD4  12749   2101    3364    3365    3391    3390    
CQUAD4  12750   2102    3375    3401    3402    3376    
CQUAD4  12751   2103    3355    3381    3403    3377    
CQUAD4  12752   2104    3365    3379    3405    3391    
CQUAD4  12753   2105    3377    3403    3404    3378    
CQUAD4  12754   2106    3379    3380    3406    3405    
CQUAD4  12755   2107    3378    3404    3392    3366    
CQUAD4  12756   2108    3380    3376    3402    3406    
CQUAD4  12757   2109    3381    3382    3408    3407    
CQUAD4  12758   2110    3392    3418    3419    3393    
CQUAD4  12759   2111    3382    3383    3409    3408    
CQUAD4  12760   2112    3393    3419    3420    3394    
CQUAD4  12761   2113    3383    3384    3410    3409    
CQUAD4  12762   2114    3394    3420    3421    3395    
CQUAD4  12763   2115    3384    3385    3411    3410    
CQUAD4  12764   2116    3395    3421    3422    3396    
CQUAD4  12765   2117    3385    3386    3412    3411    
CQUAD4  12766   2118    3396    3422    3423    3397    
CQUAD4  12767   2119    3386    3387    3413    3412    
CQUAD4  12768   2120    3397    3423    3424    3398    
CQUAD4  12769   2121    3387    3388    3414    3413    
CQUAD4  12770   2122    3398    3424    3425    3399    
CQUAD4  12771   2123    3388    3389    3415    3414    
CQUAD4  12772   2124    3399    3425    3426    3400    
CQUAD4  12773   2125    3389    3390    3416    3415    
CQUAD4  12774   2126    3400    3426    3427    3401    
CQUAD4  12775   2127    3390    3391    3417    3416    
CQUAD4  12776   2128    3401    3427    3428    3402    
CQUAD4  12777   2129    3381    3407    3429    3403    
CQUAD4  12778   2130    3391    3405    3431    3417    
CQUAD4  12779   2131    3403    3429    3430    3404    
CQUAD4  12780   2132    3405    3406    3432    3431    
CQUAD4  12781   2133    3404    3430    3418    3392    
CQUAD4  12782   2134    3406    3402    3428    3432    
CQUAD4  12783   2135    1079    1080    1105    1101    
CQUAD4  12784   2136    1101    1105    1106    1102    
CQUAD4  12785   2137    1102    1106    1091    1090    
CQUAD4  12786   2138    1080    1081    1107    1105    
CQUAD4  12787   2139    1105    1107    1108    1106    
CQUAD4  12788   2140    1106    1108    1092    1091    
CQUAD4  12789   2141    1081    1082    1109    1107    
CQUAD4  12790   2142    1107    1109    1110    1108    
CQUAD4  12791   2143    1108    1110    1093    1092    
CQUAD4  12792   2144    1082    1083    1111    1109    
CQUAD4  12793   2145    1109    1111    1112    1110    
CQUAD4  12794   2146    1110    1112    1094    1093    
CQUAD4  12795   2147    1083    1084    1113    1111    
CQUAD4  12796   2148    1111    1113    1114    1112    
CQUAD4  12797   2149    1112    1114    1095    1094    
CQUAD4  12798   2150    1084    1085    1115    1113    
CQUAD4  12799   2151    1113    1115    1116    1114    
CQUAD4  12800   2152    1114    1116    1096    1095    
CQUAD4  12801   2153    1085    1086    1117    1115    
CQUAD4  12802   2154    1115    1117    1118    1116    
CQUAD4  12803   2155    1116    1118    1097    1096    
CQUAD4  12804   2156    1086    1087    1119    1117    
CQUAD4  12805   2157    1117    1119    1120    1118    
CQUAD4  12806   2158    1118    1120    1098    1097    
CQUAD4  12807   2159    1087    1088    1121    1119    
CQUAD4  12808   2160    1119    1121    1122    1120    
CQUAD4  12809   2161    1120    1122    1099    1098    
CQUAD4  12810   2162    1088    1089    1103    1121    
CQUAD4  12811   2163    1121    1103    1104    1122    
CQUAD4  12812   2164    1122    1104    1100    1099    
CQUAD4  12813   2165    1253    1254    1279    1275    
CQUAD4  12814   2166    1275    1279    1280    1276    
CQUAD4  12815   2167    1276    1280    1265    1264    
CQUAD4  12816   2168    1254    1255    1281    1279    
CQUAD4  12817   2169    1279    1281    1282    1280    
CQUAD4  12818   2170    1280    1282    1266    1265    
CQUAD4  12819   2171    1255    1256    1283    1281    
CQUAD4  12820   2172    1281    1283    1284    1282    
CQUAD4  12821   2173    1282    1284    1267    1266    
CQUAD4  12822   2174    1256    1257    1285    1283    
CQUAD4  12823   2175    1283    1285    1286    1284    
CQUAD4  12824   2176    1284    1286    1268    1267    
CQUAD4  12825   2177    1257    1258    1287    1285    
CQUAD4  12826   2178    1285    1287    1288    1286    
CQUAD4  12827   2179    1286    1288    1269    1268    
CQUAD4  12828   2180    1258    1259    1289    1287    
CQUAD4  12829   2181    1287    1289    1290    1288    
CQUAD4  12830   2182    1288    1290    1270    1269    
CQUAD4  12831   2183    1259    1260    1291    1289    
CQUAD4  12832   2184    1289    1291    1292    1290    
CQUAD4  12833   2185    1290    1292    1271    1270    
CQUAD4  12834   2186    1260    1261    1293    1291    
CQUAD4  12835   2187    1291    1293    1294    1292    
CQUAD4  12836   2188    1292    1294    1272    1271    
CQUAD4  12837   2189    1261    1262    1295    1293    
CQUAD4  12838   2190    1293    1295    1296    1294    
CQUAD4  12839   2191    1294    1296    1273    1272    
CQUAD4  12840   2192    1262    1263    1277    1295    
CQUAD4  12841   2193    1295    1277    1278    1296    
CQUAD4  12842   2194    1296    1278    1274    1273    
CQUAD4  12843   2195    1323    1324    1349    1345    
CQUAD4  12844   2196    1345    1349    1350    1346    
CQUAD4  12845   2197    1346    1350    1335    1334    
CQUAD4  12846   2198    1324    1325    1351    1349    
CQUAD4  12847   2199    1349    1351    1352    1350    
CQUAD4  12848   2200    1350    1352    1336    1335    
CQUAD4  12849   2201    1325    1326    1353    1351    
CQUAD4  12850   2202    1351    1353    1354    1352    
CQUAD4  12851   2203    1352    1354    1337    1336    
CQUAD4  12852   2204    1326    1327    1355    1353    
CQUAD4  12853   2205    1353    1355    1356    1354    
CQUAD4  12854   2206    1354    1356    1338    1337    
CQUAD4  12855   2207    1327    1328    1357    1355    
CQUAD4  12856   2208    1355    1357    1358    1356    
CQUAD4  12857   2209    1356    1358    1339    1338    
CQUAD4  12858   2210    1328    1329    1359    1357    
CQUAD4  12859   2211    1357    1359    1360    1358    
CQUAD4  12860   2212    1358    1360    1340    1339    
CQUAD4  12861   2213    1329    1330    1361    1359    
CQUAD4  12862   2214    1359    1361    1362    1360    
CQUAD4  12863   2215    1360    1362    1341    1340    
CQUAD4  12864   2216    1330    1331    1363    1361    
CQUAD4  12865   2217    1361    1363    1364    1362    
CQUAD4  12866   2218    1362    1364    1342    1341    
CQUAD4  12867   2219    1331    1332    1365    1363    
CQUAD4  12868   2220    1363    1365    1366    1364    
CQUAD4  12869   2221    1364    1366    1343    1342    
CQUAD4  12870   2222    1332    1333    1347    1365    
CQUAD4  12871   2223    1365    1347    1348    1366    
CQUAD4  12872   2224    1366    1348    1344    1343    
CQUAD4  12873   2225    1393    1394    1419    1415    
CQUAD4  12874   2226    1415    1419    1420    1416    
CQUAD4  12875   2227    1416    1420    1405    1404    
CQUAD4  12876   2228    1394    1395    1421    1419    
CQUAD4  12877   2229    1419    1421    1422    1420    
CQUAD4  12878   2230    1420    1422    1406    1405    
CQUAD4  12879   2231    1395    1396    1423    1421    
CQUAD4  12880   2232    1421    1423    1424    1422    
CQUAD4  12881   2233    1422    1424    1407    1406    
CQUAD4  12882   2234    1396    1397    1425    1423    
CQUAD4  12883   2235    1423    1425    1426    1424    
CQUAD4  12884   2236    1424    1426    1408    1407    
CQUAD4  12885   2237    1397    1398    1427    1425    
CQUAD4  12886   2238    1425    1427    1428    1426    
CQUAD4  12887   2239    1426    1428    1409    1408    
CQUAD4  12888   2240    1398    1399    1429    1427    
CQUAD4  12889   2241    1427    1429    1430    1428    
CQUAD4  12890   2242    1428    1430    1410    1409    
CQUAD4  12891   2243    1399    1400    1431    1429    
CQUAD4  12892   2244    1429    1431    1432    1430    
CQUAD4  12893   2245    1430    1432    1411    1410    
CQUAD4  12894   2246    1400    1401    1433    1431    
CQUAD4  12895   2247    1431    1433    1434    1432    
CQUAD4  12896   2248    1432    1434    1412    1411    
CQUAD4  12897   2249    1401    1402    1435    1433    
CQUAD4  12898   2250    1433    1435    1436    1434    
CQUAD4  12899   2251    1434    1436    1413    1412    
CQUAD4  12900   2252    1402    1403    1417    1435    
CQUAD4  12901   2253    1435    1417    1418    1436    
CQUAD4  12902   2254    1436    1418    1414    1413    
CQUAD4  12903   2255    1463    1464    1489    1485    
CQUAD4  12904   2256    1485    1489    1490    1486    
CQUAD4  12905   2257    1486    1490    1475    1474    
CQUAD4  12906   2258    1464    1465    1491    1489    
CQUAD4  12907   2259    1489    1491    1492    1490    
CQUAD4  12908   2260    1490    1492    1476    1475    
CQUAD4  12909   2261    1465    1466    1493    1491    
CQUAD4  12910   2262    1491    1493    1494    1492    
CQUAD4  12911   2263    1492    1494    1477    1476    
CQUAD4  12912   2264    1466    1467    1495    1493    
CQUAD4  12913   2265    1493    1495    1496    1494    
CQUAD4  12914   2266    1494    1496    1478    1477    
CQUAD4  12915   2267    1467    1468    1497    1495    
CQUAD4  12916   2268    1495    1497    1498    1496    
CQUAD4  12917   2269    1496    1498    1479    1478    
CQUAD4  12918   2270    1468    1469    1499    1497    
CQUAD4  12919   2271    1497    1499    1500    1498    
CQUAD4  12920   2272    1498    1500    1480    1479    
CQUAD4  12921   2273    1469    1470    1501    1499    
CQUAD4  12922   2274    1499    1501    1502    1500    
CQUAD4  12923   2275    1500    1502    1481    1480    
CQUAD4  12924   2276    1470    1471    1503    1501    
CQUAD4  12925   2277    1501    1503    1504    1502    
CQUAD4  12926   2278    1502    1504    1482    1481    
CQUAD4  12927   2279    1471    1472    1505    1503    
CQUAD4  12928   2280    1503    1505    1506    1504    
CQUAD4  12929   2281    1504    1506    1483    1482    
CQUAD4  12930   2282    1472    1473    1487    1505    
CQUAD4  12931   2283    1505    1487    1488    1506    
CQUAD4  12932   2284    1506    1488    1484    1483    
CQUAD4  12933   2285    1559    1560    1585    1581    
CQUAD4  12934   2286    1581    1585    1586    1582    
CQUAD4  12935   2287    1582    1586    1571    1570    
CQUAD4  12936   2288    1560    1561    1587    1585    
CQUAD4  12937   2289    1585    1587    1588    1586    
CQUAD4  12938   2290    1586    1588    1572    1571    
CQUAD4  12939   2291    1561    1562    1589    1587    
CQUAD4  12940   2292    1587    1589    1590    1588    
CQUAD4  12941   2293    1588    1590    1573    1572    
CQUAD4  12942   2294    1562    1563    1591    1589    
CQUAD4  12943   2295    1589    1591    1592    1590    
CQUAD4  12944   2296    1590    1592    1574    1573    
CQUAD4  12945   2297    1563    1564    1593    1591    
CQUAD4  12946   2298    1591    1593    1594    1592    
CQUAD4  12947   2299    1592    1594    1575    1574    
CQUAD4  12948   2300    1564    1565    1595    1593    
CQUAD4  12949   2301    1593    1595    1596    1594    
CQUAD4  12950   2302    1594    1596    1576    1575    
CQUAD4  12951   2303    1565    1566    1597    1595    
CQUAD4  12952   2304    1595    1597    1598    1596    
CQUAD4  12953   2305    1596    1598    1577    1576    
CQUAD4  12954   2306    1566    1567    1599    1597    
CQUAD4  12955   2307    1597    1599    1600    1598    
CQUAD4  12956   2308    1598    1600    1578    1577    
CQUAD4  12957   2309    1567    1568    1601    1599    
CQUAD4  12958   2310    1599    1601    1602    1600    
CQUAD4  12959   2311    1600    1602    1579    1578    
CQUAD4  12960   2312    1568    1569    1583    1601    
CQUAD4  12961   2313    1601    1583    1584    1602    
CQUAD4  12962   2314    1602    1584    1580    1579    
CQUAD4  12963   2315    1655    1656    1681    1677    
CQUAD4  12964   2316    1677    1681    1682    1678    
CQUAD4  12965   2317    1678    1682    1667    1666    
CQUAD4  12966   2318    1656    1657    1683    1681    
CQUAD4  12967   2319    1681    1683    1684    1682    
CQUAD4  12968   2320    1682    1684    1668    1667    
CQUAD4  12969   2321    1657    1658    1685    1683    
CQUAD4  12970   2322    1683    1685    1686    1684    
CQUAD4  12971   2323    1684    1686    1669    1668    
CQUAD4  12972   2324    1658    1659    1687    1685    
CQUAD4  12973   2325    1685    1687    1688    1686    
CQUAD4  12974   2326    1686    1688    1670    1669    
CQUAD4  12975   2327    1659    1660    1689    1687    
CQUAD4  12976   2328    1687    1689    1690    1688    
CQUAD4  12977   2329    1688    1690    1671    1670    
CQUAD4  12978   2330    1660    1661    1691    1689    
CQUAD4  12979   2331    1689    1691    1692    1690    
CQUAD4  12980   2332    1690    1692    1672    1671    
CQUAD4  12981   2333    1661    1662    1693    1691    
CQUAD4  12982   2334    1691    1693    1694    1692    
CQUAD4  12983   2335    1692    1694    1673    1672    
CQUAD4  12984   2336    1662    1663    1695    1693    
CQUAD4  12985   2337    1693    1695    1696    1694    
CQUAD4  12986   2338    1694    1696    1674    1673    
CQUAD4  12987   2339    1663    1664    1697    1695    
CQUAD4  12988   2340    1695    1697    1698    1696    
CQUAD4  12989   2341    1696    1698    1675    1674    
CQUAD4  12990   2342    1664    1665    1679    1697    
CQUAD4  12991   2343    1697    1679    1680    1698    
CQUAD4  12992   2344    1698    1680    1676    1675    
CQUAD4  12993   2345    1751    1752    1777    1773    
CQUAD4  12994   2346    1773    1777    1778    1774    
CQUAD4  12995   2347    1774    1778    1763    1762    
CQUAD4  12996   2348    1752    1753    1779    1777    
CQUAD4  12997   2349    1777    1779    1780    1778    
CQUAD4  12998   2350    1778    1780    1764    1763    
CQUAD4  12999   2351    1753    1754    1781    1779    
CQUAD4  13000   2352    1779    1781    1782    1780    
CQUAD4  13001   2353    1780    1782    1765    1764    
CQUAD4  13002   2354    1754    1755    1783    1781    
CQUAD4  13003   2355    1781    1783    1784    1782    
CQUAD4  13004   2356    1782    1784    1766    1765    
CQUAD4  13005   2357    1755    1756    1785    1783    
CQUAD4  13006   2358    1783    1785    1786    1784    
CQUAD4  13007   2359    1784    1786    1767    1766    
CQUAD4  13008   2360    1756    1757    1787    1785    
CQUAD4  13009   2361    1785    1787    1788    1786    
CQUAD4  13010   2362    1786    1788    1768    1767    
CQUAD4  13011   2363    1757    1758    1789    1787    
CQUAD4  13012   2364    1787    1789    1790    1788    
CQUAD4  13013   2365    1788    1790    1769    1768    
CQUAD4  13014   2366    1758    1759    1791    1789    
CQUAD4  13015   2367    1789    1791    1792    1790    
CQUAD4  13016   2368    1790    1792    1770    1769    
CQUAD4  13017   2369    1759    1760    1793    1791    
CQUAD4  13018   2370    1791    1793    1794    1792    
CQUAD4  13019   2371    1792    1794    1771    1770    
CQUAD4  13020   2372    1760    1761    1775    1793    
CQUAD4  13021   2373    1793    1775    1776    1794    
CQUAD4  13022   2374    1794    1776    1772    1771    
CQUAD4  13023   2375    1847    1848    1873    1869    
CQUAD4  13024   2376    1869    1873    1874    1870    
CQUAD4  13025   2377    1870    1874    1859    1858    
CQUAD4  13026   2378    1848    1849    1875    1873    
CQUAD4  13027   2379    1873    1875    1876    1874    
CQUAD4  13028   2380    1874    1876    1860    1859    
CQUAD4  13029   2381    1849    1850    1877    1875    
CQUAD4  13030   2382    1875    1877    1878    1876    
CQUAD4  13031   2383    1876    1878    1861    1860    
CQUAD4  13032   2384    1850    1851    1879    1877    
CQUAD4  13033   2385    1877    1879    1880    1878    
CQUAD4  13034   2386    1878    1880    1862    1861    
CQUAD4  13035   2387    1851    1852    1881    1879    
CQUAD4  13036   2388    1879    1881    1882    1880    
CQUAD4  13037   2389    1880    1882    1863    1862    
CQUAD4  13038   2390    1852    1853    1883    1881    
CQUAD4  13039   2391    1881    1883    1884    1882    
CQUAD4  13040   2392    1882    1884    1864    1863    
CQUAD4  13041   2393    1853    1854    1885    1883    
CQUAD4  13042   2394    1883    1885    1886    1884    
CQUAD4  13043   2395    1884    1886    1865    1864    
CQUAD4  13044   2396    1854    1855    1887    1885    
CQUAD4  13045   2397    1885    1887    1888    1886    
CQUAD4  13046   2398    1886    1888    1866    1865    
CQUAD4  13047   2399    1855    1856    1889    1887    
CQUAD4  13048   2400    1887    1889    1890    1888    
CQUAD4  13049   2401    1888    1890    1867    1866    
CQUAD4  13050   2402    1856    1857    1871    1889    
CQUAD4  13051   2403    1889    1871    1872    1890    
CQUAD4  13052   2404    1890    1872    1868    1867    
CQUAD4  13053   2405    1943    1944    1969    1965    
CQUAD4  13054   2406    1965    1969    1970    1966    
CQUAD4  13055   2407    1966    1970    1955    1954    
CQUAD4  13056   2408    1944    1945    1971    1969    
CQUAD4  13057   2409    1969    1971    1972    1970    
CQUAD4  13058   2410    1970    1972    1956    1955    
CQUAD4  13059   2411    1945    1946    1973    1971    
CQUAD4  13060   2412    1971    1973    1974    1972    
CQUAD4  13061   2413    1972    1974    1957    1956    
CQUAD4  13062   2414    1946    1947    1975    1973    
CQUAD4  13063   2415    1973    1975    1976    1974    
CQUAD4  13064   2416    1974    1976    1958    1957    
CQUAD4  13065   2417    1947    1948    1977    1975    
CQUAD4  13066   2418    1975    1977    1978    1976    
CQUAD4  13067   2419    1976    1978    1959    1958    
CQUAD4  13068   2420    1948    1949    1979    1977    
CQUAD4  13069   2421    1977    1979    1980    1978    
CQUAD4  13070   2422    1978    1980    1960    1959    
CQUAD4  13071   2423    1949    1950    1981    1979    
CQUAD4  13072   2424    1979    1981    1982    1980    
CQUAD4  13073   2425    1980    1982    1961    1960    
CQUAD4  13074   2426    1950    1951    1983    1981    
CQUAD4  13075   2427    1981    1983    1984    1982    
CQUAD4  13076   2428    1982    1984    1962    1961    
CQUAD4  13077   2429    1951    1952    1985    1983    
CQUAD4  13078   2430    1983    1985    1986    1984    
CQUAD4  13079   2431    1984    1986    1963    1962    
CQUAD4  13080   2432    1952    1953    1967    1985    
CQUAD4  13081   2433    1985    1967    1968    1986    
CQUAD4  13082   2434    1986    1968    1964    1963    
CQUAD4  13083   2435    2039    2040    2065    2061    
CQUAD4  13084   2436    2061    2065    2066    2062    
CQUAD4  13085   2437    2062    2066    2051    2050    
CQUAD4  13086   2438    2040    2041    2067    2065    
CQUAD4  13087   2439    2065    2067    2068    2066    
CQUAD4  13088   2440    2066    2068    2052    2051    
CQUAD4  13089   2441    2041    2042    2069    2067    
CQUAD4  13090   2442    2067    2069    2070    2068    
CQUAD4  13091   2443    2068    2070    2053    2052    
CQUAD4  13092   2444    2042    2043    2071    2069    
CQUAD4  13093   2445    2069    2071    2072    2070    
CQUAD4  13094   2446    2070    2072    2054    2053    
CQUAD4  13095   2447    2043    2044    2073    2071    
CQUAD4  13096   2448    2071    2073    2074    2072    
CQUAD4  13097   2449    2072    2074    2055    2054    
CQUAD4  13098   2450    2044    2045    2075    2073    
CQUAD4  13099   2451    2073    2075    2076    2074    
CQUAD4  13100   2452    2074    2076    2056    2055    
CQUAD4  13101   2453    2045    2046    2077    2075    
CQUAD4  13102   2454    2075    2077    2078    2076    
CQUAD4  13103   2455    2076    2078    2057    2056    
CQUAD4  13104   2456    2046    2047    2079    2077    
CQUAD4  13105   2457    2077    2079    2080    2078    
CQUAD4  13106   2458    2078    2080    2058    2057    
CQUAD4  13107   2459    2047    2048    2081    2079    
CQUAD4  13108   2460    2079    2081    2082    2080    
CQUAD4  13109   2461    2080    2082    2059    2058    
CQUAD4  13110   2462    2048    2049    2063    2081    
CQUAD4  13111   2463    2081    2063    2064    2082    
CQUAD4  13112   2464    2082    2064    2060    2059    
CQUAD4  13113   2465    2135    2136    2161    2157    
CQUAD4  13114   2466    2157    2161    2162    2158    
CQUAD4  13115   2467    2158    2162    2147    2146    
CQUAD4  13116   2468    2136    2137    2163    2161    
CQUAD4  13117   2469    2161    2163    2164    2162    
CQUAD4  13118   2470    2162    2164    2148    2147    
CQUAD4  13119   2471    2137    2138    2165    2163    
CQUAD4  13120   2472    2163    2165    2166    2164    
CQUAD4  13121   2473    2164    2166    2149    2148    
CQUAD4  13122   2474    2138    2139    2167    2165    
CQUAD4  13123   2475    2165    2167    2168    2166    
CQUAD4  13124   2476    2166    2168    2150    2149    
CQUAD4  13125   2477    2139    2140    2169    2167    
CQUAD4  13126   2478    2167    2169    2170    2168    
CQUAD4  13127   2479    2168    2170    2151    2150    
CQUAD4  13128   2480    2140    2141    2171    2169    
CQUAD4  13129   2481    2169    2171    2172    2170    
CQUAD4  13130   2482    2170    2172    2152    2151    
CQUAD4  13131   2483    2141    2142    2173    2171    
CQUAD4  13132   2484    2171    2173    2174    2172    
CQUAD4  13133   2485    2172    2174    2153    2152    
CQUAD4  13134   2486    2142    2143    2175    2173    
CQUAD4  13135   2487    2173    2175    2176    2174    
CQUAD4  13136   2488    2174    2176    2154    2153    
CQUAD4  13137   2489    2143    2144    2177    2175    
CQUAD4  13138   2490    2175    2177    2178    2176    
CQUAD4  13139   2491    2176    2178    2155    2154    
CQUAD4  13140   2492    2144    2145    2159    2177    
CQUAD4  13141   2493    2177    2159    2160    2178    
CQUAD4  13142   2494    2178    2160    2156    2155    
CQUAD4  13143   2495    2231    2232    2257    2253    
CQUAD4  13144   2496    2253    2257    2258    2254    
CQUAD4  13145   2497    2254    2258    2243    2242    
CQUAD4  13146   2498    2232    2233    2259    2257    
CQUAD4  13147   2499    2257    2259    2260    2258    
CQUAD4  13148   2500    2258    2260    2244    2243    
CQUAD4  13149   2501    2233    2234    2261    2259    
CQUAD4  13150   2502    2259    2261    2262    2260    
CQUAD4  13151   2503    2260    2262    2245    2244    
CQUAD4  13152   2504    2234    2235    2263    2261    
CQUAD4  13153   2505    2261    2263    2264    2262    
CQUAD4  13154   2506    2262    2264    2246    2245    
CQUAD4  13155   2507    2235    2236    2265    2263    
CQUAD4  13156   2508    2263    2265    2266    2264    
CQUAD4  13157   2509    2264    2266    2247    2246    
CQUAD4  13158   2510    2236    2237    2267    2265    
CQUAD4  13159   2511    2265    2267    2268    2266    
CQUAD4  13160   2512    2266    2268    2248    2247    
CQUAD4  13161   2513    2237    2238    2269    2267    
CQUAD4  13162   2514    2267    2269    2270    2268    
CQUAD4  13163   2515    2268    2270    2249    2248    
CQUAD4  13164   2516    2238    2239    2271    2269    
CQUAD4  13165   2517    2269    2271    2272    2270    
CQUAD4  13166   2518    2270    2272    2250    2249    
CQUAD4  13167   2519    2239    2240    2273    2271    
CQUAD4  13168   2520    2271    2273    2274    2272    
CQUAD4  13169   2521    2272    2274    2251    2250    
CQUAD4  13170   2522    2240    2241    2255    2273    
CQUAD4  13171   2523    2273    2255    2256    2274    
CQUAD4  13172   2524    2274    2256    2252    2251    
CQUAD4  13173   2525    2327    2328    2353    2349    
CQUAD4  13174   2526    2349    2353    2354    2350    
CQUAD4  13175   2527    2350    2354    2339    2338    
CQUAD4  13176   2528    2328    2329    2355    2353    
CQUAD4  13177   2529    2353    2355    2356    2354    
CQUAD4  13178   2530    2354    2356    2340    2339    
CQUAD4  13179   2531    2329    2330    2357    2355    
CQUAD4  13180   2532    2355    2357    2358    2356    
CQUAD4  13181   2533    2356    2358    2341    2340    
CQUAD4  13182   2534    2330    2331    2359    2357    
CQUAD4  13183   2535    2357    2359    2360    2358    
CQUAD4  13184   2536    2358    2360    2342    2341    
CQUAD4  13185   2537    2331    2332    2361    2359    
CQUAD4  13186   2538    2359    2361    2362    2360    
CQUAD4  13187   2539    2360    2362    2343    2342    
CQUAD4  13188   2540    2332    2333    2363    2361    
CQUAD4  13189   2541    2361    2363    2364    2362    
CQUAD4  13190   2542    2362    2364    2344    2343    
CQUAD4  13191   2543    2333    2334    2365    2363    
CQUAD4  13192   2544    2363    2365    2366    2364    
CQUAD4  13193   2545    2364    2366    2345    2344    
CQUAD4  13194   2546    2334    2335    2367    2365    
CQUAD4  13195   2547    2365    2367    2368    2366    
CQUAD4  13196   2548    2366    2368    2346    2345    
CQUAD4  13197   2549    2335    2336    2369    2367    
CQUAD4  13198   2550    2367    2369    2370    2368    
CQUAD4  13199   2551    2368    2370    2347    2346    
CQUAD4  13200   2552    2336    2337    2351    2369    
CQUAD4  13201   2553    2369    2351    2352    2370    
CQUAD4  13202   2554    2370    2352    2348    2347    
CQUAD4  13203   2555    2449    2450    2475    2471    
CQUAD4  13204   2556    2471    2475    2476    2472    
CQUAD4  13205   2557    2472    2476    2461    2460    
CQUAD4  13206   2558    2450    2451    2477    2475    
CQUAD4  13207   2559    2475    2477    2478    2476    
CQUAD4  13208   2560    2476    2478    2462    2461    
CQUAD4  13209   2561    2451    2452    2479    2477    
CQUAD4  13210   2562    2477    2479    2480    2478    
CQUAD4  13211   2563    2478    2480    2463    2462    
CQUAD4  13212   2564    2452    2453    2481    2479    
CQUAD4  13213   2565    2479    2481    2482    2480    
CQUAD4  13214   2566    2480    2482    2464    2463    
CQUAD4  13215   2567    2453    2454    2483    2481    
CQUAD4  13216   2568    2481    2483    2484    2482    
CQUAD4  13217   2569    2482    2484    2465    2464    
CQUAD4  13218   2570    2454    2455    2485    2483    
CQUAD4  13219   2571    2483    2485    2486    2484    
CQUAD4  13220   2572    2484    2486    2466    2465    
CQUAD4  13221   2573    2455    2456    2487    2485    
CQUAD4  13222   2574    2485    2487    2488    2486    
CQUAD4  13223   2575    2486    2488    2467    2466    
CQUAD4  13224   2576    2456    2457    2489    2487    
CQUAD4  13225   2577    2487    2489    2490    2488    
CQUAD4  13226   2578    2488    2490    2468    2467    
CQUAD4  13227   2579    2457    2458    2491    2489    
CQUAD4  13228   2580    2489    2491    2492    2490    
CQUAD4  13229   2581    2490    2492    2469    2468    
CQUAD4  13230   2582    2458    2459    2473    2491    
CQUAD4  13231   2583    2491    2473    2474    2492    
CQUAD4  13232   2584    2492    2474    2470    2469    
CQUAD4  13233   2585    2571    2572    2597    2593    
CQUAD4  13234   2586    2593    2597    2598    2594    
CQUAD4  13235   2587    2594    2598    2583    2582    
CQUAD4  13236   2588    2572    2573    2599    2597    
CQUAD4  13237   2589    2597    2599    2600    2598    
CQUAD4  13238   2590    2598    2600    2584    2583    
CQUAD4  13239   2591    2573    2574    2601    2599    
CQUAD4  13240   2592    2599    2601    2602    2600    
CQUAD4  13241   2593    2600    2602    2585    2584    
CQUAD4  13242   2594    2574    2575    2603    2601    
CQUAD4  13243   2595    2601    2603    2604    2602    
CQUAD4  13244   2596    2602    2604    2586    2585    
CQUAD4  13245   2597    2575    2576    2605    2603    
CQUAD4  13246   2598    2603    2605    2606    2604    
CQUAD4  13247   2599    2604    2606    2587    2586    
CQUAD4  13248   2600    2576    2577    2607    2605    
CQUAD4  13249   2601    2605    2607    2608    2606    
CQUAD4  13250   2602    2606    2608    2588    2587    
CQUAD4  13251   2603    2577    2578    2609    2607    
CQUAD4  13252   2604    2607    2609    2610    2608    
CQUAD4  13253   2605    2608    2610    2589    2588    
CQUAD4  13254   2606    2578    2579    2611    2609    
CQUAD4  13255   2607    2609    2611    2612    2610    
CQUAD4  13256   2608    2610    2612    2590    2589    
CQUAD4  13257   2609    2579    2580    2613    2611    
CQUAD4  13258   2610    2611    2613    2614    2612    
CQUAD4  13259   2611    2612    2614    2591    2590    
CQUAD4  13260   2612    2580    2581    2595    2613    
CQUAD4  13261   2613    2613    2595    2596    2614    
CQUAD4  13262   2614    2614    2596    2592    2591    
CQUAD4  13263   2615    2693    2694    2719    2715    
CQUAD4  13264   2616    2715    2719    2720    2716    
CQUAD4  13265   2617    2716    2720    2705    2704    
CQUAD4  13266   2618    2694    2695    2721    2719    
CQUAD4  13267   2619    2719    2721    2722    2720    
CQUAD4  13268   2620    2720    2722    2706    2705    
CQUAD4  13269   2621    2695    2696    2723    2721    
CQUAD4  13270   2622    2721    2723    2724    2722    
CQUAD4  13271   2623    2722    2724    2707    2706    
CQUAD4  13272   2624    2696    2697    2725    2723    
CQUAD4  13273   2625    2723    2725    2726    2724    
CQUAD4  13274   2626    2724    2726    2708    2707    
CQUAD4  13275   2627    2697    2698    2727    2725    
CQUAD4  13276   2628    2725    2727    2728    2726    
CQUAD4  13277   2629    2726    2728    2709    2708    
CQUAD4  13278   2630    2698    2699    2729    2727    
CQUAD4  13279   2631    2727    2729    2730    2728    
CQUAD4  13280   2632    2728    2730    2710    2709    
CQUAD4  13281   2633    2699    2700    2731    2729    
CQUAD4  13282   2634    2729    2731    2732    2730    
CQUAD4  13283   2635    2730    2732    2711    2710    
CQUAD4  13284   2636    2700    2701    2733    2731    
CQUAD4  13285   2637    2731    2733    2734    2732    
CQUAD4  13286   2638    2732    2734    2712    2711    
CQUAD4  13287   2639    2701    2702    2735    2733    
CQUAD4  13288   2640    2733    2735    2736    2734    
CQUAD4  13289   2641    2734    2736    2713    2712    
CQUAD4  13290   2642    2702    2703    2717    2735    
CQUAD4  13291   2643    2735    2717    2718    2736    
CQUAD4  13292   2644    2736    2718    2714    2713    
CQUAD4  13293   2645    2815    2816    2841    2837    
CQUAD4  13294   2646    2837    2841    2842    2838    
CQUAD4  13295   2647    2838    2842    2827    2826    
CQUAD4  13296   2648    2816    2817    2843    2841    
CQUAD4  13297   2649    2841    2843    2844    2842    
CQUAD4  13298   2650    2842    2844    2828    2827    
CQUAD4  13299   2651    2817    2818    2845    2843    
CQUAD4  13300   2652    2843    2845    2846    2844    
CQUAD4  13301   2653    2844    2846    2829    2828    
CQUAD4  13302   2654    2818    2819    2847    2845    
CQUAD4  13303   2655    2845    2847    2848    2846    
CQUAD4  13304   2656    2846    2848    2830    2829    
CQUAD4  13305   2657    2819    2820    2849    2847    
CQUAD4  13306   2658    2847    2849    2850    2848    
CQUAD4  13307   2659    2848    2850    2831    2830    
CQUAD4  13308   2660    2820    2821    2851    2849    
CQUAD4  13309   2661    2849    2851    2852    2850    
CQUAD4  13310   2662    2850    2852    2832    2831    
CQUAD4  13311   2663    2821    2822    2853    2851    
CQUAD4  13312   2664    2851    2853    2854    2852    
CQUAD4  13313   2665    2852    2854    2833    2832    
CQUAD4  13314   2666    2822    2823    2855    2853    
CQUAD4  13315   2667    2853    2855    2856    2854    
CQUAD4  13316   2668    2854    2856    2834    2833    
CQUAD4  13317   2669    2823    2824    2857    2855    
CQUAD4  13318   2670    2855    2857    2858    2856    
CQUAD4  13319   2671    2856    2858    2835    2834    
CQUAD4  13320   2672    2824    2825    2839    2857    
CQUAD4  13321   2673    2857    2839    2840    2858    
CQUAD4  13322   2674    2858    2840    2836    2835    
CQUAD4  13323   2675    2937    2938    2963    2959    
CQUAD4  13324   2676    2959    2963    2964    2960    
CQUAD4  13325   2677    2960    2964    2949    2948    
CQUAD4  13326   2678    2938    2939    2965    2963    
CQUAD4  13327   2679    2963    2965    2966    2964    
CQUAD4  13328   2680    2964    2966    2950    2949    
CQUAD4  13329   2681    2939    2940    2967    2965    
CQUAD4  13330   2682    2965    2967    2968    2966    
CQUAD4  13331   2683    2966    2968    2951    2950    
CQUAD4  13332   2684    2940    2941    2969    2967    
CQUAD4  13333   2685    2967    2969    2970    2968    
CQUAD4  13334   2686    2968    2970    2952    2951    
CQUAD4  13335   2687    2941    2942    2971    2969    
CQUAD4  13336   2688    2969    2971    2972    2970    
CQUAD4  13337   2689    2970    2972    2953    2952    
CQUAD4  13338   2690    2942    2943    2973    2971    
CQUAD4  13339   2691    2971    2973    2974    2972    
CQUAD4  13340   2692    2972    2974    2954    2953    
CQUAD4  13341   2693    2943    2944    2975    2973    
CQUAD4  13342   2694    2973    2975    2976    2974    
CQUAD4  13343   2695    2974    2976    2955    2954    
CQUAD4  13344   2696    2944    2945    2977    2975    
CQUAD4  13345   2697    2975    2977    2978    2976    
CQUAD4  13346   2698    2976    2978    2956    2955    
CQUAD4  13347   2699    2945    2946    2979    2977    
CQUAD4  13348   2700    2977    2979    2980    2978    
CQUAD4  13349   2701    2978    2980    2957    2956    
CQUAD4  13350   2702    2946    2947    2961    2979    
CQUAD4  13351   2703    2979    2961    2962    2980    
CQUAD4  13352   2704    2980    2962    2958    2957    
CQUAD4  13353   2705    3085    3086    3111    3107    
CQUAD4  13354   2706    3107    3111    3112    3108    
CQUAD4  13355   2707    3108    3112    3097    3096    
CQUAD4  13356   2708    3086    3087    3113    3111    
CQUAD4  13357   2709    3111    3113    3114    3112    
CQUAD4  13358   2710    3112    3114    3098    3097    
CQUAD4  13359   2711    3087    3088    3115    3113    
CQUAD4  13360   2712    3113    3115    3116    3114    
CQUAD4  13361   2713    3114    3116    3099    3098    
CQUAD4  13362   2714    3088    3089    3117    3115    
CQUAD4  13363   2715    3115    3117    3118    3116    
CQUAD4  13364   2716    3116    3118    3100    3099    
CQUAD4  13365   2717    3089    3090    3119    3117    
CQUAD4  13366   2718    3117    3119    3120    3118    
CQUAD4  13367   2719    3118    3120    3101    3100    
CQUAD4  13368   2720    3090    3091    3121    3119    
CQUAD4  13369   2721    3119    3121    3122    3120    
CQUAD4  13370   2722    3120    3122    3102    3101    
CQUAD4  13371   2723    3091    3092    3123    3121    
CQUAD4  13372   2724    3121    3123    3124    3122    
CQUAD4  13373   2725    3122    3124    3103    3102    
CQUAD4  13374   2726    3092    3093    3125    3123    
CQUAD4  13375   2727    3123    3125    3126    3124    
CQUAD4  13376   2728    3124    3126    3104    3103    
CQUAD4  13377   2729    3093    3094    3127    3125    
CQUAD4  13378   2730    3125    3127    3128    3126    
CQUAD4  13379   2731    3126    3128    3105    3104    
CQUAD4  13380   2732    3094    3095    3109    3127    
CQUAD4  13381   2733    3127    3109    3110    3128    
CQUAD4  13382   2734    3128    3110    3106    3105    
CQUAD4  13383   2735    3233    3234    3259    3255    
CQUAD4  13384   2736    3255    3259    3260    3256    
CQUAD4  13385   2737    3256    3260    3245    3244    
CQUAD4  13386   2738    3234    3235    3261    3259    
CQUAD4  13387   2739    3259    3261    3262    3260    
CQUAD4  13388   2740    3260    3262    3246    3245    
CQUAD4  13389   2741    3235    3236    3263    3261    
CQUAD4  13390   2742    3261    3263    3264    3262    
CQUAD4  13391   2743    3262    3264    3247    3246    
CQUAD4  13392   2744    3236    3237    3265    3263    
CQUAD4  13393   2745    3263    3265    3266    3264    
CQUAD4  13394   2746    3264    3266    3248    3247    
CQUAD4  13395   2747    3237    3238    3267    3265    
CQUAD4  13396   2748    3265    3267    3268    3266    
CQUAD4  13397   2749    3266    3268    3249    3248    
CQUAD4  13398   2750    3238    3239    3269    3267    
CQUAD4  13399   2751    3267    3269    3270    3268    
CQUAD4  13400   2752    3268    3270    3250    3249    
CQUAD4  13401   2753    3239    3240    3271    3269    
CQUAD4  13402   2754    3269    3271    3272    3270    
CQUAD4  13403   2755    3270    3272    3251    3250    
CQUAD4  13404   2756    3240    3241    3273    3271    
CQUAD4  13405   2757    3271    3273    3274    3272    
CQUAD4  13406   2758    3272    3274    3252    3251    
CQUAD4  13407   2759    3241    3242    3275    3273    
CQUAD4  13408   2760    3273    3275    3276    3274    
CQUAD4  13409   2761    3274    3276    3253    3252    
CQUAD4  13410   2762    3242    3243    3257    3275    
CQUAD4  13411   2763    3275    3257    3258    3276    
CQUAD4  13412   2764    3276    3258    3254    3253    
CQUAD4  13413   2765    3407    3408    3433    3429    
CQUAD4  13414   2766    3429    3433    3434    3430    
CQUAD4  13415   2767    3430    3434    3419    3418    
CQUAD4  13416   2768    3408    3409    3435    3433    
CQUAD4  13417   2769    3433    3435    3436    3434    
CQUAD4  13418   2770    3434    3436    3420    3419    
CQUAD4  13419   2771    3409    3410    3437    3435    
CQUAD4  13420   2772    3435    3437    3438    3436    
CQUAD4  13421   2773    3436    3438    3421    3420    
CQUAD4  13422   2774    3410    3411    3439    3437    
CQUAD4  13423   2775    3437    3439    3440    3438    
CQUAD4  13424   2776    3438    3440    3422    3421    
CQUAD4  13425   2777    3411    3412    3441    3439    
CQUAD4  13426   2778    3439    3441    3442    3440    
CQUAD4  13427   2779    3440    3442    3423    3422    
CQUAD4  13428   2780    3412    3413    3443    3441    
CQUAD4  13429   2781    3441    3443    3444    3442    
CQUAD4  13430   2782    3442    3444    3424    3423    
CQUAD4  13431   2783    3413    3414    3445    3443    
CQUAD4  13432   2784    3443    3445    3446    3444    
CQUAD4  13433   2785    3444    3446    3425    3424    
CQUAD4  13434   2786    3414    3415    3447    3445    
CQUAD4  13435   2787    3445    3447    3448    3446    
CQUAD4  13436   2788    3446    3448    3426    3425    
CQUAD4  13437   2789    3415    3416    3449    3447    
CQUAD4  13438   2790    3447    3449    3450    3448    
CQUAD4  13439   2791    3448    3450    3427    3426    
CQUAD4  13440   2792    3416    3417    3431    3449    
CQUAD4  13441   2793    3449    3431    3432    3450    
CQUAD4  13442   2794    3450    3432    3428    3427    
$ PSHELL : Defines the properties of a SHELL element.
$[1----][2-------------][3-------------][4-------------][5-------------][6-----]
PSHELL  107     1       .006    1       36.111111                       
PSHELL  108     1       .006    1       36.111111                       
PSHELL  109     1       .006    1       36.111111                       
PSHELL  110     1       .006    1       36.111111                       
PSHELL  111     1       .006    1       36.111111                       
PSHELL  112     1       .006    1       36.111111                       
PSHELL  113     1       .006    1       36.111111                       
PSHELL  114     1       .006    1       36.111111                       
PSHELL  115     1       .006    1       36.111111                       
PSHELL  116     1       .006    1       36.111111                       
PSHELL  117     1       .006    1       36.111111                       
PSHELL  118     1       .006    1       36.111111                       
PSHELL  119     1       .006    1       36.111111                       
PSHELL  120     1       .006    1       36.111111                       
PSHELL  121     1       .006    1       36.111111                       
PSHELL  122     1       .006    1       36.111111                       
PSHELL  123     1       .006    1       36.111111                       
PSHELL  124     1       .006    1       36.111111                       
PSHELL  125     1       .006    1       36.111111                       
PSHELL  126     1       .006    1       36.111111                       
PSHELL  127     1       .006    1       36.111111                       
PSHELL  128     1       .006    1       36.111111                       
PSHELL  129     1       .006    1       36.111111                       
PSHELL  130     1       .006    1       36.111111                       
PSHELL  131     1       .006    1       36.111111                       
PSHELL  132     1       .006    1       36.111111                       
PSHELL  133     1       .006    1       36.111111                       
PSHELL  134     1       .006    1       36.111111                       
PSHELL  135     1       .006    1       36.111111                       
PSHELL  136     1       .006    1       36.111111                       
PSHELL  137     1       .006    1       36.111111                       
PSHELL  138     1       .006    1       36.111111                       
PSHELL  139     1       .006    1       36.111111                       
PSHELL  140     1       .006    1       36.111111                       
PSHELL  141     1       .006    1       36.111111                       
PSHELL  142     1       .006    1       36.111111                       
PSHELL  143     1       .006    1       36.111111                       
PSHELL  144     1       .006    1       36.111111                       
PSHELL  145     1       .006    1       36.111111                       
PSHELL  146     1       .006    1       36.111111                       
PSHELL  147     1       .006    1       36.111111                       
PSHELL  148     1       .006    1       36.111111                       
PSHELL  149     1       .006    1       36.111111                       
PSHELL  150     1       .006    1       36.111111                       
PSHELL  151     1       .006    1       36.111111                       
PSHELL  152     1       .006    1       36.111111                       
PSHELL  153     1       .006    1       36.111111                       
PSHELL  154     1       .006    1       36.111111                       
PSHELL  155     1       .006    1       36.111111                       
PSHELL  156     1       .006    1       36.111111                       
PSHELL  157     1       .006    1       36.111111                       
PSHELL  158     1       .006    1       36.111111                       
PSHELL  159     1       .006    1       36.111111                       
PSHELL  160     1       .006    1       36.111111                       
PSHELL  161     1       .006    1       36.111111                       
PSHELL  162     1       .006    1       36.111111                       
PSHELL  163     1       .006    1       36.111111                       
PSHELL  164     1       .006    1       36.111111                       
PSHELL  165     1       .006    1       36.111111                       
PSHELL  166     1       .006    1       36.111111                       
PSHELL  167     1       .006    1       36.111111                       
PSHELL  168     1       .006    1       36.111111                       
PSHELL  169     1       .006    1       36.111111                       
PSHELL  170     1       .006    1       36.111111                       
PSHELL  171     1       .006    1       36.111111                       
PSHELL  172     1       .006    1       36.111111                       
PSHELL  173     1       .006    1       36.111111                       
PSHELL  174     1       .006    1       36.111111                       
PSHELL  175     1       .006    1       36.111111                       
PSHELL  176     1       .006    1       36.111111                       
PSHELL  177     1       .006    1       36.111111                       
PSHELL  178     1       .006    1       36.111111                       
PSHELL  179     1       .006    1       36.111111                       
PSHELL  180     1       .006    1       36.111111                       
PSHELL  181     1       .006    1       36.111111                       
PSHELL  182     1       .006    1       36.111111                       
PSHELL  183     1       .006    1       36.111111                       
PSHELL  184     1       .006    1       36.111111                       
PSHELL  185     1       .006    1       36.111111                       
PSHELL  186     1       .006    1       36.111111                       
PSHELL  187     1       .006    1       36.111111                       
PSHELL  188     1       .006    1       36.111111                       
PSHELL  189     1       .006    1       36.111111                       
PSHELL  190     1       .006    1       36.111111                       
PSHELL  191     1       .006    1       36.111111                       
PSHELL  192     1       .006    1       36.111111                       
PSHELL  193     1       .006    1       36.111111                       
PSHELL  194     1       .006    1       36.111111                       
PSHELL  195     1       .006    1       36.111111                       
PSHELL  196     1       .006    1       36.111111                       
PSHELL  197     1       .006    1       36.111111                       
PSHELL  198     1       .006    1       36.111111                       
PSHELL  199     1       .006    1       36.111111                       
PSHELL  200     1       .006    1       36.111111                       
PSHELL  201     1       .006    1       36.111111                       
PSHELL  202     1       .006    1       36.111111                       
PSHELL  203     1       .006    1       36.111111                       
PSHELL  204     1       .006    1       36.111111                       
PSHELL  205     1       .006    1       36.111111                       
PSHELL  206     1       .006    1       36.111111                       
PSHELL  207     1       .006    1       36.111111                       
PSHELL  208     1       .006    1       36.111111                       
PSHELL  209     1       .006    1       36.111111                       
PSHELL  210     1       .006    1       36.111111                       
PSHELL  211     1       .006    1       36.111111                       
PSHELL  212     1       .006    1       36.111111                       
PSHELL  213     1       .006    1       36.111111                       
PSHELL  214     1       .006    1       36.111111                       
PSHELL  215     1       .006    1       36.111111                       
PSHELL  216     1       .006    1       36.111111                       
PSHELL  217     1       .006    1       36.111111                       
PSHELL  218     1       .006    1       36.111111                       
PSHELL  219     1       .006    1       36.111111                       
PSHELL  220     1       .006    1       36.111111                       
PSHELL  221     1       .006    1       36.111111                       
PSHELL  222     1       .006    1       36.111111                       
PSHELL  223     1       .006    1       36.111111                       
PSHELL  224     1       .006    1       36.111111                       
PSHELL  225     1       .006    1       36.111111                       
PSHELL  226     1       .006    1       36.111111                       
PSHELL  227     1       .006    1       36.111111                       
PSHELL  228     1       .006    1       36.111111                       
PSHELL  229     1       .006    1       36.111111                       
PSHELL  230     1       .006    1       36.111111                       
PSHELL  231     1       .006    1       36.111111                       
PSHELL  232     1       .006    1       36.111111                       
PSHELL  233     1       .006    1       36.111111                       
PSHELL  234     1       .006    1       36.111111                       
PSHELL  235     1       .006    1       36.111111                       
PSHELL  236     1       .006    1       36.111111                       
PSHELL  237     1       .006    1       36.111111                       
PSHELL  238     1       .006    1       36.111111                       
PSHELL  239     1       .006    1       36.111111                       
PSHELL  240     1       .006    1       36.111111                       
PSHELL  241     1       .006    1       36.111111                       
PSHELL  242     1       .006    1       36.111111                       
PSHELL  243     1       .006    1       36.111111                       
PSHELL  244     1       .006    1       36.111111                       
PSHELL  245     1       .006    1       36.111111                       
PSHELL  246     1       .006    1       36.111111                       
PSHELL  247     1       .006    1       36.111111                       
PSHELL  248     1       .006    1       36.111111                       
PSHELL  249     1       .006    1       36.111111                       
PSHELL  250     1       .006    1       36.111111                       
PSHELL  251     1       .006    1       36.111111                       
PSHELL  252     1       .006    1       36.111111                       
PSHELL  253     1       .006    1       36.111111                       
PSHELL  254     1       .006    1       36.111111                       
PSHELL  255     1       .006    1       36.111111                       
PSHELL  256     1       .006    1       36.111111                       
PSHELL  257     1       .006    1       36.111111                       
PSHELL  258     1       .006    1       36.111111                       
PSHELL  259     1       .006    1       36.111111                       
PSHELL  260     1       .006    1       36.111111                       
PSHELL  261     1       .006    1       36.111111                       
PSHELL  262     1       .006    1       36.111111                       
PSHELL  263     1       .006    1       36.111111                       
PSHELL  264     1       .006    1       36.111111                       
PSHELL  265     1       .006    1       36.111111                       
PSHELL  266     1       .006    1       36.111111                       
PSHELL  267     1       .006    1       36.111111                       
PSHELL  268     1       .006    1       36.111111                       
PSHELL  269     1       .006    1       36.111111                       
PSHELL  270     1       .006    1       36.111111                       
PSHELL  271     1       .006    1       36.111111                       
PSHELL  272     1       .006    1       36.111111                       
PSHELL  273     1       .006    1       36.111111                       
PSHELL  274     1       .006    1       36.111111                       
PSHELL  275     1       .006    1       36.111111                       
PSHELL  276     1       .006    1       36.111111                       
PSHELL  277     1       .006    1       36.111111                       
PSHELL  278     1       .006    1       36.111111                       
PSHELL  279     1       .006    1       36.111111                       
PSHELL  280     1       .006    1       36.111111                       
PSHELL  281     1       .006    1       36.111111                       
PSHELL  282     1       .006    1       36.111111                       
PSHELL  283     1       .006    1       36.111111                       
PSHELL  284     1       .006    1       36.111111                       
PSHELL  285     1       .006    1       36.111111                       
PSHELL  286     1       .006    1       36.111111                       
PSHELL  287     1       .006    1       36.111111                       
PSHELL  288     1       .006    1       36.111111                       
PSHELL  289     1       .006    1       36.111111                       
PSHELL  290     1       .006    1       36.111111                       
PSHELL  291     1       .006    1       36.111111                       
PSHELL  292     1       .006    1       36.111111                       
PSHELL  293     1       .006    1       36.111111                       
PSHELL  294     1       .006    1       36.111111                       
PSHELL  295     1       .006    1       36.111111                       
PSHELL  296     1       .006    1       36.111111                       
PSHELL  297     1       .006    1       36.111111                       
PSHELL  298     1       .006    1       36.111111                       
PSHELL  299     1       .006    1       36.111111                       
PSHELL  300     1       .006    1       36.111111                       
PSHELL  301     1       .006    1       36.111111                       
PSHELL  302     1       .006    1       36.111111                       
PSHELL  303     1       .006    1       36.111111                       
PSHELL  304     1       .006    1       36.111111                       
PSHELL  305     1       .006    1       36.111111                       
PSHELL  306     1       .006    1       36.111111                       
PSHELL  307     1       .006    1       36.111111                       
PSHELL  308     1       .006    1       36.111111                       
PSHELL  309     1       .006    1       36.111111                       
PSHELL  310     1       .006    1       36.111111                       
PSHELL  311     1       .006    1       36.111111                       
PSHELL  312     1       .006    1       36.111111                       
PSHELL  313     1       .006    1       36.111111                       
PSHELL  314     1       .006    1       36.111111                       
PSHELL  315     1       .006    1       36.111111                       
PSHELL  316     1       .006    1       36.111111                       
PSHELL  317     1       .006    1       36.111111                       
PSHELL  318     1       .006    1       36.111111                       
PSHELL  319     1       .006    1       36.111111                       
PSHELL  320     1       .006    1       36.111111                       
PSHELL  321     1       .006    1       36.111111                       
PSHELL  322     1       .006    1       36.111111                       
PSHELL  323     1       .006    1       36.111111                       
PSHELL  324     1       .006    1       36.111111                       
PSHELL  325     1       .006    1       36.111111                       
PSHELL  326     1       .006    1       36.111111                       
PSHELL  327     1       .006    1       36.111111                       
PSHELL  328     1       .006    1       36.111111                       
PSHELL  329     1       .006    1       36.111111                       
PSHELL  330     1       .006    1       36.111111                       
PSHELL  331     1       .006    1       36.111111                       
PSHELL  332     1       .006    1       36.111111                       
PSHELL  333     1       .006    1       36.111111                       
PSHELL  334     1       .006    1       36.111111                       
PSHELL  335     1       .006    1       36.111111                       
PSHELL  336     1       .006    1       36.111111                       
PSHELL  337     1       .006    1       36.111111                       
PSHELL  338     1       .006    1       36.111111                       
PSHELL  339     1       .006    1       36.111111                       
PSHELL  340     1       .006    1       36.111111                       
PSHELL  341     1       .005    1               1                       
PSHELL  342     1       .005    1               1                       
PSHELL  343     1       .005    1               1                       
PSHELL  344     1       .005    1               1                       
PSHELL  345     1       .005    1               1                       
PSHELL  346     1       .005    1               1                       
PSHELL  347     1       .005    1               1                       
PSHELL  348     1       .005    1               1                       
PSHELL  349     1       .005    1               1                       
PSHELL  350     1       .005    1               1                       
PSHELL  351     1       .005    1               1                       
PSHELL  352     1       .005    1               1                       
PSHELL  353     1       .005    1               1                       
PSHELL  354     1       .005    1               1                       
PSHELL  355     1       .005    1               1                       
PSHELL  356     1       .005    1               1                       
PSHELL  357     1       .005    1               1                       
PSHELL  358     1       .005    1               1                       
PSHELL  359     1       .005    1               1                       
PSHELL  360     1       .005    1               1                       
PSHELL  361     1       .005    1               1                       
PSHELL  362     1       .005    1               1                       
PSHELL  363     1       .005    1               1                       
PSHELL  364     1       .005    1               1                       
PSHELL  365     1       .005    1               1                       
PSHELL  366     1       .005    1               1                       
PSHELL  367     1       .005    1               1                       
PSHELL  368     1       .005    1               1                       
PSHELL  369     1       .005    1               1                       
PSHELL  370     1       .005    1               1                       
PSHELL  371     1       .005    1               1                       
PSHELL  372     1       .005    1               1                       
PSHELL  373     1       .005    1               1                       
PSHELL  374     1       .005    1               1                       
PSHELL  375     1       .005    1               1                       
PSHELL  376     1       .005    1               1                       
PSHELL  377     1       .005    1               1                       
PSHELL  378     1       .005    1               1                       
PSHELL  379     1       .005    1               1                       
PSHELL  380     1       .005    1               1                       
PSHELL  381     1       .005    1               1                       
PSHELL  382     1       .005    1               1                       
PSHELL  383     1       .005    1               1                       
PSHELL  384     1       .005    1               1                       
PSHELL  385     1       .005    1               1                       
PSHELL  386     1       .005    1               1                       
PSHELL  387     1       .005    1               1                       
PSHELL  388     1       .005    1               1                       
PSHELL  389     1       .005    1               1                       
PSHELL  390     1       .005    1               1                       
PSHELL  391     1       .005    1               1                       
PSHELL  392     1       .005    1               1                       
PSHELL  393     1       .005    1               1                       
PSHELL  394     1       .005    1               1                       
PSHELL  395     1       .005    1               1                       
PSHELL  396     1       .005    1               1                       
PSHELL  397     1       .005    1               1                       
PSHELL  398     1       .005    1               1                       
PSHELL  399     1       .005    1               1                       
PSHELL  400     1       .005    1               1                       
PSHELL  401     1       .005    1               1                       
PSHELL  402     1       .005    1               1                       
PSHELL  403     1       .005    1               1                       
PSHELL  404     1       .005    1               1                       
PSHELL  405     1       .005    1               1                       
PSHELL  406     1       .005    1               1                       
PSHELL  407     1       .005    1               1                       
PSHELL  408     1       .005    1               1                       
PSHELL  409     1       .005    1               1                       
PSHELL  410     1       .005    1               1                       
PSHELL  411     1       .005    1               1                       
PSHELL  412     1       .005    1               1                       
PSHELL  413     1       .005    1               1                       
PSHELL  414     1       .005    1               1                       
PSHELL  415     1       .005    1               1                       
PSHELL  416     1       .005    1               1                       
PSHELL  417     1       .005    1               1                       
PSHELL  418     1       .005    1               1                       
PSHELL  419     1       .005    1               1                       
PSHELL  420     1       .005    1               1                       
PSHELL  421     1       .005    1               1                       
PSHELL  422     1       .005    1               1                       
PSHELL  423     1       .005    1               1                       
PSHELL  424     1       .005    1               1                       
PSHELL  425     1       .005    1               1                       
PSHELL  426     1       .005    1               1                       
PSHELL  427     1       .005    1               1                       
PSHELL  428     1       .005    1               1                       
PSHELL  429     1       .005    1               1                       
PSHELL  430     1       .005    1               1                       
PSHELL  431     1       .005    1               1                       
PSHELL  432     1       .005    1               1                       
PSHELL  433     1       .005    1               1                       
PSHELL  434     1       .005    1               1                       
PSHELL  435     1       .005    1               1                       
PSHELL  436     1       .005    1               1                       
PSHELL  437     1       .005    1               1                       
PSHELL  438     1       .005    1               1                       
PSHELL  439     1       .005    1               1                       
PSHELL  440     1       .005    1               1                       
PSHELL  441     1       .005    1               1                       
PSHELL  442     1       .005    1               1                       
PSHELL  443     1       .005    1               1                       
PSHELL  444     1       .005    1               1                       
PSHELL  445     1       .005    1               1                       
PSHELL  446     1       .005    1               1                       
PSHELL  447     1       .005    1               1                       
PSHELL  448     1       .005    1               1                       
PSHELL  449     1       .005    1               1                       
PSHELL  450     1       .005    1               1                       
PSHELL  451     1       .005    1               1                       
PSHELL  452     1       .005    1               1                       
PSHELL  453     1       .005    1               1                       
PSHELL  454     1       .005    1               1                       
PSHELL  455     1       .005    1               1                       
PSHELL  456     1       .005    1               1                       
PSHELL  457     1       .005    1               1                       
PSHELL  458     1       .005    1               1                       
PSHELL  459     1       .005    1               1                       
PSHELL  460     1       .005    1               1                       
PSHELL  461     1       .005    1               1                       
PSHELL  462     1       .005    1               1                       
PSHELL  463     1       .005    1               1                       
PSHELL  464     1       .005    1               1                       
PSHELL  465     1       .005    1               1                       
PSHELL  466     1       .005    1               1                       
PSHELL  467     1       .005    1               1                       
PSHELL  468     1       .005    1               1                       
PSHELL  469     1       .005    1               1                       
PSHELL  470     1       .005    1               1                       
PSHELL  471     1       .005    1               1                       
PSHELL  472     1       .005    1               1                       
PSHELL  473     1       .005    1               1                       
PSHELL  474     1       .005    1               1                       
PSHELL  475     1       .005    1               1                       
PSHELL  476     1       .005    1               1                       
PSHELL  477     1       .005    1               1                       
PSHELL  478     1       .005    1               1                       
PSHELL  479     1       .005    1               1                       
PSHELL  480     1       .005    1               1                       
PSHELL  481     1       .005    1               1                       
PSHELL  482     1       .005    1               1                       
PSHELL  483     1       .005    1               1                       
PSHELL  484     1       .005    1               1                       
PSHELL  485     1       .005    1               1                       
PSHELL  486     1       .005    1               1                       
PSHELL  487     1       .005    1               1                       
PSHELL  488     1       .005    1               1                       
PSHELL  489     1       .005    1               1                       
PSHELL  490     1       .005    1               1                       
PSHELL  491     1       .005    1               1                       
PSHELL  492     1       .005    1               1                       
PSHELL  493     1       .005    1               1                       
PSHELL  494     1       .005    1               1                       
PSHELL  495     1       .005    1               1                       
PSHELL  496     1       .005    1               1                       
PSHELL  497     1       .007951 1               1                       
PSHELL  498     1       .007951 1               1                       
PSHELL  499     1       .007951 1               1                       
PSHELL  500     1       .007951 1               1                       
PSHELL  501     1       .007951 1               1                       
PSHELL  502     1       .007951 1               1                       
PSHELL  503     1       .007951 1               1                       
PSHELL  504     1       .007951 1               1                       
PSHELL  505     1       .007951 1               1                       
PSHELL  506     1       .007951 1               1                       
PSHELL  507     1       .007951 1               1                       
PSHELL  508     1       .007951 1               1                       
PSHELL  509     1       .007951 1               1                       
PSHELL  510     1       .007951 1               1                       
PSHELL  511     1       .007951 1               1                       
PSHELL  512     1       .007951 1               1                       
PSHELL  513     1       .007951 1               1                       
PSHELL  514     1       .007951 1               1                       
PSHELL  515     1       .007951 1               1                       
PSHELL  516     1       .007951 1               1                       
PSHELL  517     1       .00597061               1                       
PSHELL  518     1       .00597061               1                       
PSHELL  519     1       .00597061               1                       
PSHELL  520     1       .00597061               1                       
PSHELL  521     1       .00597061               1                       
PSHELL  522     1       .00597061               1                       
PSHELL  523     1       .00785291               1                       
PSHELL  524     1       .00785291               1                       
PSHELL  525     1       .00785291               1                       
PSHELL  526     1       .00785291               1                       
PSHELL  527     1       .00785291               1                       
PSHELL  528     1       .00785291               1                       
PSHELL  529     1       .00785291               1                       
PSHELL  530     1       .00785291               1                       
PSHELL  531     1       .00785291               1                       
PSHELL  532     1       .00785291               1                       
PSHELL  533     1       .00785291               1                       
PSHELL  534     1       .00785291               1                       
PSHELL  535     1       .00785291               1                       
PSHELL  536     1       .00785291               1                       
PSHELL  537     1       .00785291               1                       
PSHELL  538     1       .00785291               1                       
PSHELL  539     1       .00785291               1                       
PSHELL  540     1       .00785291               1                       
PSHELL  541     1       .00785291               1                       
PSHELL  542     1       .00785291               1                       
PSHELL  543     1       .00591181               1                       
PSHELL  544     1       .00591181               1                       
PSHELL  545     1       .00591181               1                       
PSHELL  546     1       .00591181               1                       
PSHELL  547     1       .00591181               1                       
PSHELL  548     1       .00591181               1                       
PSHELL  549     1       .00775491               1                       
PSHELL  550     1       .00775491               1                       
PSHELL  551     1       .00775491               1                       
PSHELL  552     1       .00775491               1                       
PSHELL  553     1       .00775491               1                       
PSHELL  554     1       .00775491               1                       
PSHELL  555     1       .00775491               1                       
PSHELL  556     1       .00775491               1                       
PSHELL  557     1       .00775491               1                       
PSHELL  558     1       .00775491               1                       
PSHELL  559     1       .00775491               1                       
PSHELL  560     1       .00775491               1                       
PSHELL  561     1       .00775491               1                       
PSHELL  562     1       .00775491               1                       
PSHELL  563     1       .00775491               1                       
PSHELL  564     1       .00775491               1                       
PSHELL  565     1       .00775491               1                       
PSHELL  566     1       .00775491               1                       
PSHELL  567     1       .00775491               1                       
PSHELL  568     1       .00775491               1                       
PSHELL  569     1       .00585291               1                       
PSHELL  570     1       .00585291               1                       
PSHELL  571     1       .00585291               1                       
PSHELL  572     1       .00585291               1                       
PSHELL  573     1       .00585291               1                       
PSHELL  574     1       .00585291               1                       
PSHELL  575     1       .00765691               1                       
PSHELL  576     1       .00765691               1                       
PSHELL  577     1       .00765691               1                       
PSHELL  578     1       .00765691               1                       
PSHELL  579     1       .00765691               1                       
PSHELL  580     1       .00765691               1                       
PSHELL  581     1       .00765691               1                       
PSHELL  582     1       .00765691               1                       
PSHELL  583     1       .00765691               1                       
PSHELL  584     1       .00765691               1                       
PSHELL  585     1       .00765691               1                       
PSHELL  586     1       .00765691               1                       
PSHELL  587     1       .00765691               1                       
PSHELL  588     1       .00765691               1                       
PSHELL  589     1       .00765691               1                       
PSHELL  590     1       .00765691               1                       
PSHELL  591     1       .00765691               1                       
PSHELL  592     1       .00765691               1                       
PSHELL  593     1       .00765691               1                       
PSHELL  594     1       .00765691               1                       
PSHELL  595     1       .00579411               1                       
PSHELL  596     1       .00579411               1                       
PSHELL  597     1       .00579411               1                       
PSHELL  598     1       .00579411               1                       
PSHELL  599     1       .00579411               1                       
PSHELL  600     1       .00579411               1                       
PSHELL  601     1       .00755881               1                       
PSHELL  602     1       .00755881               1                       
PSHELL  603     1       .00755881               1                       
PSHELL  604     1       .00755881               1                       
PSHELL  605     1       .00755881               1                       
PSHELL  606     1       .00755881               1                       
PSHELL  607     1       .00755881               1                       
PSHELL  608     1       .00755881               1                       
PSHELL  609     1       .00755881               1                       
PSHELL  610     1       .00755881               1                       
PSHELL  611     1       .00755881               1                       
PSHELL  612     1       .00755881               1                       
PSHELL  613     1       .00755881               1                       
PSHELL  614     1       .00755881               1                       
PSHELL  615     1       .00755881               1                       
PSHELL  616     1       .00755881               1                       
PSHELL  617     1       .00755881               1                       
PSHELL  618     1       .00755881               1                       
PSHELL  619     1       .00755881               1                       
PSHELL  620     1       .00755881               1                       
PSHELL  621     1       .00573531               1                       
PSHELL  622     1       .00573531               1                       
PSHELL  623     1       .00573531               1                       
PSHELL  624     1       .00573531               1                       
PSHELL  625     1       .00573531               1                       
PSHELL  626     1       .00573531               1                       
PSHELL  627     1       .00746081               1                       
PSHELL  628     1       .00746081               1                       
PSHELL  629     1       .00746081               1                       
PSHELL  630     1       .00746081               1                       
PSHELL  631     1       .00746081               1                       
PSHELL  632     1       .00746081               1                       
PSHELL  633     1       .00746081               1                       
PSHELL  634     1       .00746081               1                       
PSHELL  635     1       .00746081               1                       
PSHELL  636     1       .00746081               1                       
PSHELL  637     1       .00746081               1                       
PSHELL  638     1       .00746081               1                       
PSHELL  639     1       .00746081               1                       
PSHELL  640     1       .00746081               1                       
PSHELL  641     1       .00746081               1                       
PSHELL  642     1       .00746081               1                       
PSHELL  643     1       .00746081               1                       
PSHELL  644     1       .00746081               1                       
PSHELL  645     1       .00746081               1                       
PSHELL  646     1       .00746081               1                       
PSHELL  647     1       .00567651               1                       
PSHELL  648     1       .00567651               1                       
PSHELL  649     1       .00567651               1                       
PSHELL  650     1       .00567651               1                       
PSHELL  651     1       .00567651               1                       
PSHELL  652     1       .00567651               1                       
PSHELL  653     1       .00736271               1                       
PSHELL  654     1       .00736271               1                       
PSHELL  655     1       .00736271               1                       
PSHELL  656     1       .00736271               1                       
PSHELL  657     1       .00736271               1                       
PSHELL  658     1       .00736271               1                       
PSHELL  659     1       .00736271               1                       
PSHELL  660     1       .00736271               1                       
PSHELL  661     1       .00736271               1                       
PSHELL  662     1       .00736271               1                       
PSHELL  663     1       .00736271               1                       
PSHELL  664     1       .00736271               1                       
PSHELL  665     1       .00736271               1                       
PSHELL  666     1       .00736271               1                       
PSHELL  667     1       .00736271               1                       
PSHELL  668     1       .00736271               1                       
PSHELL  669     1       .00736271               1                       
PSHELL  670     1       .00736271               1                       
PSHELL  671     1       .00736271               1                       
PSHELL  672     1       .00736271               1                       
PSHELL  673     1       .00561761               1                       
PSHELL  674     1       .00561761               1                       
PSHELL  675     1       .00561761               1                       
PSHELL  676     1       .00561761               1                       
PSHELL  677     1       .00561761               1                       
PSHELL  678     1       .00561761               1                       
PSHELL  679     1       .00726471               1                       
PSHELL  680     1       .00726471               1                       
PSHELL  681     1       .00726471               1                       
PSHELL  682     1       .00726471               1                       
PSHELL  683     1       .00726471               1                       
PSHELL  684     1       .00726471               1                       
PSHELL  685     1       .00726471               1                       
PSHELL  686     1       .00726471               1                       
PSHELL  687     1       .00726471               1                       
PSHELL  688     1       .00726471               1                       
PSHELL  689     1       .00726471               1                       
PSHELL  690     1       .00726471               1                       
PSHELL  691     1       .00726471               1                       
PSHELL  692     1       .00726471               1                       
PSHELL  693     1       .00726471               1                       
PSHELL  694     1       .00726471               1                       
PSHELL  695     1       .00726471               1                       
PSHELL  696     1       .00726471               1                       
PSHELL  697     1       .00726471               1                       
PSHELL  698     1       .00726471               1                       
PSHELL  699     1       .00555881               1                       
PSHELL  700     1       .00555881               1                       
PSHELL  701     1       .00555881               1                       
PSHELL  702     1       .00555881               1                       
PSHELL  703     1       .00555881               1                       
PSHELL  704     1       .00555881               1                       
PSHELL  705     1       .00716671               1                       
PSHELL  706     1       .00716671               1                       
PSHELL  707     1       .00716671               1                       
PSHELL  708     1       .00716671               1                       
PSHELL  709     1       .00716671               1                       
PSHELL  710     1       .00716671               1                       
PSHELL  711     1       .00716671               1                       
PSHELL  712     1       .00716671               1                       
PSHELL  713     1       .00716671               1                       
PSHELL  714     1       .00716671               1                       
PSHELL  715     1       .00716671               1                       
PSHELL  716     1       .00716671               1                       
PSHELL  717     1       .00716671               1                       
PSHELL  718     1       .00716671               1                       
PSHELL  719     1       .00716671               1                       
PSHELL  720     1       .00716671               1                       
PSHELL  721     1       .00716671               1                       
PSHELL  722     1       .00716671               1                       
PSHELL  723     1       .00716671               1                       
PSHELL  724     1       .00716671               1                       
PSHELL  725     1       .0055   1               1                       
PSHELL  726     1       .0055   1               1                       
PSHELL  727     1       .0055   1               1                       
PSHELL  728     1       .0055   1               1                       
PSHELL  729     1       .0055   1               1                       
PSHELL  730     1       .0055   1               1                       
PSHELL  731     1       .00706861               1                       
PSHELL  732     1       .00706861               1                       
PSHELL  733     1       .00706861               1                       
PSHELL  734     1       .00706861               1                       
PSHELL  735     1       .00706861               1                       
PSHELL  736     1       .00706861               1                       
PSHELL  737     1       .00706861               1                       
PSHELL  738     1       .00706861               1                       
PSHELL  739     1       .00706861               1                       
PSHELL  740     1       .00706861               1                       
PSHELL  741     1       .00706861               1                       
PSHELL  742     1       .00706861               1                       
PSHELL  743     1       .00706861               1                       
PSHELL  744     1       .00706861               1                       
PSHELL  745     1       .00706861               1                       
PSHELL  746     1       .00706861               1                       
PSHELL  747     1       .00706861               1                       
PSHELL  748     1       .00706861               1                       
PSHELL  749     1       .00706861               1                       
PSHELL  750     1       .00706861               1                       
PSHELL  751     1       .00544121               1                       
PSHELL  752     1       .00544121               1                       
PSHELL  753     1       .00544121               1                       
PSHELL  754     1       .00544121               1                       
PSHELL  755     1       .00544121               1                       
PSHELL  756     1       .00544121               1                       
PSHELL  757     1       .00697061               1                       
PSHELL  758     1       .00697061               1                       
PSHELL  759     1       .00697061               1                       
PSHELL  760     1       .00697061               1                       
PSHELL  761     1       .00697061               1                       
PSHELL  762     1       .00697061               1                       
PSHELL  763     1       .00697061               1                       
PSHELL  764     1       .00697061               1                       
PSHELL  765     1       .00697061               1                       
PSHELL  766     1       .00697061               1                       
PSHELL  767     1       .00697061               1                       
PSHELL  768     1       .00697061               1                       
PSHELL  769     1       .00697061               1                       
PSHELL  770     1       .00697061               1                       
PSHELL  771     1       .00697061               1                       
PSHELL  772     1       .00697061               1                       
PSHELL  773     1       .00697061               1                       
PSHELL  774     1       .00697061               1                       
PSHELL  775     1       .00697061               1                       
PSHELL  776     1       .00697061               1                       
PSHELL  777     1       .00538241               1                       
PSHELL  778     1       .00538241               1                       
PSHELL  779     1       .00538241               1                       
PSHELL  780     1       .00538241               1                       
PSHELL  781     1       .00538241               1                       
PSHELL  782     1       .00538241               1                       
PSHELL  783     1       .00687251               1                       
PSHELL  784     1       .00687251               1                       
PSHELL  785     1       .00687251               1                       
PSHELL  786     1       .00687251               1                       
PSHELL  787     1       .00687251               1                       
PSHELL  788     1       .00687251               1                       
PSHELL  789     1       .00687251               1                       
PSHELL  790     1       .00687251               1                       
PSHELL  791     1       .00687251               1                       
PSHELL  792     1       .00687251               1                       
PSHELL  793     1       .00687251               1                       
PSHELL  794     1       .00687251               1                       
PSHELL  795     1       .00687251               1                       
PSHELL  796     1       .00687251               1                       
PSHELL  797     1       .00687251               1                       
PSHELL  798     1       .00687251               1                       
PSHELL  799     1       .00687251               1                       
PSHELL  800     1       .00687251               1                       
PSHELL  801     1       .00687251               1                       
PSHELL  802     1       .00687251               1                       
PSHELL  803     1       .00532351               1                       
PSHELL  804     1       .00532351               1                       
PSHELL  805     1       .00532351               1                       
PSHELL  806     1       .00532351               1                       
PSHELL  807     1       .00532351               1                       
PSHELL  808     1       .00532351               1                       
PSHELL  809     1       .00677451               1                       
PSHELL  810     1       .00677451               1                       
PSHELL  811     1       .00677451               1                       
PSHELL  812     1       .00677451               1                       
PSHELL  813     1       .00677451               1                       
PSHELL  814     1       .00677451               1                       
PSHELL  815     1       .00677451               1                       
PSHELL  816     1       .00677451               1                       
PSHELL  817     1       .00677451               1                       
PSHELL  818     1       .00677451               1                       
PSHELL  819     1       .00677451               1                       
PSHELL  820     1       .00677451               1                       
PSHELL  821     1       .00677451               1                       
PSHELL  822     1       .00677451               1                       
PSHELL  823     1       .00677451               1                       
PSHELL  824     1       .00677451               1                       
PSHELL  825     1       .00677451               1                       
PSHELL  826     1       .00677451               1                       
PSHELL  827     1       .00677451               1                       
PSHELL  828     1       .00677451               1                       
PSHELL  829     1       .00526471               1                       
PSHELL  830     1       .00526471               1                       
PSHELL  831     1       .00526471               1                       
PSHELL  832     1       .00526471               1                       
PSHELL  833     1       .00526471               1                       
PSHELL  834     1       .00526471               1                       
PSHELL  835     1       .00667651               1                       
PSHELL  836     1       .00667651               1                       
PSHELL  837     1       .00667651               1                       
PSHELL  838     1       .00667651               1                       
PSHELL  839     1       .00667651               1                       
PSHELL  840     1       .00667651               1                       
PSHELL  841     1       .00667651               1                       
PSHELL  842     1       .00667651               1                       
PSHELL  843     1       .00667651               1                       
PSHELL  844     1       .00667651               1                       
PSHELL  845     1       .00667651               1                       
PSHELL  846     1       .00667651               1                       
PSHELL  847     1       .00667651               1                       
PSHELL  848     1       .00667651               1                       
PSHELL  849     1       .00667651               1                       
PSHELL  850     1       .00667651               1                       
PSHELL  851     1       .00667651               1                       
PSHELL  852     1       .00667651               1                       
PSHELL  853     1       .00667651               1                       
PSHELL  854     1       .00667651               1                       
PSHELL  855     1       .00520591               1                       
PSHELL  856     1       .00520591               1                       
PSHELL  857     1       .00520591               1                       
PSHELL  858     1       .00520591               1                       
PSHELL  859     1       .00520591               1                       
PSHELL  860     1       .00520591               1                       
PSHELL  861     1       .00657841               1                       
PSHELL  862     1       .00657841               1                       
PSHELL  863     1       .00657841               1                       
PSHELL  864     1       .00657841               1                       
PSHELL  865     1       .00657841               1                       
PSHELL  866     1       .00657841               1                       
PSHELL  867     1       .00657841               1                       
PSHELL  868     1       .00657841               1                       
PSHELL  869     1       .00657841               1                       
PSHELL  870     1       .00657841               1                       
PSHELL  871     1       .00657841               1                       
PSHELL  872     1       .00657841               1                       
PSHELL  873     1       .00657841               1                       
PSHELL  874     1       .00657841               1                       
PSHELL  875     1       .00657841               1                       
PSHELL  876     1       .00657841               1                       
PSHELL  877     1       .00657841               1                       
PSHELL  878     1       .00657841               1                       
PSHELL  879     1       .00657841               1                       
PSHELL  880     1       .00657841               1                       
PSHELL  881     1       .00514711               1                       
PSHELL  882     1       .00514711               1                       
PSHELL  883     1       .00514711               1                       
PSHELL  884     1       .00514711               1                       
PSHELL  885     1       .00514711               1                       
PSHELL  886     1       .00514711               1                       
PSHELL  887     1       .00648041               1                       
PSHELL  888     1       .00648041               1                       
PSHELL  889     1       .00648041               1                       
PSHELL  890     1       .00648041               1                       
PSHELL  891     1       .00648041               1                       
PSHELL  892     1       .00648041               1                       
PSHELL  893     1       .00648041               1                       
PSHELL  894     1       .00648041               1                       
PSHELL  895     1       .00648041               1                       
PSHELL  896     1       .00648041               1                       
PSHELL  897     1       .00648041               1                       
PSHELL  898     1       .00648041               1                       
PSHELL  899     1       .00648041               1                       
PSHELL  900     1       .00648041               1                       
PSHELL  901     1       .00648041               1                       
PSHELL  902     1       .00648041               1                       
PSHELL  903     1       .00648041               1                       
PSHELL  904     1       .00648041               1                       
PSHELL  905     1       .00648041               1                       
PSHELL  906     1       .00648041               1                       
PSHELL  907     1       .00508821               1                       
PSHELL  908     1       .00508821               1                       
PSHELL  909     1       .00508821               1                       
PSHELL  910     1       .00508821               1                       
PSHELL  911     1       .00508821               1                       
PSHELL  912     1       .00508821               1                       
PSHELL  913     1       .00638241               1                       
PSHELL  914     1       .00638241               1                       
PSHELL  915     1       .00638241               1                       
PSHELL  916     1       .00638241               1                       
PSHELL  917     1       .00638241               1                       
PSHELL  918     1       .00638241               1                       
PSHELL  919     1       .00638241               1                       
PSHELL  920     1       .00638241               1                       
PSHELL  921     1       .00638241               1                       
PSHELL  922     1       .00638241               1                       
PSHELL  923     1       .00638241               1                       
PSHELL  924     1       .00638241               1                       
PSHELL  925     1       .00638241               1                       
PSHELL  926     1       .00638241               1                       
PSHELL  927     1       .00638241               1                       
PSHELL  928     1       .00638241               1                       
PSHELL  929     1       .00638241               1                       
PSHELL  930     1       .00638241               1                       
PSHELL  931     1       .00638241               1                       
PSHELL  932     1       .00638241               1                       
PSHELL  933     1       .00502941               1                       
PSHELL  934     1       .00502941               1                       
PSHELL  935     1       .00502941               1                       
PSHELL  936     1       .00502941               1                       
PSHELL  937     1       .00502941               1                       
PSHELL  938     1       .00502941               1                       
PSHELL  939     1       .00628431               1                       
PSHELL  940     1       .00628431               1                       
PSHELL  941     1       .00628431               1                       
PSHELL  942     1       .00628431               1                       
PSHELL  943     1       .00628431               1                       
PSHELL  944     1       .00628431               1                       
PSHELL  945     1       .00628431               1                       
PSHELL  946     1       .00628431               1                       
PSHELL  947     1       .00628431               1                       
PSHELL  948     1       .00628431               1                       
PSHELL  949     1       .00628431               1                       
PSHELL  950     1       .00628431               1                       
PSHELL  951     1       .00628431               1                       
PSHELL  952     1       .00628431               1                       
PSHELL  953     1       .00628431               1                       
PSHELL  954     1       .00628431               1                       
PSHELL  955     1       .00628431               1                       
PSHELL  956     1       .00628431               1                       
PSHELL  957     1       .00628431               1                       
PSHELL  958     1       .00628431               1                       
PSHELL  959     1       .00497061               1                       
PSHELL  960     1       .00497061               1                       
PSHELL  961     1       .00497061               1                       
PSHELL  962     1       .00497061               1                       
PSHELL  963     1       .00497061               1                       
PSHELL  964     1       .00497061               1                       
PSHELL  965     1       .00618631               1                       
PSHELL  966     1       .00618631               1                       
PSHELL  967     1       .00618631               1                       
PSHELL  968     1       .00618631               1                       
PSHELL  969     1       .00618631               1                       
PSHELL  970     1       .00618631               1                       
PSHELL  971     1       .00618631               1                       
PSHELL  972     1       .00618631               1                       
PSHELL  973     1       .00618631               1                       
PSHELL  974     1       .00618631               1                       
PSHELL  975     1       .00618631               1                       
PSHELL  976     1       .00618631               1                       
PSHELL  977     1       .00618631               1                       
PSHELL  978     1       .00618631               1                       
PSHELL  979     1       .00618631               1                       
PSHELL  980     1       .00618631               1                       
PSHELL  981     1       .00618631               1                       
PSHELL  982     1       .00618631               1                       
PSHELL  983     1       .00618631               1                       
PSHELL  984     1       .00618631               1                       
PSHELL  985     1       .00491181               1                       
PSHELL  986     1       .00491181               1                       
PSHELL  987     1       .00491181               1                       
PSHELL  988     1       .00491181               1                       
PSHELL  989     1       .00491181               1                       
PSHELL  990     1       .00491181               1                       
PSHELL  991     1       .00608821               1                       
PSHELL  992     1       .00608821               1                       
PSHELL  993     1       .00608821               1                       
PSHELL  994     1       .00608821               1                       
PSHELL  995     1       .00608821               1                       
PSHELL  996     1       .00608821               1                       
PSHELL  997     1       .00608821               1                       
PSHELL  998     1       .00608821               1                       
PSHELL  999     1       .00608821               1                       
PSHELL  1000    1       .00608821               1                       
PSHELL  1001    1       .00608821               1                       
PSHELL  1002    1       .00608821               1                       
PSHELL  1003    1       .00608821               1                       
PSHELL  1004    1       .00608821               1                       
PSHELL  1005    1       .00608821               1                       
PSHELL  1006    1       .00608821               1                       
PSHELL  1007    1       .00608821               1                       
PSHELL  1008    1       .00608821               1                       
PSHELL  1009    1       .00608821               1                       
PSHELL  1010    1       .00608821               1                       
PSHELL  1011    1       .00485291               1                       
PSHELL  1012    1       .00485291               1                       
PSHELL  1013    1       .00485291               1                       
PSHELL  1014    1       .00485291               1                       
PSHELL  1015    1       .00485291               1                       
PSHELL  1016    1       .00485291               1                       
PSHELL  1017    1       .00599021               1                       
PSHELL  1018    1       .00599021               1                       
PSHELL  1019    1       .00599021               1                       
PSHELL  1020    1       .00599021               1                       
PSHELL  1021    1       .00599021               1                       
PSHELL  1022    1       .00599021               1                       
PSHELL  1023    1       .00599021               1                       
PSHELL  1024    1       .00599021               1                       
PSHELL  1025    1       .00599021               1                       
PSHELL  1026    1       .00599021               1                       
PSHELL  1027    1       .00599021               1                       
PSHELL  1028    1       .00599021               1                       
PSHELL  1029    1       .00599021               1                       
PSHELL  1030    1       .00599021               1                       
PSHELL  1031    1       .00599021               1                       
PSHELL  1032    1       .00599021               1                       
PSHELL  1033    1       .00599021               1                       
PSHELL  1034    1       .00599021               1                       
PSHELL  1035    1       .00599021               1                       
PSHELL  1036    1       .00599021               1                       
PSHELL  1037    1       .00479411               1                       
PSHELL  1038    1       .00479411               1                       
PSHELL  1039    1       .00479411               1                       
PSHELL  1040    1       .00479411               1                       
PSHELL  1041    1       .00479411               1                       
PSHELL  1042    1       .00479411               1                       
PSHELL  1043    1       .00589221               1                       
PSHELL  1044    1       .00589221               1                       
PSHELL  1045    1       .00589221               1                       
PSHELL  1046    1       .00589221               1                       
PSHELL  1047    1       .00589221               1                       
PSHELL  1048    1       .00589221               1                       
PSHELL  1049    1       .00589221               1                       
PSHELL  1050    1       .00589221               1                       
PSHELL  1051    1       .00589221               1                       
PSHELL  1052    1       .00589221               1                       
PSHELL  1053    1       .00589221               1                       
PSHELL  1054    1       .00589221               1                       
PSHELL  1055    1       .00589221               1                       
PSHELL  1056    1       .00589221               1                       
PSHELL  1057    1       .00589221               1                       
PSHELL  1058    1       .00589221               1                       
PSHELL  1059    1       .00589221               1                       
PSHELL  1060    1       .00589221               1                       
PSHELL  1061    1       .00589221               1                       
PSHELL  1062    1       .00589221               1                       
PSHELL  1063    1       .00473531               1                       
PSHELL  1064    1       .00473531               1                       
PSHELL  1065    1       .00473531               1                       
PSHELL  1066    1       .00473531               1                       
PSHELL  1067    1       .00473531               1                       
PSHELL  1068    1       .00473531               1                       
PSHELL  1069    1       .00579411               1                       
PSHELL  1070    1       .00579411               1                       
PSHELL  1071    1       .00579411               1                       
PSHELL  1072    1       .00579411               1                       
PSHELL  1073    1       .00579411               1                       
PSHELL  1074    1       .00579411               1                       
PSHELL  1075    1       .00579411               1                       
PSHELL  1076    1       .00579411               1                       
PSHELL  1077    1       .00579411               1                       
PSHELL  1078    1       .00579411               1                       
PSHELL  1079    1       .00579411               1                       
PSHELL  1080    1       .00579411               1                       
PSHELL  1081    1       .00579411               1                       
PSHELL  1082    1       .00579411               1                       
PSHELL  1083    1       .00579411               1                       
PSHELL  1084    1       .00579411               1                       
PSHELL  1085    1       .00579411               1                       
PSHELL  1086    1       .00579411               1                       
PSHELL  1087    1       .00579411               1                       
PSHELL  1088    1       .00579411               1                       
PSHELL  1089    1       .00467651               1                       
PSHELL  1090    1       .00467651               1                       
PSHELL  1091    1       .00467651               1                       
PSHELL  1092    1       .00467651               1                       
PSHELL  1093    1       .00467651               1                       
PSHELL  1094    1       .00467651               1                       
PSHELL  1095    1       .00569611               1                       
PSHELL  1096    1       .00569611               1                       
PSHELL  1097    1       .00569611               1                       
PSHELL  1098    1       .00569611               1                       
PSHELL  1099    1       .00569611               1                       
PSHELL  1100    1       .00569611               1                       
PSHELL  1101    1       .00569611               1                       
PSHELL  1102    1       .00569611               1                       
PSHELL  1103    1       .00569611               1                       
PSHELL  1104    1       .00569611               1                       
PSHELL  1105    1       .00569611               1                       
PSHELL  1106    1       .00569611               1                       
PSHELL  1107    1       .00569611               1                       
PSHELL  1108    1       .00569611               1                       
PSHELL  1109    1       .00569611               1                       
PSHELL  1110    1       .00569611               1                       
PSHELL  1111    1       .00569611               1                       
PSHELL  1112    1       .00569611               1                       
PSHELL  1113    1       .00569611               1                       
PSHELL  1114    1       .00569611               1                       
PSHELL  1115    1       .00461761               1                       
PSHELL  1116    1       .00461761               1                       
PSHELL  1117    1       .00461761               1                       
PSHELL  1118    1       .00461761               1                       
PSHELL  1119    1       .00461761               1                       
PSHELL  1120    1       .00461761               1                       
PSHELL  1121    1       .005598 1               1                       
PSHELL  1122    1       .005598 1               1                       
PSHELL  1123    1       .005598 1               1                       
PSHELL  1124    1       .005598 1               1                       
PSHELL  1125    1       .005598 1               1                       
PSHELL  1126    1       .005598 1               1                       
PSHELL  1127    1       .005598 1               1                       
PSHELL  1128    1       .005598 1               1                       
PSHELL  1129    1       .005598 1               1                       
PSHELL  1130    1       .005598 1               1                       
PSHELL  1131    1       .005598 1               1                       
PSHELL  1132    1       .005598 1               1                       
PSHELL  1133    1       .005598 1               1                       
PSHELL  1134    1       .005598 1               1                       
PSHELL  1135    1       .005598 1               1                       
PSHELL  1136    1       .005598 1               1                       
PSHELL  1137    1       .005598 1               1                       
PSHELL  1138    1       .005598 1               1                       
PSHELL  1139    1       .005598 1               1                       
PSHELL  1140    1       .005598 1               1                       
PSHELL  1141    1       .00455881               1                       
PSHELL  1142    1       .00455881               1                       
PSHELL  1143    1       .00455881               1                       
PSHELL  1144    1       .00455881               1                       
PSHELL  1145    1       .00455881               1                       
PSHELL  1146    1       .00455881               1                       
PSHELL  1147    1       .0055   1               1                       
PSHELL  1148    1       .0055   1               1                       
PSHELL  1149    1       .0055   1               1                       
PSHELL  1150    1       .0055   1               1                       
PSHELL  1151    1       .0055   1               1                       
PSHELL  1152    1       .0055   1               1                       
PSHELL  1153    1       .0055   1               1                       
PSHELL  1154    1       .0055   1               1                       
PSHELL  1155    1       .0055   1               1                       
PSHELL  1156    1       .0055   1               1                       
PSHELL  1157    1       .0055   1               1                       
PSHELL  1158    1       .0055   1               1                       
PSHELL  1159    1       .0055   1               1                       
PSHELL  1160    1       .0055   1               1                       
PSHELL  1161    1       .0055   1               1                       
PSHELL  1162    1       .0055   1               1                       
PSHELL  1163    1       .0055   1               1                       
PSHELL  1164    1       .0055   1               1                       
PSHELL  1165    1       .0055   1               1                       
PSHELL  1166    1       .0055   1               1                       
PSHELL  1167    1       .0045   1               1                       
PSHELL  1168    1       .0045   1               1                       
PSHELL  1169    1       .0045   1               1                       
PSHELL  1170    1       .0045   1               1                       
PSHELL  1171    1       .0045   1               1                       
PSHELL  1172    1       .0045   1               1                       
PSHELL  1173    1       .005402 1               1                       
PSHELL  1174    1       .005402 1               1                       
PSHELL  1175    1       .005402 1               1                       
PSHELL  1176    1       .005402 1               1                       
PSHELL  1177    1       .005402 1               1                       
PSHELL  1178    1       .005402 1               1                       
PSHELL  1179    1       .005402 1               1                       
PSHELL  1180    1       .005402 1               1                       
PSHELL  1181    1       .005402 1               1                       
PSHELL  1182    1       .005402 1               1                       
PSHELL  1183    1       .005402 1               1                       
PSHELL  1184    1       .005402 1               1                       
PSHELL  1185    1       .005402 1               1                       
PSHELL  1186    1       .005402 1               1                       
PSHELL  1187    1       .005402 1               1                       
PSHELL  1188    1       .005402 1               1                       
PSHELL  1189    1       .005402 1               1                       
PSHELL  1190    1       .005402 1               1                       
PSHELL  1191    1       .005402 1               1                       
PSHELL  1192    1       .005402 1               1                       
PSHELL  1193    1       .00444121               1                       
PSHELL  1194    1       .00444121               1                       
PSHELL  1195    1       .00444121               1                       
PSHELL  1196    1       .00444121               1                       
PSHELL  1197    1       .00444121               1                       
PSHELL  1198    1       .00444121               1                       
PSHELL  1199    1       .00531621               1                       
PSHELL  1200    1       .00531621               1                       
PSHELL  1201    1       .00531621               1                       
PSHELL  1202    1       .00531621               1                       
PSHELL  1203    1       .00531621               1                       
PSHELL  1204    1       .00531621               1                       
PSHELL  1205    1       .00531621               1                       
PSHELL  1206    1       .00531621               1                       
PSHELL  1207    1       .00531621               1                       
PSHELL  1208    1       .00531621               1                       
PSHELL  1209    1       .00531621               1                       
PSHELL  1210    1       .00531621               1                       
PSHELL  1211    1       .00531621               1                       
PSHELL  1212    1       .00531621               1                       
PSHELL  1213    1       .00531621               1                       
PSHELL  1214    1       .00531621               1                       
PSHELL  1215    1       .00531621               1                       
PSHELL  1216    1       .00531621               1                       
PSHELL  1217    1       .00531621               1                       
PSHELL  1218    1       .00531621               1                       
PSHELL  1219    1       .00438971               1                       
PSHELL  1220    1       .00438971               1                       
PSHELL  1221    1       .00438971               1                       
PSHELL  1222    1       .00438971               1                       
PSHELL  1223    1       .00438971               1                       
PSHELL  1224    1       .00438971               1                       
PSHELL  1225    1       .00524261               1                       
PSHELL  1226    1       .00524261               1                       
PSHELL  1227    1       .00524261               1                       
PSHELL  1228    1       .00524261               1                       
PSHELL  1229    1       .00524261               1                       
PSHELL  1230    1       .00524261               1                       
PSHELL  1231    1       .00524261               1                       
PSHELL  1232    1       .00524261               1                       
PSHELL  1233    1       .00524261               1                       
PSHELL  1234    1       .00524261               1                       
PSHELL  1235    1       .00524261               1                       
PSHELL  1236    1       .00524261               1                       
PSHELL  1237    1       .00524261               1                       
PSHELL  1238    1       .00524261               1                       
PSHELL  1239    1       .00524261               1                       
PSHELL  1240    1       .00524261               1                       
PSHELL  1241    1       .00524261               1                       
PSHELL  1242    1       .00524261               1                       
PSHELL  1243    1       .00524261               1                       
PSHELL  1244    1       .00524261               1                       
PSHELL  1245    1       .00434561               1                       
PSHELL  1246    1       .00434561               1                       
PSHELL  1247    1       .00434561               1                       
PSHELL  1248    1       .00434561               1                       
PSHELL  1249    1       .00434561               1                       
PSHELL  1250    1       .00434561               1                       
PSHELL  1251    1       .00516911               1                       
PSHELL  1252    1       .00516911               1                       
PSHELL  1253    1       .00516911               1                       
PSHELL  1254    1       .00516911               1                       
PSHELL  1255    1       .00516911               1                       
PSHELL  1256    1       .00516911               1                       
PSHELL  1257    1       .00516911               1                       
PSHELL  1258    1       .00516911               1                       
PSHELL  1259    1       .00516911               1                       
PSHELL  1260    1       .00516911               1                       
PSHELL  1261    1       .00516911               1                       
PSHELL  1262    1       .00516911               1                       
PSHELL  1263    1       .00516911               1                       
PSHELL  1264    1       .00516911               1                       
PSHELL  1265    1       .00516911               1                       
PSHELL  1266    1       .00516911               1                       
PSHELL  1267    1       .00516911               1                       
PSHELL  1268    1       .00516911               1                       
PSHELL  1269    1       .00516911               1                       
PSHELL  1270    1       .00516911               1                       
PSHELL  1271    1       .00430151               1                       
PSHELL  1272    1       .00430151               1                       
PSHELL  1273    1       .00430151               1                       
PSHELL  1274    1       .00430151               1                       
PSHELL  1275    1       .00430151               1                       
PSHELL  1276    1       .00430151               1                       
PSHELL  1277    1       .00509561               1                       
PSHELL  1278    1       .00509561               1                       
PSHELL  1279    1       .00509561               1                       
PSHELL  1280    1       .00509561               1                       
PSHELL  1281    1       .00509561               1                       
PSHELL  1282    1       .00509561               1                       
PSHELL  1283    1       .00509561               1                       
PSHELL  1284    1       .00509561               1                       
PSHELL  1285    1       .00509561               1                       
PSHELL  1286    1       .00509561               1                       
PSHELL  1287    1       .00509561               1                       
PSHELL  1288    1       .00509561               1                       
PSHELL  1289    1       .00509561               1                       
PSHELL  1290    1       .00509561               1                       
PSHELL  1291    1       .00509561               1                       
PSHELL  1292    1       .00509561               1                       
PSHELL  1293    1       .00509561               1                       
PSHELL  1294    1       .00509561               1                       
PSHELL  1295    1       .00509561               1                       
PSHELL  1296    1       .00509561               1                       
PSHELL  1297    1       .00425741               1                       
PSHELL  1298    1       .00425741               1                       
PSHELL  1299    1       .00425741               1                       
PSHELL  1300    1       .00425741               1                       
PSHELL  1301    1       .00425741               1                       
PSHELL  1302    1       .00425741               1                       
PSHELL  1303    1       .00502211               1                       
PSHELL  1304    1       .00502211               1                       
PSHELL  1305    1       .00502211               1                       
PSHELL  1306    1       .00502211               1                       
PSHELL  1307    1       .00502211               1                       
PSHELL  1308    1       .00502211               1                       
PSHELL  1309    1       .00502211               1                       
PSHELL  1310    1       .00502211               1                       
PSHELL  1311    1       .00502211               1                       
PSHELL  1312    1       .00502211               1                       
PSHELL  1313    1       .00502211               1                       
PSHELL  1314    1       .00502211               1                       
PSHELL  1315    1       .00502211               1                       
PSHELL  1316    1       .00502211               1                       
PSHELL  1317    1       .00502211               1                       
PSHELL  1318    1       .00502211               1                       
PSHELL  1319    1       .00502211               1                       
PSHELL  1320    1       .00502211               1                       
PSHELL  1321    1       .00502211               1                       
PSHELL  1322    1       .00502211               1                       
PSHELL  1323    1       .00421321               1                       
PSHELL  1324    1       .00421321               1                       
PSHELL  1325    1       .00421321               1                       
PSHELL  1326    1       .00421321               1                       
PSHELL  1327    1       .00421321               1                       
PSHELL  1328    1       .00421321               1                       
PSHELL  1329    1       .00494851               1                       
PSHELL  1330    1       .00494851               1                       
PSHELL  1331    1       .00494851               1                       
PSHELL  1332    1       .00494851               1                       
PSHELL  1333    1       .00494851               1                       
PSHELL  1334    1       .00494851               1                       
PSHELL  1335    1       .00494851               1                       
PSHELL  1336    1       .00494851               1                       
PSHELL  1337    1       .00494851               1                       
PSHELL  1338    1       .00494851               1                       
PSHELL  1339    1       .00494851               1                       
PSHELL  1340    1       .00494851               1                       
PSHELL  1341    1       .00494851               1                       
PSHELL  1342    1       .00494851               1                       
PSHELL  1343    1       .00494851               1                       
PSHELL  1344    1       .00494851               1                       
PSHELL  1345    1       .00494851               1                       
PSHELL  1346    1       .00494851               1                       
PSHELL  1347    1       .00494851               1                       
PSHELL  1348    1       .00494851               1                       
PSHELL  1349    1       .00416911               1                       
PSHELL  1350    1       .00416911               1                       
PSHELL  1351    1       .00416911               1                       
PSHELL  1352    1       .00416911               1                       
PSHELL  1353    1       .00416911               1                       
PSHELL  1354    1       .00416911               1                       
PSHELL  1355    1       .004875 1               1                       
PSHELL  1356    1       .004875 1               1                       
PSHELL  1357    1       .004875 1               1                       
PSHELL  1358    1       .004875 1               1                       
PSHELL  1359    1       .004875 1               1                       
PSHELL  1360    1       .004875 1               1                       
PSHELL  1361    1       .004875 1               1                       
PSHELL  1362    1       .004875 1               1                       
PSHELL  1363    1       .004875 1               1                       
PSHELL  1364    1       .004875 1               1                       
PSHELL  1365    1       .004875 1               1                       
PSHELL  1366    1       .004875 1               1                       
PSHELL  1367    1       .004875 1               1                       
PSHELL  1368    1       .004875 1               1                       
PSHELL  1369    1       .004875 1               1                       
PSHELL  1370    1       .004875 1               1                       
PSHELL  1371    1       .004875 1               1                       
PSHELL  1372    1       .004875 1               1                       
PSHELL  1373    1       .004875 1               1                       
PSHELL  1374    1       .004875 1               1                       
PSHELL  1375    1       .004125 1               1                       
PSHELL  1376    1       .004125 1               1                       
PSHELL  1377    1       .004125 1               1                       
PSHELL  1378    1       .004125 1               1                       
PSHELL  1379    1       .004125 1               1                       
PSHELL  1380    1       .004125 1               1                       
PSHELL  1381    1       .00480151               1                       
PSHELL  1382    1       .00480151               1                       
PSHELL  1383    1       .00480151               1                       
PSHELL  1384    1       .00480151               1                       
PSHELL  1385    1       .00480151               1                       
PSHELL  1386    1       .00480151               1                       
PSHELL  1387    1       .00480151               1                       
PSHELL  1388    1       .00480151               1                       
PSHELL  1389    1       .00480151               1                       
PSHELL  1390    1       .00480151               1                       
PSHELL  1391    1       .00480151               1                       
PSHELL  1392    1       .00480151               1                       
PSHELL  1393    1       .00480151               1                       
PSHELL  1394    1       .00480151               1                       
PSHELL  1395    1       .00480151               1                       
PSHELL  1396    1       .00480151               1                       
PSHELL  1397    1       .00480151               1                       
PSHELL  1398    1       .00480151               1                       
PSHELL  1399    1       .00480151               1                       
PSHELL  1400    1       .00480151               1                       
PSHELL  1401    1       .00408091               1                       
PSHELL  1402    1       .00408091               1                       
PSHELL  1403    1       .00408091               1                       
PSHELL  1404    1       .00408091               1                       
PSHELL  1405    1       .00408091               1                       
PSHELL  1406    1       .00408091               1                       
PSHELL  1407    1       .00472791               1                       
PSHELL  1408    1       .00472791               1                       
PSHELL  1409    1       .00472791               1                       
PSHELL  1410    1       .00472791               1                       
PSHELL  1411    1       .00472791               1                       
PSHELL  1412    1       .00472791               1                       
PSHELL  1413    1       .00472791               1                       
PSHELL  1414    1       .00472791               1                       
PSHELL  1415    1       .00472791               1                       
PSHELL  1416    1       .00472791               1                       
PSHELL  1417    1       .00472791               1                       
PSHELL  1418    1       .00472791               1                       
PSHELL  1419    1       .00472791               1                       
PSHELL  1420    1       .00472791               1                       
PSHELL  1421    1       .00472791               1                       
PSHELL  1422    1       .00472791               1                       
PSHELL  1423    1       .00472791               1                       
PSHELL  1424    1       .00472791               1                       
PSHELL  1425    1       .00472791               1                       
PSHELL  1426    1       .00472791               1                       
PSHELL  1427    1       .00403681               1                       
PSHELL  1428    1       .00403681               1                       
PSHELL  1429    1       .00403681               1                       
PSHELL  1430    1       .00403681               1                       
PSHELL  1431    1       .00403681               1                       
PSHELL  1432    1       .00403681               1                       
PSHELL  1433    1       .00465441               1                       
PSHELL  1434    1       .00465441               1                       
PSHELL  1435    1       .00465441               1                       
PSHELL  1436    1       .00465441               1                       
PSHELL  1437    1       .00465441               1                       
PSHELL  1438    1       .00465441               1                       
PSHELL  1439    1       .00465441               1                       
PSHELL  1440    1       .00465441               1                       
PSHELL  1441    1       .00465441               1                       
PSHELL  1442    1       .00465441               1                       
PSHELL  1443    1       .00465441               1                       
PSHELL  1444    1       .00465441               1                       
PSHELL  1445    1       .00465441               1                       
PSHELL  1446    1       .00465441               1                       
PSHELL  1447    1       .00465441               1                       
PSHELL  1448    1       .00465441               1                       
PSHELL  1449    1       .00465441               1                       
PSHELL  1450    1       .00465441               1                       
PSHELL  1451    1       .00465441               1                       
PSHELL  1452    1       .00465441               1                       
PSHELL  1453    1       .00399261               1                       
PSHELL  1454    1       .00399261               1                       
PSHELL  1455    1       .00399261               1                       
PSHELL  1456    1       .00399261               1                       
PSHELL  1457    1       .00399261               1                       
PSHELL  1458    1       .00399261               1                       
PSHELL  1459    1       .00458091               1                       
PSHELL  1460    1       .00458091               1                       
PSHELL  1461    1       .00458091               1                       
PSHELL  1462    1       .00458091               1                       
PSHELL  1463    1       .00458091               1                       
PSHELL  1464    1       .00458091               1                       
PSHELL  1465    1       .00458091               1                       
PSHELL  1466    1       .00458091               1                       
PSHELL  1467    1       .00458091               1                       
PSHELL  1468    1       .00458091               1                       
PSHELL  1469    1       .00458091               1                       
PSHELL  1470    1       .00458091               1                       
PSHELL  1471    1       .00458091               1                       
PSHELL  1472    1       .00458091               1                       
PSHELL  1473    1       .00458091               1                       
PSHELL  1474    1       .00458091               1                       
PSHELL  1475    1       .00458091               1                       
PSHELL  1476    1       .00458091               1                       
PSHELL  1477    1       .00458091               1                       
PSHELL  1478    1       .00458091               1                       
PSHELL  1479    1       .00394851               1                       
PSHELL  1480    1       .00394851               1                       
PSHELL  1481    1       .00394851               1                       
PSHELL  1482    1       .00394851               1                       
PSHELL  1483    1       .00394851               1                       
PSHELL  1484    1       .00394851               1                       
PSHELL  1485    1       .00450741               1                       
PSHELL  1486    1       .00450741               1                       
PSHELL  1487    1       .00450741               1                       
PSHELL  1488    1       .00450741               1                       
PSHELL  1489    1       .00450741               1                       
PSHELL  1490    1       .00450741               1                       
PSHELL  1491    1       .00450741               1                       
PSHELL  1492    1       .00450741               1                       
PSHELL  1493    1       .00450741               1                       
PSHELL  1494    1       .00450741               1                       
PSHELL  1495    1       .00450741               1                       
PSHELL  1496    1       .00450741               1                       
PSHELL  1497    1       .00450741               1                       
PSHELL  1498    1       .00450741               1                       
PSHELL  1499    1       .00450741               1                       
PSHELL  1500    1       .00450741               1                       
PSHELL  1501    1       .00450741               1                       
PSHELL  1502    1       .00450741               1                       
PSHELL  1503    1       .00450741               1                       
PSHELL  1504    1       .00450741               1                       
PSHELL  1505    1       .00390441               1                       
PSHELL  1506    1       .00390441               1                       
PSHELL  1507    1       .00390441               1                       
PSHELL  1508    1       .00390441               1                       
PSHELL  1509    1       .00390441               1                       
PSHELL  1510    1       .00390441               1                       
PSHELL  1511    1       .00443381               1                       
PSHELL  1512    1       .00443381               1                       
PSHELL  1513    1       .00443381               1                       
PSHELL  1514    1       .00443381               1                       
PSHELL  1515    1       .00443381               1                       
PSHELL  1516    1       .00443381               1                       
PSHELL  1517    1       .00443381               1                       
PSHELL  1518    1       .00443381               1                       
PSHELL  1519    1       .00443381               1                       
PSHELL  1520    1       .00443381               1                       
PSHELL  1521    1       .00443381               1                       
PSHELL  1522    1       .00443381               1                       
PSHELL  1523    1       .00443381               1                       
PSHELL  1524    1       .00443381               1                       
PSHELL  1525    1       .00443381               1                       
PSHELL  1526    1       .00443381               1                       
PSHELL  1527    1       .00443381               1                       
PSHELL  1528    1       .00443381               1                       
PSHELL  1529    1       .00443381               1                       
PSHELL  1530    1       .00443381               1                       
PSHELL  1531    1       .00386031               1                       
PSHELL  1532    1       .00386031               1                       
PSHELL  1533    1       .00386031               1                       
PSHELL  1534    1       .00386031               1                       
PSHELL  1535    1       .00386031               1                       
PSHELL  1536    1       .00386031               1                       
PSHELL  1537    1       .00436031               1                       
PSHELL  1538    1       .00436031               1                       
PSHELL  1539    1       .00436031               1                       
PSHELL  1540    1       .00436031               1                       
PSHELL  1541    1       .00436031               1                       
PSHELL  1542    1       .00436031               1                       
PSHELL  1543    1       .00436031               1                       
PSHELL  1544    1       .00436031               1                       
PSHELL  1545    1       .00436031               1                       
PSHELL  1546    1       .00436031               1                       
PSHELL  1547    1       .00436031               1                       
PSHELL  1548    1       .00436031               1                       
PSHELL  1549    1       .00436031               1                       
PSHELL  1550    1       .00436031               1                       
PSHELL  1551    1       .00436031               1                       
PSHELL  1552    1       .00436031               1                       
PSHELL  1553    1       .00436031               1                       
PSHELL  1554    1       .00436031               1                       
PSHELL  1555    1       .00436031               1                       
PSHELL  1556    1       .00436031               1                       
PSHELL  1557    1       .00381621               1                       
PSHELL  1558    1       .00381621               1                       
PSHELL  1559    1       .00381621               1                       
PSHELL  1560    1       .00381621               1                       
PSHELL  1561    1       .00381621               1                       
PSHELL  1562    1       .00381621               1                       
PSHELL  1563    1       .00428681               1                       
PSHELL  1564    1       .00428681               1                       
PSHELL  1565    1       .00428681               1                       
PSHELL  1566    1       .00428681               1                       
PSHELL  1567    1       .00428681               1                       
PSHELL  1568    1       .00428681               1                       
PSHELL  1569    1       .00428681               1                       
PSHELL  1570    1       .00428681               1                       
PSHELL  1571    1       .00428681               1                       
PSHELL  1572    1       .00428681               1                       
PSHELL  1573    1       .00428681               1                       
PSHELL  1574    1       .00428681               1                       
PSHELL  1575    1       .00428681               1                       
PSHELL  1576    1       .00428681               1                       
PSHELL  1577    1       .00428681               1                       
PSHELL  1578    1       .00428681               1                       
PSHELL  1579    1       .00428681               1                       
PSHELL  1580    1       .00428681               1                       
PSHELL  1581    1       .00428681               1                       
PSHELL  1582    1       .00428681               1                       
PSHELL  1583    1       .00377211               1                       
PSHELL  1584    1       .00377211               1                       
PSHELL  1585    1       .00377211               1                       
PSHELL  1586    1       .00377211               1                       
PSHELL  1587    1       .00377211               1                       
PSHELL  1588    1       .00377211               1                       
PSHELL  1589    1       .00421321               1                       
PSHELL  1590    1       .00421321               1                       
PSHELL  1591    1       .00421321               1                       
PSHELL  1592    1       .00421321               1                       
PSHELL  1593    1       .00421321               1                       
PSHELL  1594    1       .00421321               1                       
PSHELL  1595    1       .00421321               1                       
PSHELL  1596    1       .00421321               1                       
PSHELL  1597    1       .00421321               1                       
PSHELL  1598    1       .00421321               1                       
PSHELL  1599    1       .00421321               1                       
PSHELL  1600    1       .00421321               1                       
PSHELL  1601    1       .00421321               1                       
PSHELL  1602    1       .00421321               1                       
PSHELL  1603    1       .00421321               1                       
PSHELL  1604    1       .00421321               1                       
PSHELL  1605    1       .00421321               1                       
PSHELL  1606    1       .00421321               1                       
PSHELL  1607    1       .00421321               1                       
PSHELL  1608    1       .00421321               1                       
PSHELL  1609    1       .00372791               1                       
PSHELL  1610    1       .00372791               1                       
PSHELL  1611    1       .00372791               1                       
PSHELL  1612    1       .00372791               1                       
PSHELL  1613    1       .00372791               1                       
PSHELL  1614    1       .00372791               1                       
PSHELL  1615    1       .00413971               1                       
PSHELL  1616    1       .00413971               1                       
PSHELL  1617    1       .00413971               1                       
PSHELL  1618    1       .00413971               1                       
PSHELL  1619    1       .00413971               1                       
PSHELL  1620    1       .00413971               1                       
PSHELL  1621    1       .00413971               1                       
PSHELL  1622    1       .00413971               1                       
PSHELL  1623    1       .00413971               1                       
PSHELL  1624    1       .00413971               1                       
PSHELL  1625    1       .00413971               1                       
PSHELL  1626    1       .00413971               1                       
PSHELL  1627    1       .00413971               1                       
PSHELL  1628    1       .00413971               1                       
PSHELL  1629    1       .00413971               1                       
PSHELL  1630    1       .00413971               1                       
PSHELL  1631    1       .00413971               1                       
PSHELL  1632    1       .00413971               1                       
PSHELL  1633    1       .00413971               1                       
PSHELL  1634    1       .00413971               1                       
PSHELL  1635    1       .00368381               1                       
PSHELL  1636    1       .00368381               1                       
PSHELL  1637    1       .00368381               1                       
PSHELL  1638    1       .00368381               1                       
PSHELL  1639    1       .00368381               1                       
PSHELL  1640    1       .00368381               1                       
PSHELL  1641    1       .00406621               1                       
PSHELL  1642    1       .00406621               1                       
PSHELL  1643    1       .00406621               1                       
PSHELL  1644    1       .00406621               1                       
PSHELL  1645    1       .00406621               1                       
PSHELL  1646    1       .00406621               1                       
PSHELL  1647    1       .00406621               1                       
PSHELL  1648    1       .00406621               1                       
PSHELL  1649    1       .00406621               1                       
PSHELL  1650    1       .00406621               1                       
PSHELL  1651    1       .00406621               1                       
PSHELL  1652    1       .00406621               1                       
PSHELL  1653    1       .00406621               1                       
PSHELL  1654    1       .00406621               1                       
PSHELL  1655    1       .00406621               1                       
PSHELL  1656    1       .00406621               1                       
PSHELL  1657    1       .00406621               1                       
PSHELL  1658    1       .00406621               1                       
PSHELL  1659    1       .00406621               1                       
PSHELL  1660    1       .00406621               1                       
PSHELL  1661    1       .00363971               1                       
PSHELL  1662    1       .00363971               1                       
PSHELL  1663    1       .00363971               1                       
PSHELL  1664    1       .00363971               1                       
PSHELL  1665    1       .00363971               1                       
PSHELL  1666    1       .00363971               1                       
PSHELL  1667    1       .00399261               1                       
PSHELL  1668    1       .00399261               1                       
PSHELL  1669    1       .00399261               1                       
PSHELL  1670    1       .00399261               1                       
PSHELL  1671    1       .00399261               1                       
PSHELL  1672    1       .00399261               1                       
PSHELL  1673    1       .00399261               1                       
PSHELL  1674    1       .00399261               1                       
PSHELL  1675    1       .00399261               1                       
PSHELL  1676    1       .00399261               1                       
PSHELL  1677    1       .00399261               1                       
PSHELL  1678    1       .00399261               1                       
PSHELL  1679    1       .00399261               1                       
PSHELL  1680    1       .00399261               1                       
PSHELL  1681    1       .00399261               1                       
PSHELL  1682    1       .00399261               1                       
PSHELL  1683    1       .00399261               1                       
PSHELL  1684    1       .00399261               1                       
PSHELL  1685    1       .00399261               1                       
PSHELL  1686    1       .00399261               1                       
PSHELL  1687    1       .00359561               1                       
PSHELL  1688    1       .00359561               1                       
PSHELL  1689    1       .00359561               1                       
PSHELL  1690    1       .00359561               1                       
PSHELL  1691    1       .00359561               1                       
PSHELL  1692    1       .00359561               1                       
PSHELL  1693    1       .00391911               1                       
PSHELL  1694    1       .00391911               1                       
PSHELL  1695    1       .00391911               1                       
PSHELL  1696    1       .00391911               1                       
PSHELL  1697    1       .00391911               1                       
PSHELL  1698    1       .00391911               1                       
PSHELL  1699    1       .00391911               1                       
PSHELL  1700    1       .00391911               1                       
PSHELL  1701    1       .00391911               1                       
PSHELL  1702    1       .00391911               1                       
PSHELL  1703    1       .00391911               1                       
PSHELL  1704    1       .00391911               1                       
PSHELL  1705    1       .00391911               1                       
PSHELL  1706    1       .00391911               1                       
PSHELL  1707    1       .00391911               1                       
PSHELL  1708    1       .00391911               1                       
PSHELL  1709    1       .00391911               1                       
PSHELL  1710    1       .00391911               1                       
PSHELL  1711    1       .00391911               1                       
PSHELL  1712    1       .00391911               1                       
PSHELL  1713    1       .00355151               1                       
PSHELL  1714    1       .00355151               1                       
PSHELL  1715    1       .00355151               1                       
PSHELL  1716    1       .00355151               1                       
PSHELL  1717    1       .00355151               1                       
PSHELL  1718    1       .00355151               1                       
PSHELL  1719    1       .00385291               1                       
PSHELL  1720    1       .00385291               1                       
PSHELL  1721    1       .00385291               1                       
PSHELL  1722    1       .00385291               1                       
PSHELL  1723    1       .00385291               1                       
PSHELL  1724    1       .00385291               1                       
PSHELL  1725    1       .00385291               1                       
PSHELL  1726    1       .00385291               1                       
PSHELL  1727    1       .00385291               1                       
PSHELL  1728    1       .00385291               1                       
PSHELL  1729    1       .00385291               1                       
PSHELL  1730    1       .00385291               1                       
PSHELL  1731    1       .00385291               1                       
PSHELL  1732    1       .00385291               1                       
PSHELL  1733    1       .00385291               1                       
PSHELL  1734    1       .00385291               1                       
PSHELL  1735    1       .00385291               1                       
PSHELL  1736    1       .00385291               1                       
PSHELL  1737    1       .00385291               1                       
PSHELL  1738    1       .00385291               1                       
PSHELL  1739    1       .00351181               1                       
PSHELL  1740    1       .00351181               1                       
PSHELL  1741    1       .00351181               1                       
PSHELL  1742    1       .00351181               1                       
PSHELL  1743    1       .00351181               1                       
PSHELL  1744    1       .00351181               1                       
PSHELL  1745    1       .00379411               1                       
PSHELL  1746    1       .00379411               1                       
PSHELL  1747    1       .00379411               1                       
PSHELL  1748    1       .00379411               1                       
PSHELL  1749    1       .00379411               1                       
PSHELL  1750    1       .00379411               1                       
PSHELL  1751    1       .00379411               1                       
PSHELL  1752    1       .00379411               1                       
PSHELL  1753    1       .00379411               1                       
PSHELL  1754    1       .00379411               1                       
PSHELL  1755    1       .00379411               1                       
PSHELL  1756    1       .00379411               1                       
PSHELL  1757    1       .00379411               1                       
PSHELL  1758    1       .00379411               1                       
PSHELL  1759    1       .00379411               1                       
PSHELL  1760    1       .00379411               1                       
PSHELL  1761    1       .00379411               1                       
PSHELL  1762    1       .00379411               1                       
PSHELL  1763    1       .00379411               1                       
PSHELL  1764    1       .00379411               1                       
PSHELL  1765    1       .00347651               1                       
PSHELL  1766    1       .00347651               1                       
PSHELL  1767    1       .00347651               1                       
PSHELL  1768    1       .00347651               1                       
PSHELL  1769    1       .00347651               1                       
PSHELL  1770    1       .00347651               1                       
PSHELL  1771    1       .00373531               1                       
PSHELL  1772    1       .00373531               1                       
PSHELL  1773    1       .00373531               1                       
PSHELL  1774    1       .00373531               1                       
PSHELL  1775    1       .00373531               1                       
PSHELL  1776    1       .00373531               1                       
PSHELL  1777    1       .00373531               1                       
PSHELL  1778    1       .00373531               1                       
PSHELL  1779    1       .00373531               1                       
PSHELL  1780    1       .00373531               1                       
PSHELL  1781    1       .00373531               1                       
PSHELL  1782    1       .00373531               1                       
PSHELL  1783    1       .00373531               1                       
PSHELL  1784    1       .00373531               1                       
PSHELL  1785    1       .00373531               1                       
PSHELL  1786    1       .00373531               1                       
PSHELL  1787    1       .00373531               1                       
PSHELL  1788    1       .00373531               1                       
PSHELL  1789    1       .00373531               1                       
PSHELL  1790    1       .00373531               1                       
PSHELL  1791    1       .00344121               1                       
PSHELL  1792    1       .00344121               1                       
PSHELL  1793    1       .00344121               1                       
PSHELL  1794    1       .00344121               1                       
PSHELL  1795    1       .00344121               1                       
PSHELL  1796    1       .00344121               1                       
PSHELL  1797    1       .00367651               1                       
PSHELL  1798    1       .00367651               1                       
PSHELL  1799    1       .00367651               1                       
PSHELL  1800    1       .00367651               1                       
PSHELL  1801    1       .00367651               1                       
PSHELL  1802    1       .00367651               1                       
PSHELL  1803    1       .00367651               1                       
PSHELL  1804    1       .00367651               1                       
PSHELL  1805    1       .00367651               1                       
PSHELL  1806    1       .00367651               1                       
PSHELL  1807    1       .00367651               1                       
PSHELL  1808    1       .00367651               1                       
PSHELL  1809    1       .00367651               1                       
PSHELL  1810    1       .00367651               1                       
PSHELL  1811    1       .00367651               1                       
PSHELL  1812    1       .00367651               1                       
PSHELL  1813    1       .00367651               1                       
PSHELL  1814    1       .00367651               1                       
PSHELL  1815    1       .00367651               1                       
PSHELL  1816    1       .00367651               1                       
PSHELL  1817    1       .00340591               1                       
PSHELL  1818    1       .00340591               1                       
PSHELL  1819    1       .00340591               1                       
PSHELL  1820    1       .00340591               1                       
PSHELL  1821    1       .00340591               1                       
PSHELL  1822    1       .00340591               1                       
PSHELL  1823    1       .00361761               1                       
PSHELL  1824    1       .00361761               1                       
PSHELL  1825    1       .00361761               1                       
PSHELL  1826    1       .00361761               1                       
PSHELL  1827    1       .00361761               1                       
PSHELL  1828    1       .00361761               1                       
PSHELL  1829    1       .00361761               1                       
PSHELL  1830    1       .00361761               1                       
PSHELL  1831    1       .00361761               1                       
PSHELL  1832    1       .00361761               1                       
PSHELL  1833    1       .00361761               1                       
PSHELL  1834    1       .00361761               1                       
PSHELL  1835    1       .00361761               1                       
PSHELL  1836    1       .00361761               1                       
PSHELL  1837    1       .00361761               1                       
PSHELL  1838    1       .00361761               1                       
PSHELL  1839    1       .00361761               1                       
PSHELL  1840    1       .00361761               1                       
PSHELL  1841    1       .00361761               1                       
PSHELL  1842    1       .00361761               1                       
PSHELL  1843    1       .00337061               1                       
PSHELL  1844    1       .00337061               1                       
PSHELL  1845    1       .00337061               1                       
PSHELL  1846    1       .00337061               1                       
PSHELL  1847    1       .00337061               1                       
PSHELL  1848    1       .00337061               1                       
PSHELL  1849    1       .00355881               1                       
PSHELL  1850    1       .00355881               1                       
PSHELL  1851    1       .00355881               1                       
PSHELL  1852    1       .00355881               1                       
PSHELL  1853    1       .00355881               1                       
PSHELL  1854    1       .00355881               1                       
PSHELL  1855    1       .00355881               1                       
PSHELL  1856    1       .00355881               1                       
PSHELL  1857    1       .00355881               1                       
PSHELL  1858    1       .00355881               1                       
PSHELL  1859    1       .00355881               1                       
PSHELL  1860    1       .00355881               1                       
PSHELL  1861    1       .00355881               1                       
PSHELL  1862    1       .00355881               1                       
PSHELL  1863    1       .00355881               1                       
PSHELL  1864    1       .00355881               1                       
PSHELL  1865    1       .00355881               1                       
PSHELL  1866    1       .00355881               1                       
PSHELL  1867    1       .00355881               1                       
PSHELL  1868    1       .00355881               1                       
PSHELL  1869    1       .00333531               1                       
PSHELL  1870    1       .00333531               1                       
PSHELL  1871    1       .00333531               1                       
PSHELL  1872    1       .00333531               1                       
PSHELL  1873    1       .00333531               1                       
PSHELL  1874    1       .00333531               1                       
PSHELL  1875    1       .0035   1               1                       
PSHELL  1876    1       .0035   1               1                       
PSHELL  1877    1       .0035   1               1                       
PSHELL  1878    1       .0035   1               1                       
PSHELL  1879    1       .0035   1               1                       
PSHELL  1880    1       .0035   1               1                       
PSHELL  1881    1       .0035   1               1                       
PSHELL  1882    1       .0035   1               1                       
PSHELL  1883    1       .0035   1               1                       
PSHELL  1884    1       .0035   1               1                       
PSHELL  1885    1       .0035   1               1                       
PSHELL  1886    1       .0035   1               1                       
PSHELL  1887    1       .0035   1               1                       
PSHELL  1888    1       .0035   1               1                       
PSHELL  1889    1       .0035   1               1                       
PSHELL  1890    1       .0035   1               1                       
PSHELL  1891    1       .0035   1               1                       
PSHELL  1892    1       .0035   1               1                       
PSHELL  1893    1       .0035   1               1                       
PSHELL  1894    1       .0035   1               1                       
PSHELL  1895    1       .0033   1               1                       
PSHELL  1896    1       .0033   1               1                       
PSHELL  1897    1       .0033   1               1                       
PSHELL  1898    1       .0033   1               1                       
PSHELL  1899    1       .0033   1               1                       
PSHELL  1900    1       .0033   1               1                       
PSHELL  1901    1       .00344121               1                       
PSHELL  1902    1       .00344121               1                       
PSHELL  1903    1       .00344121               1                       
PSHELL  1904    1       .00344121               1                       
PSHELL  1905    1       .00344121               1                       
PSHELL  1906    1       .00344121               1                       
PSHELL  1907    1       .00344121               1                       
PSHELL  1908    1       .00344121               1                       
PSHELL  1909    1       .00344121               1                       
PSHELL  1910    1       .00344121               1                       
PSHELL  1911    1       .00344121               1                       
PSHELL  1912    1       .00344121               1                       
PSHELL  1913    1       .00344121               1                       
PSHELL  1914    1       .00344121               1                       
PSHELL  1915    1       .00344121               1                       
PSHELL  1916    1       .00344121               1                       
PSHELL  1917    1       .00344121               1                       
PSHELL  1918    1       .00344121               1                       
PSHELL  1919    1       .00344121               1                       
PSHELL  1920    1       .00344121               1                       
PSHELL  1921    1       .00326471               1                       
PSHELL  1922    1       .00326471               1                       
PSHELL  1923    1       .00326471               1                       
PSHELL  1924    1       .00326471               1                       
PSHELL  1925    1       .00326471               1                       
PSHELL  1926    1       .00326471               1                       
PSHELL  1927    1       .00338241               1                       
PSHELL  1928    1       .00338241               1                       
PSHELL  1929    1       .00338241               1                       
PSHELL  1930    1       .00338241               1                       
PSHELL  1931    1       .00338241               1                       
PSHELL  1932    1       .00338241               1                       
PSHELL  1933    1       .00338241               1                       
PSHELL  1934    1       .00338241               1                       
PSHELL  1935    1       .00338241               1                       
PSHELL  1936    1       .00338241               1                       
PSHELL  1937    1       .00338241               1                       
PSHELL  1938    1       .00338241               1                       
PSHELL  1939    1       .00338241               1                       
PSHELL  1940    1       .00338241               1                       
PSHELL  1941    1       .00338241               1                       
PSHELL  1942    1       .00338241               1                       
PSHELL  1943    1       .00338241               1                       
PSHELL  1944    1       .00338241               1                       
PSHELL  1945    1       .00338241               1                       
PSHELL  1946    1       .00338241               1                       
PSHELL  1947    1       .00322941               1                       
PSHELL  1948    1       .00322941               1                       
PSHELL  1949    1       .00322941               1                       
PSHELL  1950    1       .00322941               1                       
PSHELL  1951    1       .00322941               1                       
PSHELL  1952    1       .00322941               1                       
PSHELL  1953    1       .00332351               1                       
PSHELL  1954    1       .00332351               1                       
PSHELL  1955    1       .00332351               1                       
PSHELL  1956    1       .00332351               1                       
PSHELL  1957    1       .00332351               1                       
PSHELL  1958    1       .00332351               1                       
PSHELL  1959    1       .00332351               1                       
PSHELL  1960    1       .00332351               1                       
PSHELL  1961    1       .00332351               1                       
PSHELL  1962    1       .00332351               1                       
PSHELL  1963    1       .00332351               1                       
PSHELL  1964    1       .00332351               1                       
PSHELL  1965    1       .00332351               1                       
PSHELL  1966    1       .00332351               1                       
PSHELL  1967    1       .00332351               1                       
PSHELL  1968    1       .00332351               1                       
PSHELL  1969    1       .00332351               1                       
PSHELL  1970    1       .00332351               1                       
PSHELL  1971    1       .00332351               1                       
PSHELL  1972    1       .00332351               1                       
PSHELL  1973    1       .00319411               1                       
PSHELL  1974    1       .00319411               1                       
PSHELL  1975    1       .00319411               1                       
PSHELL  1976    1       .00319411               1                       
PSHELL  1977    1       .00319411               1                       
PSHELL  1978    1       .00319411               1                       
PSHELL  1979    1       .00326961               1                       
PSHELL  1980    1       .00326961               1                       
PSHELL  1981    1       .00326961               1                       
PSHELL  1982    1       .00326961               1                       
PSHELL  1983    1       .00326961               1                       
PSHELL  1984    1       .00326961               1                       
PSHELL  1985    1       .00326961               1                       
PSHELL  1986    1       .00326961               1                       
PSHELL  1987    1       .00326961               1                       
PSHELL  1988    1       .00326961               1                       
PSHELL  1989    1       .00326961               1                       
PSHELL  1990    1       .00326961               1                       
PSHELL  1991    1       .00326961               1                       
PSHELL  1992    1       .00326961               1                       
PSHELL  1993    1       .00326961               1                       
PSHELL  1994    1       .00326961               1                       
PSHELL  1995    1       .00326961               1                       
PSHELL  1996    1       .00326961               1                       
PSHELL  1997    1       .00326961               1                       
PSHELL  1998    1       .00326961               1                       
PSHELL  1999    1       .00316181               1                       
PSHELL  2000    1       .00316181               1                       
PSHELL  2001    1       .00316181               1                       
PSHELL  2002    1       .00316181               1                       
PSHELL  2003    1       .00316181               1                       
PSHELL  2004    1       .00316181               1                       
PSHELL  2005    1       .00322061               1                       
PSHELL  2006    1       .00322061               1                       
PSHELL  2007    1       .00322061               1                       
PSHELL  2008    1       .00322061               1                       
PSHELL  2009    1       .00322061               1                       
PSHELL  2010    1       .00322061               1                       
PSHELL  2011    1       .00322061               1                       
PSHELL  2012    1       .00322061               1                       
PSHELL  2013    1       .00322061               1                       
PSHELL  2014    1       .00322061               1                       
PSHELL  2015    1       .00322061               1                       
PSHELL  2016    1       .00322061               1                       
PSHELL  2017    1       .00322061               1                       
PSHELL  2018    1       .00322061               1                       
PSHELL  2019    1       .00322061               1                       
PSHELL  2020    1       .00322061               1                       
PSHELL  2021    1       .00322061               1                       
PSHELL  2022    1       .00322061               1                       
PSHELL  2023    1       .00322061               1                       
PSHELL  2024    1       .00322061               1                       
PSHELL  2025    1       .00313241               1                       
PSHELL  2026    1       .00313241               1                       
PSHELL  2027    1       .00313241               1                       
PSHELL  2028    1       .00313241               1                       
PSHELL  2029    1       .00313241               1                       
PSHELL  2030    1       .00313241               1                       
PSHELL  2031    1       .00317161               1                       
PSHELL  2032    1       .00317161               1                       
PSHELL  2033    1       .00317161               1                       
PSHELL  2034    1       .00317161               1                       
PSHELL  2035    1       .00317161               1                       
PSHELL  2036    1       .00317161               1                       
PSHELL  2037    1       .00317161               1                       
PSHELL  2038    1       .00317161               1                       
PSHELL  2039    1       .00317161               1                       
PSHELL  2040    1       .00317161               1                       
PSHELL  2041    1       .00317161               1                       
PSHELL  2042    1       .00317161               1                       
PSHELL  2043    1       .00317161               1                       
PSHELL  2044    1       .00317161               1                       
PSHELL  2045    1       .00317161               1                       
PSHELL  2046    1       .00317161               1                       
PSHELL  2047    1       .00317161               1                       
PSHELL  2048    1       .00317161               1                       
PSHELL  2049    1       .00317161               1                       
PSHELL  2050    1       .00317161               1                       
PSHELL  2051    1       .00310291               1                       
PSHELL  2052    1       .00310291               1                       
PSHELL  2053    1       .00310291               1                       
PSHELL  2054    1       .00310291               1                       
PSHELL  2055    1       .00310291               1                       
PSHELL  2056    1       .00310291               1                       
PSHELL  2057    1       .00312251               1                       
PSHELL  2058    1       .00312251               1                       
PSHELL  2059    1       .00312251               1                       
PSHELL  2060    1       .00312251               1                       
PSHELL  2061    1       .00312251               1                       
PSHELL  2062    1       .00312251               1                       
PSHELL  2063    1       .00312251               1                       
PSHELL  2064    1       .00312251               1                       
PSHELL  2065    1       .00312251               1                       
PSHELL  2066    1       .00312251               1                       
PSHELL  2067    1       .00312251               1                       
PSHELL  2068    1       .00312251               1                       
PSHELL  2069    1       .00312251               1                       
PSHELL  2070    1       .00312251               1                       
PSHELL  2071    1       .00312251               1                       
PSHELL  2072    1       .00312251               1                       
PSHELL  2073    1       .00312251               1                       
PSHELL  2074    1       .00312251               1                       
PSHELL  2075    1       .00312251               1                       
PSHELL  2076    1       .00312251               1                       
PSHELL  2077    1       .00307351               1                       
PSHELL  2078    1       .00307351               1                       
PSHELL  2079    1       .00307351               1                       
PSHELL  2080    1       .00307351               1                       
PSHELL  2081    1       .00307351               1                       
PSHELL  2082    1       .00307351               1                       
PSHELL  2083    1       .00307351               1                       
PSHELL  2084    1       .00307351               1                       
PSHELL  2085    1       .00307351               1                       
PSHELL  2086    1       .00307351               1                       
PSHELL  2087    1       .00307351               1                       
PSHELL  2088    1       .00307351               1                       
PSHELL  2089    1       .00307351               1                       
PSHELL  2090    1       .00307351               1                       
PSHELL  2091    1       .00307351               1                       
PSHELL  2092    1       .00307351               1                       
PSHELL  2093    1       .00307351               1                       
PSHELL  2094    1       .00307351               1                       
PSHELL  2095    1       .00307351               1                       
PSHELL  2096    1       .00307351               1                       
PSHELL  2097    1       .00307351               1                       
PSHELL  2098    1       .00307351               1                       
PSHELL  2099    1       .00307351               1                       
PSHELL  2100    1       .00307351               1                       
PSHELL  2101    1       .00307351               1                       
PSHELL  2102    1       .00307351               1                       
PSHELL  2103    1       .00304411               1                       
PSHELL  2104    1       .00304411               1                       
PSHELL  2105    1       .00304411               1                       
PSHELL  2106    1       .00304411               1                       
PSHELL  2107    1       .00304411               1                       
PSHELL  2108    1       .00304411               1                       
PSHELL  2109    1       .00302451               1                       
PSHELL  2110    1       .00302451               1                       
PSHELL  2111    1       .00302451               1                       
PSHELL  2112    1       .00302451               1                       
PSHELL  2113    1       .00302451               1                       
PSHELL  2114    1       .00302451               1                       
PSHELL  2115    1       .00302451               1                       
PSHELL  2116    1       .00302451               1                       
PSHELL  2117    1       .00302451               1                       
PSHELL  2118    1       .00302451               1                       
PSHELL  2119    1       .00302451               1                       
PSHELL  2120    1       .00302451               1                       
PSHELL  2121    1       .00302451               1                       
PSHELL  2122    1       .00302451               1                       
PSHELL  2123    1       .00302451               1                       
PSHELL  2124    1       .00302451               1                       
PSHELL  2125    1       .00302451               1                       
PSHELL  2126    1       .00302451               1                       
PSHELL  2127    1       .00302451               1                       
PSHELL  2128    1       .00302451               1                       
PSHELL  2129    1       .00301471               1                       
PSHELL  2130    1       .00301471               1                       
PSHELL  2131    1       .00301471               1                       
PSHELL  2132    1       .00301471               1                       
PSHELL  2133    1       .00301471               1                       
PSHELL  2134    1       .00301471               1                       
PSHELL  2135    1       .004    1       121.875 1                       
PSHELL  2136    1       .004    1       121.875 1                       
PSHELL  2137    1       .004    1       121.875 1                       
PSHELL  2138    1       .004    1       121.875 1                       
PSHELL  2139    1       .004    1       121.875 1                       
PSHELL  2140    1       .004    1       121.875 1                       
PSHELL  2141    1       .004    1       121.875 1                       
PSHELL  2142    1       .004    1       121.875 1                       
PSHELL  2143    1       .004    1       121.875 1                       
PSHELL  2144    1       .004    1       121.875 1                       
PSHELL  2145    1       .004    1       121.875 1                       
PSHELL  2146    1       .004    1       121.875 1                       
PSHELL  2147    1       .004    1       121.875 1                       
PSHELL  2148    1       .004    1       121.875 1                       
PSHELL  2149    1       .004    1       121.875 1                       
PSHELL  2150    1       .004    1       121.875 1                       
PSHELL  2151    1       .004    1       121.875 1                       
PSHELL  2152    1       .004    1       121.875 1                       
PSHELL  2153    1       .004    1       121.875 1                       
PSHELL  2154    1       .004    1       121.875 1                       
PSHELL  2155    1       .004    1       121.875 1                       
PSHELL  2156    1       .004    1       121.875 1                       
PSHELL  2157    1       .004    1       121.875 1                       
PSHELL  2158    1       .004    1       121.875 1                       
PSHELL  2159    1       .004    1       121.875 1                       
PSHELL  2160    1       .004    1       121.875 1                       
PSHELL  2161    1       .004    1       121.875 1                       
PSHELL  2162    1       .004    1       121.875 1                       
PSHELL  2163    1       .004    1       121.875 1                       
PSHELL  2164    1       .004    1       121.875 1                       
PSHELL  2165    1       .005    1       62.4    1                       
PSHELL  2166    1       .005    1       62.4    1                       
PSHELL  2167    1       .005    1       62.4    1                       
PSHELL  2168    1       .005    1       62.4    1                       
PSHELL  2169    1       .005    1       62.4    1                       
PSHELL  2170    1       .005    1       62.4    1                       
PSHELL  2171    1       .005    1       62.4    1                       
PSHELL  2172    1       .005    1       62.4    1                       
PSHELL  2173    1       .005    1       62.4    1                       
PSHELL  2174    1       .005    1       62.4    1                       
PSHELL  2175    1       .005    1       62.4    1                       
PSHELL  2176    1       .005    1       62.4    1                       
PSHELL  2177    1       .005    1       62.4    1                       
PSHELL  2178    1       .005    1       62.4    1                       
PSHELL  2179    1       .005    1       62.4    1                       
PSHELL  2180    1       .005    1       62.4    1                       
PSHELL  2181    1       .005    1       62.4    1                       
PSHELL  2182    1       .005    1       62.4    1                       
PSHELL  2183    1       .005    1       62.4    1                       
PSHELL  2184    1       .005    1       62.4    1                       
PSHELL  2185    1       .005    1       62.4    1                       
PSHELL  2186    1       .005    1       62.4    1                       
PSHELL  2187    1       .005    1       62.4    1                       
PSHELL  2188    1       .005    1       62.4    1                       
PSHELL  2189    1       .005    1       62.4    1                       
PSHELL  2190    1       .005    1       62.4    1                       
PSHELL  2191    1       .005    1       62.4    1                       
PSHELL  2192    1       .005    1       62.4    1                       
PSHELL  2193    1       .005    1       62.4    1                       
PSHELL  2194    1       .005    1       62.4    1                       
PSHELL  2195    1       .003    1               1                       
PSHELL  2196    1       .003    1               1                       
PSHELL  2197    1       .003    1               1                       
PSHELL  2198    1       .003    1               1                       
PSHELL  2199    1       .003    1               1                       
PSHELL  2200    1       .003    1               1                       
PSHELL  2201    1       .003    1               1                       
PSHELL  2202    1       .003    1               1                       
PSHELL  2203    1       .003    1               1                       
PSHELL  2204    1       .003    1               1                       
PSHELL  2205    1       .003    1               1                       
PSHELL  2206    1       .003    1               1                       
PSHELL  2207    1       .003    1               1                       
PSHELL  2208    1       .003    1               1                       
PSHELL  2209    1       .003    1               1                       
PSHELL  2210    1       .003    1               1                       
PSHELL  2211    1       .003    1               1                       
PSHELL  2212    1       .003    1               1                       
PSHELL  2213    1       .003    1               1                       
PSHELL  2214    1       .003    1               1                       
PSHELL  2215    1       .003    1               1                       
PSHELL  2216    1       .003    1               1                       
PSHELL  2217    1       .003    1               1                       
PSHELL  2218    1       .003    1               1                       
PSHELL  2219    1       .003    1               1                       
PSHELL  2220    1       .003    1               1                       
PSHELL  2221    1       .003    1               1                       
PSHELL  2222    1       .003    1               1                       
PSHELL  2223    1       .003    1               1                       
PSHELL  2224    1       .003    1               1                       
PSHELL  2225    1       .003    1               1                       
PSHELL  2226    1       .003    1               1                       
PSHELL  2227    1       .003    1               1                       
PSHELL  2228    1       .003    1               1                       
PSHELL  2229    1       .003    1               1                       
PSHELL  2230    1       .003    1               1                       
PSHELL  2231    1       .003    1               1                       
PSHELL  2232    1       .003    1               1                       
PSHELL  2233    1       .003    1               1                       
PSHELL  2234    1       .003    1               1                       
PSHELL  2235    1       .003    1               1                       
PSHELL  2236    1       .003    1               1                       
PSHELL  2237    1       .003    1               1                       
PSHELL  2238    1       .003    1               1                       
PSHELL  2239    1       .003    1               1                       
PSHELL  2240    1       .003    1               1                       
PSHELL  2241    1       .003    1               1                       
PSHELL  2242    1       .003    1               1                       
PSHELL  2243    1       .003    1               1                       
PSHELL  2244    1       .003    1               1                       
PSHELL  2245    1       .003    1               1                       
PSHELL  2246    1       .003    1               1                       
PSHELL  2247    1       .003    1               1                       
PSHELL  2248    1       .003    1               1                       
PSHELL  2249    1       .003    1               1                       
PSHELL  2250    1       .003    1               1                       
PSHELL  2251    1       .003    1               1                       
PSHELL  2252    1       .003    1               1                       
PSHELL  2253    1       .003    1               1                       
PSHELL  2254    1       .003    1               1                       
PSHELL  2255    1       .003    1               1                       
PSHELL  2256    1       .003    1               1                       
PSHELL  2257    1       .003    1               1                       
PSHELL  2258    1       .003    1               1                       
PSHELL  2259    1       .003    1               1                       
PSHELL  2260    1       .003    1               1                       
PSHELL  2261    1       .003    1               1                       
PSHELL  2262    1       .003    1               1                       
PSHELL  2263    1       .003    1               1                       
PSHELL  2264    1       .003    1               1                       
PSHELL  2265    1       .003    1               1                       
PSHELL  2266    1       .003    1               1                       
PSHELL  2267    1       .003    1               1                       
PSHELL  2268    1       .003    1               1                       
PSHELL  2269    1       .003    1               1                       
PSHELL  2270    1       .003    1               1                       
PSHELL  2271    1       .003    1               1                       
PSHELL  2272    1       .003    1               1                       
PSHELL  2273    1       .003    1               1                       
PSHELL  2274    1       .003    1               1                       
PSHELL  2275    1       .003    1               1                       
PSHELL  2276    1       .003    1               1                       
PSHELL  2277    1       .003    1               1                       
PSHELL  2278    1       .003    1               1                       
PSHELL  2279    1       .003    1               1                       
PSHELL  2280    1       .003    1               1                       
PSHELL  2281    1       .003    1               1                       
PSHELL  2282    1       .003    1               1                       
PSHELL  2283    1       .003    1               1                       
PSHELL  2284    1       .003    1               1                       
PSHELL  2285    1       .003    1               1                       
PSHELL  2286    1       .003    1               1                       
PSHELL  2287    1       .003    1               1                       
PSHELL  2288    1       .003    1               1                       
PSHELL  2289    1       .003    1               1                       
PSHELL  2290    1       .003    1               1                       
PSHELL  2291    1       .003    1               1                       
PSHELL  2292    1       .003    1               1                       
PSHELL  2293    1       .003    1               1                       
PSHELL  2294    1       .003    1               1                       
PSHELL  2295    1       .003    1               1                       
PSHELL  2296    1       .003    1               1                       
PSHELL  2297    1       .003    1               1                       
PSHELL  2298    1       .003    1               1                       
PSHELL  2299    1       .003    1               1                       
PSHELL  2300    1       .003    1               1                       
PSHELL  2301    1       .003    1               1                       
PSHELL  2302    1       .003    1               1                       
PSHELL  2303    1       .003    1               1                       
PSHELL  2304    1       .003    1               1                       
PSHELL  2305    1       .003    1               1                       
PSHELL  2306    1       .003    1               1                       
PSHELL  2307    1       .003    1               1                       
PSHELL  2308    1       .003    1               1                       
PSHELL  2309    1       .003    1               1                       
PSHELL  2310    1       .003    1               1                       
PSHELL  2311    1       .003    1               1                       
PSHELL  2312    1       .003    1               1                       
PSHELL  2313    1       .003    1               1                       
PSHELL  2314    1       .003    1               1                       
PSHELL  2315    1       .003    1               1                       
PSHELL  2316    1       .003    1               1                       
PSHELL  2317    1       .003    1               1                       
PSHELL  2318    1       .003    1               1                       
PSHELL  2319    1       .003    1               1                       
PSHELL  2320    1       .003    1               1                       
PSHELL  2321    1       .003    1               1                       
PSHELL  2322    1       .003    1               1                       
PSHELL  2323    1       .003    1               1                       
PSHELL  2324    1       .003    1               1                       
PSHELL  2325    1       .003    1               1                       
PSHELL  2326    1       .003    1               1                       
PSHELL  2327    1       .003    1               1                       
PSHELL  2328    1       .003    1               1                       
PSHELL  2329    1       .003    1               1                       
PSHELL  2330    1       .003    1               1                       
PSHELL  2331    1       .003    1               1                       
PSHELL  2332    1       .003    1               1                       
PSHELL  2333    1       .003    1               1                       
PSHELL  2334    1       .003    1               1                       
PSHELL  2335    1       .003    1               1                       
PSHELL  2336    1       .003    1               1                       
PSHELL  2337    1       .003    1               1                       
PSHELL  2338    1       .003    1               1                       
PSHELL  2339    1       .003    1               1                       
PSHELL  2340    1       .003    1               1                       
PSHELL  2341    1       .003    1               1                       
PSHELL  2342    1       .003    1               1                       
PSHELL  2343    1       .003    1               1                       
PSHELL  2344    1       .003    1               1                       
PSHELL  2345    1       .003    1               1                       
PSHELL  2346    1       .003    1               1                       
PSHELL  2347    1       .003    1               1                       
PSHELL  2348    1       .003    1               1                       
PSHELL  2349    1       .003    1               1                       
PSHELL  2350    1       .003    1               1                       
PSHELL  2351    1       .003    1               1                       
PSHELL  2352    1       .003    1               1                       
PSHELL  2353    1       .003    1               1                       
PSHELL  2354    1       .003    1               1                       
PSHELL  2355    1       .003    1               1                       
PSHELL  2356    1       .003    1               1                       
PSHELL  2357    1       .003    1               1                       
PSHELL  2358    1       .003    1               1                       
PSHELL  2359    1       .003    1               1                       
PSHELL  2360    1       .003    1               1                       
PSHELL  2361    1       .003    1               1                       
PSHELL  2362    1       .003    1               1                       
PSHELL  2363    1       .003    1               1                       
PSHELL  2364    1       .003    1               1                       
PSHELL  2365    1       .003    1               1                       
PSHELL  2366    1       .003    1               1                       
PSHELL  2367    1       .003    1               1                       
PSHELL  2368    1       .003    1               1                       
PSHELL  2369    1       .003    1               1                       
PSHELL  2370    1       .003    1               1                       
PSHELL  2371    1       .003    1               1                       
PSHELL  2372    1       .003    1               1                       
PSHELL  2373    1       .003    1               1                       
PSHELL  2374    1       .003    1               1                       
PSHELL  2375    1       .003    1               1                       
PSHELL  2376    1       .003    1               1                       
PSHELL  2377    1       .003    1               1                       
PSHELL  2378    1       .003    1               1                       
PSHELL  2379    1       .003    1               1                       
PSHELL  2380    1       .003    1               1                       
PSHELL  2381    1       .003    1               1                       
PSHELL  2382    1       .003    1               1                       
PSHELL  2383    1       .003    1               1                       
PSHELL  2384    1       .003    1               1                       
PSHELL  2385    1       .003    1               1                       
PSHELL  2386    1       .003    1               1                       
PSHELL  2387    1       .003    1               1                       
PSHELL  2388    1       .003    1               1                       
PSHELL  2389    1       .003    1               1                       
PSHELL  2390    1       .003    1               1                       
PSHELL  2391    1       .003    1               1                       
PSHELL  2392    1       .003    1               1                       
PSHELL  2393    1       .003    1               1                       
PSHELL  2394    1       .003    1               1                       
PSHELL  2395    1       .003    1               1                       
PSHELL  2396    1       .003    1               1                       
PSHELL  2397    1       .003    1               1                       
PSHELL  2398    1       .003    1               1                       
PSHELL  2399    1       .003    1               1                       
PSHELL  2400    1       .003    1               1                       
PSHELL  2401    1       .003    1               1                       
PSHELL  2402    1       .003    1               1                       
PSHELL  2403    1       .003    1               1                       
PSHELL  2404    1       .003    1               1                       
PSHELL  2405    1       .003    1               1                       
PSHELL  2406    1       .003    1               1                       
PSHELL  2407    1       .003    1               1                       
PSHELL  2408    1       .003    1               1                       
PSHELL  2409    1       .003    1               1                       
PSHELL  2410    1       .003    1               1                       
PSHELL  2411    1       .003    1               1                       
PSHELL  2412    1       .003    1               1                       
PSHELL  2413    1       .003    1               1                       
PSHELL  2414    1       .003    1               1                       
PSHELL  2415    1       .003    1               1                       
PSHELL  2416    1       .003    1               1                       
PSHELL  2417    1       .003    1               1                       
PSHELL  2418    1       .003    1               1                       
PSHELL  2419    1       .003    1               1                       
PSHELL  2420    1       .003    1               1                       
PSHELL  2421    1       .003    1               1                       
PSHELL  2422    1       .003    1               1                       
PSHELL  2423    1       .003    1               1                       
PSHELL  2424    1       .003    1               1                       
PSHELL  2425    1       .003    1               1                       
PSHELL  2426    1       .003    1               1                       
PSHELL  2427    1       .003    1               1                       
PSHELL  2428    1       .003    1               1                       
PSHELL  2429    1       .003    1               1                       
PSHELL  2430    1       .003    1               1                       
PSHELL  2431    1       .003    1               1                       
PSHELL  2432    1       .003    1               1                       
PSHELL  2433    1       .003    1               1                       
PSHELL  2434    1       .003    1               1                       
PSHELL  2435    1       .003    1               1                       
PSHELL  2436    1       .003    1               1                       
PSHELL  2437    1       .003    1               1                       
PSHELL  2438    1       .003    1               1                       
PSHELL  2439    1       .003    1               1                       
PSHELL  2440    1       .003    1               1                       
PSHELL  2441    1       .003    1               1                       
PSHELL  2442    1       .003    1               1                       
PSHELL  2443    1       .003    1               1                       
PSHELL  2444    1       .003    1               1                       
PSHELL  2445    1       .003    1               1                       
PSHELL  2446    1       .003    1               1                       
PSHELL  2447    1       .003    1               1                       
PSHELL  2448    1       .003    1               1                       
PSHELL  2449    1       .003    1               1                       
PSHELL  2450    1       .003    1               1                       
PSHELL  2451    1       .003    1               1                       
PSHELL  2452    1       .003    1               1                       
PSHELL  2453    1       .003    1               1                       
PSHELL  2454    1       .003    1               1                       
PSHELL  2455    1       .003    1               1                       
PSHELL  2456    1       .003    1               1                       
PSHELL  2457    1       .003    1               1                       
PSHELL  2458    1       .003    1               1                       
PSHELL  2459    1       .003    1               1                       
PSHELL  2460    1       .003    1               1                       
PSHELL  2461    1       .003    1               1                       
PSHELL  2462    1       .003    1               1                       
PSHELL  2463    1       .003    1               1                       
PSHELL  2464    1       .003    1               1                       
PSHELL  2465    1       .003    1               1                       
PSHELL  2466    1       .003    1               1                       
PSHELL  2467    1       .003    1               1                       
PSHELL  2468    1       .003    1               1                       
PSHELL  2469    1       .003    1               1                       
PSHELL  2470    1       .003    1               1                       
PSHELL  2471    1       .003    1               1                       
PSHELL  2472    1       .003    1               1                       
PSHELL  2473    1       .003    1               1                       
PSHELL  2474    1       .003    1               1                       
PSHELL  2475    1       .003    1               1                       
PSHELL  2476    1       .003    1               1                       
PSHELL  2477    1       .003    1               1                       
PSHELL  2478    1       .003    1               1                       
PSHELL  2479    1       .003    1               1                       
PSHELL  2480    1       .003    1               1                       
PSHELL  2481    1       .003    1               1                       
PSHELL  2482    1       .003    1               1                       
PSHELL  2483    1       .003    1               1                       
PSHELL  2484    1       .003    1               1                       
PSHELL  2485    1       .003    1               1                       
PSHELL  2486    1       .003    1               1                       
PSHELL  2487    1       .003    1               1                       
PSHELL  2488    1       .003    1               1                       
PSHELL  2489    1       .003    1               1                       
PSHELL  2490    1       .003    1               1                       
PSHELL  2491    1       .003    1               1                       
PSHELL  2492    1       .003    1               1                       
PSHELL  2493    1       .003    1               1                       
PSHELL  2494    1       .003    1               1                       
PSHELL  2495    1       .003    1               1                       
PSHELL  2496    1       .003    1               1                       
PSHELL  2497    1       .003    1               1                       
PSHELL  2498    1       .003    1               1                       
PSHELL  2499    1       .003    1               1                       
PSHELL  2500    1       .003    1               1                       
PSHELL  2501    1       .003    1               1                       
PSHELL  2502    1       .003    1               1                       
PSHELL  2503    1       .003    1               1                       
PSHELL  2504    1       .003    1               1                       
PSHELL  2505    1       .003    1               1                       
PSHELL  2506    1       .003    1               1                       
PSHELL  2507    1       .003    1               1                       
PSHELL  2508    1       .003    1               1                       
PSHELL  2509    1       .003    1               1                       
PSHELL  2510    1       .003    1               1                       
PSHELL  2511    1       .003    1               1                       
PSHELL  2512    1       .003    1               1                       
PSHELL  2513    1       .003    1               1                       
PSHELL  2514    1       .003    1               1                       
PSHELL  2515    1       .003    1               1                       
PSHELL  2516    1       .003    1               1                       
PSHELL  2517    1       .003    1               1                       
PSHELL  2518    1       .003    1               1                       
PSHELL  2519    1       .003    1               1                       
PSHELL  2520    1       .003    1               1                       
PSHELL  2521    1       .003    1               1                       
PSHELL  2522    1       .003    1               1                       
PSHELL  2523    1       .003    1               1                       
PSHELL  2524    1       .003    1               1                       
PSHELL  2525    1       .003    1               1                       
PSHELL  2526    1       .003    1               1                       
PSHELL  2527    1       .003    1               1                       
PSHELL  2528    1       .003    1               1                       
PSHELL  2529    1       .003    1               1                       
PSHELL  2530    1       .003    1               1                       
PSHELL  2531    1       .003    1               1                       
PSHELL  2532    1       .003    1               1                       
PSHELL  2533    1       .003    1               1                       
PSHELL  2534    1       .003    1               1                       
PSHELL  2535    1       .003    1               1                       
PSHELL  2536    1       .003    1               1                       
PSHELL  2537    1       .003    1               1                       
PSHELL  2538    1       .003    1               1                       
PSHELL  2539    1       .003    1               1                       
PSHELL  2540    1       .003    1               1                       
PSHELL  2541    1       .003    1               1                       
PSHELL  2542    1       .003    1               1                       
PSHELL  2543    1       .003    1               1                       
PSHELL  2544    1       .003    1               1                       
PSHELL  2545    1       .003    1               1                       
PSHELL  2546    1       .003    1               1                       
PSHELL  2547    1       .003    1               1                       
PSHELL  2548    1       .003    1               1                       
PSHELL  2549    1       .003    1               1                       
PSHELL  2550    1       .003    1               1                       
PSHELL  2551    1       .003    1               1                       
PSHELL  2552    1       .003    1               1                       
PSHELL  2553    1       .003    1               1                       
PSHELL  2554    1       .003    1               1                       
PSHELL  2555    1       .003    1               1                       
PSHELL  2556    1       .003    1               1                       
PSHELL  2557    1       .003    1               1                       
PSHELL  2558    1       .003    1               1                       
PSHELL  2559    1       .003    1               1                       
PSHELL  2560    1       .003    1               1                       
PSHELL  2561    1       .003    1               1                       
PSHELL  2562    1       .003    1               1                       
PSHELL  2563    1       .003    1               1                       
PSHELL  2564    1       .003    1               1                       
PSHELL  2565    1       .003    1               1                       
PSHELL  2566    1       .003    1               1                       
PSHELL  2567    1       .003    1               1                       
PSHELL  2568    1       .003    1               1                       
PSHELL  2569    1       .003    1               1                       
PSHELL  2570    1       .003    1               1                       
PSHELL  2571    1       .003    1               1                       
PSHELL  2572    1       .003    1               1                       
PSHELL  2573    1       .003    1               1                       
PSHELL  2574    1       .003    1               1                       
PSHELL  2575    1       .003    1               1                       
PSHELL  2576    1       .003    1               1                       
PSHELL  2577    1       .003    1               1                       
PSHELL  2578    1       .003    1               1                       
PSHELL  2579    1       .003    1               1                       
PSHELL  2580    1       .003    1               1                       
PSHELL  2581    1       .003    1               1                       
PSHELL  2582    1       .003    1               1                       
PSHELL  2583    1       .003    1               1                       
PSHELL  2584    1       .003    1               1                       
PSHELL  2585    1       .003    1               1                       
PSHELL  2586    1       .003    1               1                       
PSHELL  2587    1       .003    1               1                       
PSHELL  2588    1       .003    1               1                       
PSHELL  2589    1       .003    1               1                       
PSHELL  2590    1       .003    1               1                       
PSHELL  2591    1       .003    1               1                       
PSHELL  2592    1       .003    1               1                       
PSHELL  2593    1       .003    1               1                       
PSHELL  2594    1       .003    1               1                       
PSHELL  2595    1       .003    1               1                       
PSHELL  2596    1       .003    1               1                       
PSHELL  2597    1       .003    1               1                       
PSHELL  2598    1       .003    1               1                       
PSHELL  2599    1       .003    1               1                       
PSHELL  2600    1       .003    1               1                       
PSHELL  2601    1       .003    1               1                       
PSHELL  2602    1       .003    1               1                       
PSHELL  2603    1       .003    1               1                       
PSHELL  2604    1       .003    1               1                       
PSHELL  2605    1       .003    1               1                       
PSHELL  2606    1       .003    1               1                       
PSHELL  2607    1       .003    1               1                       
PSHELL  2608    1       .003    1               1                       
PSHELL  2609    1       .003    1               1                       
PSHELL  2610    1       .003    1               1                       
PSHELL  2611    1       .003    1               1                       
PSHELL  2612    1       .003    1               1                       
PSHELL  2613    1       .003    1               1                       
PSHELL  2614    1       .003    1               1                       
PSHELL  2615    1       .003    1               1                       
PSHELL  2616    1       .003    1               1                       
PSHELL  2617    1       .003    1               1                       
PSHELL  2618    1       .003    1               1                       
PSHELL  2619    1       .003    1               1                       
PSHELL  2620    1       .003    1               1                       
PSHELL  2621    1       .003    1               1                       
PSHELL  2622    1       .003    1               1                       
PSHELL  2623    1       .003    1               1                       
PSHELL  2624    1       .003    1               1                       
PSHELL  2625    1       .003    1               1                       
PSHELL  2626    1       .003    1               1                       
PSHELL  2627    1       .003    1               1                       
PSHELL  2628    1       .003    1               1                       
PSHELL  2629    1       .003    1               1                       
PSHELL  2630    1       .003    1               1                       
PSHELL  2631    1       .003    1               1                       
PSHELL  2632    1       .003    1               1                       
PSHELL  2633    1       .003    1               1                       
PSHELL  2634    1       .003    1               1                       
PSHELL  2635    1       .003    1               1                       
PSHELL  2636    1       .003    1               1                       
PSHELL  2637    1       .003    1               1                       
PSHELL  2638    1       .003    1               1                       
PSHELL  2639    1       .003    1               1                       
PSHELL  2640    1       .003    1               1                       
PSHELL  2641    1       .003    1               1                       
PSHELL  2642    1       .003    1               1                       
PSHELL  2643    1       .003    1               1                       
PSHELL  2644    1       .003    1               1                       
PSHELL  2645    1       .003    1               1                       
PSHELL  2646    1       .003    1               1                       
PSHELL  2647    1       .003    1               1                       
PSHELL  2648    1       .003    1               1                       
PSHELL  2649    1       .003    1               1                       
PSHELL  2650    1       .003    1               1                       
PSHELL  2651    1       .003    1               1                       
PSHELL  2652    1       .003    1               1                       
PSHELL  2653    1       .003    1               1                       
PSHELL  2654    1       .003    1               1                       
PSHELL  2655    1       .003    1               1                       
PSHELL  2656    1       .003    1               1                       
PSHELL  2657    1       .003    1               1                       
PSHELL  2658    1       .003    1               1                       
PSHELL  2659    1       .003    1               1                       
PSHELL  2660    1       .003    1               1                       
PSHELL  2661    1       .003    1               1                       
PSHELL  2662    1       .003    1               1                       
PSHELL  2663    1       .003    1               1                       
PSHELL  2664    1       .003    1               1                       
PSHELL  2665    1       .003    1               1                       
PSHELL  2666    1       .003    1               1                       
PSHELL  2667    1       .003    1               1                       
PSHELL  2668    1       .003    1               1                       
PSHELL  2669    1       .003    1               1                       
PSHELL  2670    1       .003    1               1                       
PSHELL  2671    1       .003    1               1                       
PSHELL  2672    1       .003    1               1                       
PSHELL  2673    1       .003    1               1                       
PSHELL  2674    1       .003    1               1                       
PSHELL  2675    1       .003    1               1                       
PSHELL  2676    1       .003    1               1                       
PSHELL  2677    1       .003    1               1                       
PSHELL  2678    1       .003    1               1                       
PSHELL  2679    1       .003    1               1                       
PSHELL  2680    1       .003    1               1                       
PSHELL  2681    1       .003    1               1                       
PSHELL  2682    1       .003    1               1                       
PSHELL  2683    1       .003    1               1                       
PSHELL  2684    1       .003    1               1                       
PSHELL  2685    1       .003    1               1                       
PSHELL  2686    1       .003    1               1                       
PSHELL  2687    1       .003    1               1                       
PSHELL  2688    1       .003    1               1                       
PSHELL  2689    1       .003    1               1                       
PSHELL  2690    1       .003    1               1                       
PSHELL  2691    1       .003    1               1                       
PSHELL  2692    1       .003    1               1                       
PSHELL  2693    1       .003    1               1                       
PSHELL  2694    1       .003    1               1                       
PSHELL  2695    1       .003    1               1                       
PSHELL  2696    1       .003    1               1                       
PSHELL  2697    1       .003    1               1                       
PSHELL  2698    1       .003    1               1                       
PSHELL  2699    1       .003    1               1                       
PSHELL  2700    1       .003    1               1                       
PSHELL  2701    1       .003    1               1                       
PSHELL  2702    1       .003    1               1                       
PSHELL  2703    1       .003    1               1                       
PSHELL  2704    1       .003    1               1                       
PSHELL  2705    1       .003    1               1                       
PSHELL  2706    1       .003    1               1                       
PSHELL  2707    1       .003    1               1                       
PSHELL  2708    1       .003    1               1                       
PSHELL  2709    1       .003    1               1                       
PSHELL  2710    1       .003    1               1                       
PSHELL  2711    1       .003    1               1                       
PSHELL  2712    1       .003    1               1                       
PSHELL  2713    1       .003    1               1                       
PSHELL  2714    1       .003    1               1                       
PSHELL  2715    1       .003    1               1                       
PSHELL  2716    1       .003    1               1                       
PSHELL  2717    1       .003    1               1                       
PSHELL  2718    1       .003    1               1                       
PSHELL  2719    1       .003    1               1                       
PSHELL  2720    1       .003    1               1                       
PSHELL  2721    1       .003    1               1                       
PSHELL  2722    1       .003    1               1                       
PSHELL  2723    1       .003    1               1                       
PSHELL  2724    1       .003    1               1                       
PSHELL  2725    1       .003    1               1                       
PSHELL  2726    1       .003    1               1                       
PSHELL  2727    1       .003    1               1                       
PSHELL  2728    1       .003    1               1                       
PSHELL  2729    1       .003    1               1                       
PSHELL  2730    1       .003    1               1                       
PSHELL  2731    1       .003    1               1                       
PSHELL  2732    1       .003    1               1                       
PSHELL  2733    1       .003    1               1                       
PSHELL  2734    1       .003    1               1                       
PSHELL  2735    1       .003    1               1                       
PSHELL  2736    1       .003    1               1                       
PSHELL  2737    1       .003    1               1                       
PSHELL  2738    1       .003    1               1                       
PSHELL  2739    1       .003    1               1                       
PSHELL  2740    1       .003    1               1                       
PSHELL  2741    1       .003    1               1                       
PSHELL  2742    1       .003    1               1                       
PSHELL  2743    1       .003    1               1                       
PSHELL  2744    1       .003    1               1                       
PSHELL  2745    1       .003    1               1                       
PSHELL  2746    1       .003    1               1                       
PSHELL  2747    1       .003    1               1                       
PSHELL  2748    1       .003    1               1                       
PSHELL  2749    1       .003    1               1                       
PSHELL  2750    1       .003    1               1                       
PSHELL  2751    1       .003    1               1                       
PSHELL  2752    1       .003    1               1                       
PSHELL  2753    1       .003    1               1                       
PSHELL  2754    1       .003    1               1                       
PSHELL  2755    1       .003    1               1                       
PSHELL  2756    1       .003    1               1                       
PSHELL  2757    1       .003    1               1                       
PSHELL  2758    1       .003    1               1                       
PSHELL  2759    1       .003    1               1                       
PSHELL  2760    1       .003    1               1                       
PSHELL  2761    1       .003    1               1                       
PSHELL  2762    1       .003    1               1                       
PSHELL  2763    1       .003    1               1                       
PSHELL  2764    1       .003    1               1                       
PSHELL  2765    1       .003    1               1                       
PSHELL  2766    1       .003    1               1                       
PSHELL  2767    1       .003    1               1                       
PSHELL  2768    1       .003    1               1                       
PSHELL  2769    1       .003    1               1                       
PSHELL  2770    1       .003    1               1                       
PSHELL  2771    1       .003    1               1                       
PSHELL  2772    1       .003    1               1                       
PSHELL  2773    1       .003    1               1                       
PSHELL  2774    1       .003    1               1                       
PSHELL  2775    1       .003    1               1                       
PSHELL  2776    1       .003    1               1                       
PSHELL  2777    1       .003    1               1                       
PSHELL  2778    1       .003    1               1                       
PSHELL  2779    1       .003    1               1                       
PSHELL  2780    1       .003    1               1                       
PSHELL  2781    1       .003    1               1                       
PSHELL  2782    1       .003    1               1                       
PSHELL  2783    1       .003    1               1                       
PSHELL  2784    1       .003    1               1                       
PSHELL  2785    1       .003    1               1                       
PSHELL  2786    1       .003    1               1                       
PSHELL  2787    1       .003    1               1                       
PSHELL  2788    1       .003    1               1                       
PSHELL  2789    1       .003    1               1                       
PSHELL  2790    1       .003    1               1                       
PSHELL  2791    1       .003    1               1                       
PSHELL  2792    1       .003    1               1                       
PSHELL  2793    1       .003    1               1                       
PSHELL  2794    1       .003    1               1                       
$ RBE3: Defines an MPC element.
$[1----][2-----][3-----][4-----][5-----][6-----][7-----][8-----][9-----][10----]
RBE3    13443           3451    123456  .0384615123     1001    1002    
        1003    1004    1005    1006    1007    1008    1009    1010    
        1011    1012    1013    1014    1015    1016    1017    1018    
        1019    1020    1021    1022    1023    1024    1025    1026    
RBE3    13444           3452    123456  .0384615123     1079    1080    
        1081    1082    1083    1084    1085    1086    1087    1088    
        1089    1090    1091    1092    1093    1094    1095    1096    
        1097    1098    1099    1100    1101    1102    1103    1104    
RBE3    13445           3453    123456  .0384615123     1253    1254    
        1255    1256    1257    1258    1259    1260    1261    1262    
        1263    1264    1265    1266    1267    1268    1269    1270    
        1271    1272    1273    1274    1275    1276    1277    1278    
RBE3    13446           3454    123456  .0384615123     1323    1324    
        1325    1326    1327    1328    1329    1330    1331    1332    
        1333    1334    1335    1336    1337    1338    1339    1340    
        1341    1342    1343    1344    1345    1346    1347    1348    
RBE3    13447           3455    123456  .0384615123     1393    1394    
        1395    1396    1397    1398    1399    1400    1401    1402    
        1403    1404    1405    1406    1407    1408    1409    1410    
        1411    1412    1413    1414    1415    1416    1417    1418    
RBE3    13448           3456    123456  .0384615123     1463    1464    
        1465    1466    1467    1468    1469    1470    1471    1472    
        1473    1474    1475    1476    1477    1478    1479    1480    
        1481    1482    1483    1484    1485    1486    1487    1488    
RBE3    13449           3457    123456  .0384615123     1559    1560    
        1561    1562    1563    1564    1565    1566    1567    1568    
        1569    1570    1571    1572    1573    1574    1575    1576    
        1577    1578    1579    1580    1581    1582    1583    1584    
RBE3    13450           3458    123456  .0384615123     1655    1656    
        1657    1658    1659    1660    1661    1662    1663    1664    
        1665    1666    1667    1668    1669    1670    1671    1672    
        1673    1674    1675    1676    1677    1678    1679    1680    
RBE3    13451           3459    123456  .0384615123     1751    1752    
        1753    1754    1755    1756    1757    1758    1759    1760    
        1761    1762    1763    1764    1765    1766    1767    1768    
        1769    1770    1771    1772    1773    1774    1775    1776    
RBE3    13452           3460    123456  .0384615123     1847    1848    
        1849    1850    1851    1852    1853    1854    1855    1856    
        1857    1858    1859    1860    1861    1862    1863    1864    
        1865    1866    1867    1868    1869    1870    1871    1872    
RBE3    13453           3461    123456  .0384615123     1943    1944    
        1945    1946    1947    1948    1949    1950    1951    1952    
        1953    1954    1955    1956    1957    1958    1959    1960    
        1961    1962    1963    1964    1965    1966    1967    1968    
RBE3    13454           3462    123456  .0384615123     2039    2040    
        2041    2042    2043    2044    2045    2046    2047    2048    
        2049    2050    2051    2052    2053    2054    2055    2056    
        2057    2058    2059    2060    2061    2062    2063    2064    
RBE3    13455           3463    123456  .0384615123     2135    2136    
        2137    2138    2139    2140    2141    2142    2143    2144    
        2145    2146    2147    2148    2149    2150    2151    2152    
        2153    2154    2155    2156    2157    2158    2159    2160    
RBE3    13456           3464    123456  .0384615123     2231    2232    
        2233    2234    2235    2236    2237    2238    2239    2240    
        2241    2242    2243    2244    2245    2246    2247    2248    
        2249    2250    2251    2252    2253    2254    2255    2256    
RBE3    13457           3465    123456  .0384615123     2327    2328    
        2329    2330    2331    2332    2333    2334    2335    2336    
        2337    2338    2339    2340    2341    2342    2343    2344    
        2345    2346    2347    2348    2349    2350    2351    2352    
RBE3    13458           3466    123456  .0384615123     2449    2450    
        2451    2452    2453    2454    2455    2456    2457    2458    
        2459    2460    2461    2462    2463    2464    2465    2466    
        2467    2468    2469    2470    2471    2472    2473    2474    
RBE3    13459           3467    123456  .0384615123     2571    2572    
        2573    2574    2575    2576    2577    2578    2579    2580    
        2581    2582    2583    2584    2585    2586    2587    2588    
        2589    2590    2591    2592    2593    2594    2595    2596    
RBE3    13460           3468    123456  .0384615123     2693    2694    
        2695    2696    2697    2698    2699    2700    2701    2702    
        2703    2704    2705    2706    2707    2708    2709    2710    
        2711    2712    2713    2714    2715    2716    2717    2718    
RBE3    13461           3469    123456  .0384615123     2815    2816    
        2817    2818    2819    2820    2821    2822    2823    2824    
        2825    2826    2827    2828    2829    2830    2831    2832    
        2833    2834    2835    2836    2837    2838    2839    2840    
RBE3    13462           3470    123456  .0384615123     2937    2938    
        2939    2940    2941    2942    2943    2944    2945    2946    
        2947    2948    2949    2950    2951    2952    2953    2954    
        2955    2956    2957    2958    2959    2960    2961    2962    
RBE3    13463           3471    123456  .0384615123     3085    3086    
        3087    3088    3089    3090    3091    3092    3093    3094    
        3095    3096    3097    3098    3099    3100    3101    3102    
        3103    3104    3105    3106    3107    3108    3109    3110    
RBE3    13464           3472    123456  .0384615123     3233    3234    
        3235    3236    3237    3238    3239    3240    3241    3242    
        3243    3244    3245    3246    3247    3248    3249    3250    
        3251    3252    3253    3254    3255    3256    3257    3258    
RBE3    13465           3473    123456  .0384615123     3407    3408    
        3409    3410    3411    3412    3413    3414    3415    3416    
        3417    3418    3419    3420    3421    3422    3423    3424    
        3425    3426    3427    3428    3429    3430    3431    3432    
